OrderID,OrderDate,CustomerID,ProductID,Region,Quantity,UnitPrice,Discount
5016,2023-01-01,1068,2037,West,3,6.36,0.05
5049,2023-01-01,1071,2009,South,3,106.44,0.05
5540,2023-01-01,1002,2016,North,6,265.58,0.0
6197,2023-01-01,1075,2006,West,1,38.05,0.05
6480,2023-01-01,1039,2024,East,8,1093.74,0.0
7017,2023-01-01,1053,2042,South,2,11.29,0.0
5014,2023-01-02,1059,2023,South,6,968.6,0.0
5100,2023-01-02,1035,2026,West,7,238.12,0.0
5423,2023-01-02,1031,2020,South,4,288.47,0.05
5613,2023-01-02,1026,2004,North,3,1146.54,0.0
5802,2023-01-02,1018,2036,West,3,19.76,0.05
6079,2023-01-02,1024,2009,South,7,90.94,0.0
6580,2023-01-02,1012,2017,East,2,163.8,0.0
7069,2023-01-02,1005,2018,West,6,251.64,0.1
7231,2023-01-02,1061,2040,East,6,11.62,0.05
7410,2023-01-02,1028,2026,North,6,279.64,0.0
7471,2023-01-02,1012,2007,East,6,46.2,0.0
5172,2023-01-03,1079,2009,South,3,108.97,0.1
5898,2023-01-03,1061,2008,North,3,17.14,0.05
7089,2023-01-03,1036,2037,West,9,14.07,0.05
7136,2023-01-03,1063,2042,East,9,2.88,0.1
7365,2023-01-03,1053,2002,East,7,1453.64,0.15
6800,2023-01-04,1094,2034,West,9,29.11,0.0
5318,2023-01-05,1057,2002,East,3,1372.17,0.05
5342,2023-01-05,1089,2031,South,1,37.63,0.0
5522,2023-01-05,1089,2022,South,2,657.2,0.1
5546,2023-01-05,1057,2006,North,2,40.1,0.0
6117,2023-01-05,1040,2040,South,8,24.7,0.0
6730,2023-01-05,1011,2040,North,7,10.2,0.1
7241,2023-01-05,1030,2042,North,3,4.59,0.05
7414,2023-01-05,1050,2045,East,8,10.75,0.1
7488,2023-01-05,1033,2011,South,6,1161.29,0.05
5332,2023-01-06,1090,2023,East,3,866.08,0.0
6137,2023-01-06,1050,2022,East,7,1165.59,0.0
7144,2023-01-06,1090,2041,East,6,2.86,0.05
7262,2023-01-06,1022,2040,South,6,15.76,0.0
5081,2023-01-07,1014,2010,West,3,54.44,0.05
5712,2023-01-07,1072,2014,North,2,1028.74,0.0
5748,2023-01-07,1019,2003,East,6,1125.75,0.0
6090,2023-01-07,1094,2004,East,7,1094.3,0.0
6340,2023-01-07,1065,2020,West,2,210.36,0.15
6389,2023-01-07,1072,2009,South,6,94.37,0.05
6578,2023-01-07,1002,2001,West,4,984.81,0.1
6632,2023-01-07,1023,2004,South,8,835.88,0.0
7053,2023-01-07,1040,2037,North,4,8.87,0.0
7354,2023-01-07,1096,2040,South,1,14.85,0.1
7419,2023-01-07,1086,2013,South,1,435.07,0.0
7451,2023-01-07,1005,2025,West,1,1112.42,0.0
5602,2023-01-08,1053,2019,North,3,286.41,0.0
6786,2023-01-08,1099,2016,North,3,450.15,0.0
7461,2023-01-08,1005,2010,West,6,64.46,0.0
5689,2023-01-09,1058,2020,West,8,350.23,0.05
6175,2023-01-09,1083,2009,North,9,20.0,0.15
6609,2023-01-09,1042,2003,East,8,1037.34,0.0
6751,2023-01-09,1054,2021,West,5,1002.39,0.05
6868,2023-01-09,1097,2022,West,9,1098.52,0.0
5357,2023-01-10,1070,2002,West,9,1571.18,0.0
5545,2023-01-10,1042,2004,East,5,1541.28,0.1
5691,2023-01-10,1084,2040,North,2,8.13,0.0
7204,2023-01-10,1018,2013,North,1,1024.37,0.0
7235,2023-01-10,1014,2003,North,3,1349.02,0.0
7497,2023-01-10,1060,2016,North,9,105.43,0.0
5724,2023-01-11,1083,2015,South,8,1138.55,0.0
5901,2023-01-11,1029,2026,South,6,162.38,0.15
5982,2023-01-11,1062,2015,West,7,848.45,0.1
6447,2023-01-11,1056,2020,East,9,222.72,0.1
6562,2023-01-11,1011,2010,West,1,86.63,0.05
6809,2023-01-11,1028,2019,South,8,258.45,0.0
5113,2023-01-12,1038,2041,West,6,5.08,0.05
5417,2023-01-12,1094,2009,North,4,17.58,0.1
5866,2023-01-12,1021,2031,West,5,22.91,0.05
6240,2023-01-12,1043,2008,East,8,28.62,0.0
7242,2023-01-12,1030,2004,West,2,1488.34,0.0
7412,2023-01-12,1001,2021,North,2,716.16,0.0
5462,2023-01-13,1037,2003,East,2,1257.65,0.0
6236,2023-01-13,1075,2002,North,9,1320.88,0.1
6378,2023-01-13,1038,2036,South,6,22.56,0.0
6645,2023-01-13,1025,2034,North,4,15.6,0.05
6816,2023-01-13,1089,2023,West,1,229.96,0.1
5189,2023-01-14,1015,2040,South,6,11.07,0.05
5535,2023-01-14,1007,2034,South,2,8.61,0.15
5840,2023-01-14,1025,2032,East,2,5.49,0.1
6272,2023-01-14,1076,2030,West,6,115.58,0.0
6610,2023-01-14,1071,2010,East,3,79.41,0.0
6970,2023-01-14,1028,2023,West,7,739.64,0.0
6996,2023-01-14,1018,2033,West,7,10.78,0.1
7270,2023-01-14,1066,2026,South,2,315.73,0.0
5626,2023-01-15,1079,2011,East,6,402.45,0.0
5774,2023-01-15,1008,2024,South,6,816.94,0.1
6154,2023-01-15,1020,2001,West,7,911.92,0.0
6188,2023-01-15,1035,2011,South,4,970.52,0.0
6214,2023-01-15,1060,2023,West,7,668.38,0.0
6225,2023-01-15,1019,2019,West,2,373.01,0.0
6291,2023-01-15,1022,2043,East,4,3.83,0.05
6398,2023-01-15,1082,2021,South,7,583.35,0.15
6521,2023-01-15,1040,2016,South,9,484.71,0.0
7208,2023-01-15,1087,2035,East,3,39.48,0.0
7229,2023-01-15,1007,2029,North,3,564.45,0.1
7340,2023-01-15,1075,2029,East,6,231.0,0.0
5654,2023-01-16,1037,2006,South,9,15.11,0.1
5767,2023-01-16,1018,2019,North,5,125.38,0.0
5997,2023-01-16,1044,2022,South,2,279.81,0.0
6234,2023-01-16,1081,2001,South,2,1816.16,0.0
6648,2023-01-16,1045,2030,East,8,396.67,0.15
7065,2023-01-16,1006,2001,South,7,1630.0,0.0
5009,2023-01-17,1030,2010,West,6,44.65,0.1
5021,2023-01-17,1009,2015,North,2,498.2,0.1
5266,2023-01-17,1098,2008,West,2,107.35,0.05
5562,2023-01-17,1013,2017,South,1,155.03,0.0
5616,2023-01-17,1019,2022,South,3,248.92,0.0
5851,2023-01-17,1065,2011,North,5,622.91,0.0
6110,2023-01-17,1083,2038,North,1,12.77,0.0
6146,2023-01-17,1075,2024,South,9,303.68,0.0
6149,2023-01-17,1054,2008,North,7,56.5,0.05
6731,2023-01-17,1023,2011,North,3,1140.94,0.15
6940,2023-01-17,1074,2018,South,5,316.06,0.0
6974,2023-01-17,1037,2002,East,1,1793.32,0.0
7236,2023-01-17,1004,2010,East,7,71.12,0.1
5245,2023-01-18,1077,2010,North,1,118.42,0.0
5571,2023-01-18,1093,2043,South,8,6.68,0.0
5676,2023-01-18,1025,2001,South,6,1622.6,0.0
5963,2023-01-18,1092,2031,North,3,28.71,0.0
6371,2023-01-18,1062,2002,East,5,1310.85,0.0
6462,2023-01-18,1061,2023,South,1,821.91,0.1
7375,2023-01-18,1035,2045,West,2,14.81,0.1
5404,2023-01-19,1050,2021,South,5,855.4,0.0
5634,2023-01-19,1093,2001,North,9,1786.57,0.05
5934,2023-01-19,1084,2029,West,7,336.88,0.05
6542,2023-01-19,1067,2002,North,9,1940.25,0.1
6903,2023-01-19,1097,2003,West,9,1342.24,0.05
7181,2023-01-19,1006,2041,East,6,2.32,0.0
5496,2023-01-20,1077,2039,West,2,21.18,0.0
5986,2023-01-20,1053,2043,East,5,6.99,0.05
6324,2023-01-20,1015,2005,West,3,1697.78,0.0
6459,2023-01-20,1061,2007,North,3,91.22,0.05
6907,2023-01-20,1064,2037,East,3,21.41,0.0
7318,2023-01-20,1039,2024,South,7,758.63,0.1
7368,2023-01-20,1016,2028,South,5,304.8,0.0
5115,2023-01-21,1083,2022,West,3,820.89,0.05
5606,2023-01-21,1095,2011,South,4,1090.0,0.05
6081,2023-01-21,1038,2003,East,3,1462.58,0.0
6122,2023-01-21,1056,2028,South,3,323.74,0.0
6126,2023-01-21,1063,2044,West,3,10.45,0.15
6780,2023-01-21,1092,2040,South,2,7.06,0.15
6955,2023-01-21,1099,2020,West,1,245.63,0.1
5471,2023-01-22,1016,2033,East,1,38.51,0.05
5998,2023-01-22,1075,2021,North,5,209.51,0.1
6073,2023-01-22,1016,2005,West,2,1260.86,0.0
6531,2023-01-22,1068,2024,East,5,1192.29,0.1
6850,2023-01-22,1096,2003,East,5,1920.53,0.0
7254,2023-01-22,1066,2031,South,1,8.01,0.0
5588,2023-01-23,1068,2027,West,1,447.54,0.0
5907,2023-01-23,1098,2039,South,9,9.03,0.0
6097,2023-01-23,1011,2031,West,2,26.55,0.0
6747,2023-01-23,1059,2006,West,9,76.42,0.0
7271,2023-01-23,1006,2021,East,2,394.53,0.0
7371,2023-01-23,1074,2025,East,4,516.99,0.15
5108,2023-01-24,1004,2044,East,2,14.72,0.0
5624,2023-01-24,1053,2011,West,4,963.72,0.1
5835,2023-01-24,1051,2005,North,8,819.52,0.0
6231,2023-01-24,1009,2037,West,6,18.35,0.05
6851,2023-01-24,1096,2038,West,7,8.23,0.0
7189,2023-01-24,1059,2021,East,2,669.54,0.15
7279,2023-01-24,1009,2037,South,4,6.94,0.0
7466,2023-01-24,1047,2044,North,8,2.95,0.15
7469,2023-01-24,1030,2001,South,2,1686.31,0.1
5181,2023-01-25,1046,2040,North,1,13.41,0.1
5443,2023-01-25,1068,2009,East,9,103.89,0.0
5727,2023-01-25,1099,2007,West,4,121.55,0.0
5746,2023-01-25,1046,2007,South,1,63.25,0.0
6469,2023-01-25,1081,2002,West,1,1495.24,0.1
6697,2023-01-25,1047,2010,West,4,95.88,0.1
7239,2023-01-25,1047,2002,East,1,1809.77,0.0
7316,2023-01-25,1016,2041,West,4,3.47,0.0
7352,2023-01-25,1074,2030,South,3,415.14,0.1
5425,2023-01-26,1060,2033,South,8,27.55,0.15
6626,2023-01-26,1080,2017,West,2,112.62,0.1
6812,2023-01-26,1031,2041,West,9,8.73,0.1
6821,2023-01-26,1077,2019,North,9,276.93,0.0
7063,2023-01-26,1066,2017,East,4,476.35,0.15
5129,2023-01-27,1034,2016,North,4,230.46,0.05
5670,2023-01-27,1015,2012,South,6,489.77,0.0
5906,2023-01-27,1084,2020,East,1,450.9,0.15
6275,2023-01-27,1068,2025,West,9,933.95,0.1
6724,2023-01-27,1052,2004,West,9,1126.63,0.0
6908,2023-01-27,1048,2040,West,3,3.01,0.05
7345,2023-01-27,1076,2008,East,3,116.82,0.15
5095,2023-01-28,1053,2010,East,1,126.37,0.05
5377,2023-01-28,1020,2002,West,7,915.1,0.05
5920,2023-01-28,1072,2001,East,3,1421.22,0.0
6044,2023-01-28,1035,2020,East,3,379.55,0.0
6627,2023-01-28,1013,2041,West,7,5.94,0.1
6858,2023-01-28,1016,2039,East,4,4.01,0.05
7035,2023-01-28,1038,2042,South,3,13.11,0.1
7428,2023-01-28,1004,2004,South,4,1521.94,0.0
5145,2023-01-29,1077,2005,South,5,1383.96,0.0
5246,2023-01-29,1028,2021,North,1,444.73,0.0
5360,2023-01-29,1095,2042,West,4,3.3,0.0
5576,2023-01-29,1011,2030,East,1,421.13,0.1
5628,2023-01-29,1096,2025,South,8,1095.93,0.1
5773,2023-01-29,1065,2025,West,8,885.37,0.0
5790,2023-01-29,1003,2035,South,1,11.16,0.15
5794,2023-01-29,1076,2031,South,5,11.13,0.0
5913,2023-01-29,1057,2001,North,2,1252.87,0.1
6418,2023-01-29,1011,2038,East,9,15.17,0.1
6766,2023-01-29,1014,2018,South,9,183.34,0.1
6949,2023-01-29,1021,2030,South,3,319.4,0.05
6997,2023-01-29,1053,2004,North,9,1783.78,0.1
7381,2023-01-29,1003,2009,South,1,77.35,0.0
5029,2023-01-30,1021,2033,West,8,7.0,0.05
5620,2023-01-30,1079,2003,East,7,1195.05,0.05
5861,2023-01-30,1074,2031,East,1,18.76,0.05
6488,2023-01-30,1054,2042,West,8,13.3,0.1
6511,2023-01-30,1084,2024,South,3,264.66,0.0
7421,2023-01-30,1013,2018,East,7,442.56,0.0
7493,2023-01-30,1022,2039,North,2,12.37,0.15
5307,2023-01-31,1027,2030,West,3,416.39,0.05
5754,2023-01-31,1076,2009,East,2,20.74,0.0
5867,2023-01-31,1015,2010,West,5,49.92,0.1
6243,2023-01-31,1043,2038,South,1,17.37,0.0
6320,2023-01-31,1030,2005,East,9,1805.68,0.1
6405,2023-01-31,1093,2045,South,9,3.57,0.1
6520,2023-01-31,1072,2011,North,1,771.48,0.1
6527,2023-01-31,1046,2018,South,8,139.38,0.0
6586,2023-01-31,1045,2023,North,3,481.45,0.0
6603,2023-01-31,1100,2002,South,5,1749.54,0.1
6667,2023-01-31,1053,2014,West,6,1055.79,0.15
6684,2023-01-31,1073,2016,West,7,468.81,0.0
6714,2023-01-31,1035,2005,East,2,999.13,0.0
7121,2023-01-31,1071,2021,West,7,597.78,0.15
5131,2023-02-01,1004,2020,East,9,98.21,0.0
5156,2023-02-01,1020,2026,South,4,324.87,0.0
5217,2023-02-01,1061,2002,West,4,1295.55,0.0
5593,2023-02-01,1036,2008,West,4,99.41,0.15
6582,2023-02-01,1076,2044,East,3,9.87,0.0
5431,2023-02-02,1006,2007,South,8,80.22,0.0
5947,2023-02-02,1051,2025,North,7,773.88,0.15
6233,2023-02-02,1054,2042,South,3,3.37,0.1
6420,2023-02-02,1025,2021,North,5,1179.38,0.05
6828,2023-02-02,1083,2022,North,7,715.66,0.1
6875,2023-02-02,1050,2016,South,9,360.44,0.0
6905,2023-02-02,1079,2007,West,8,18.54,0.0
7020,2023-02-02,1052,2002,East,5,1636.42,0.0
5082,2023-02-03,1015,2024,West,1,540.71,0.0
5393,2023-02-03,1021,2039,East,6,19.71,0.1
5619,2023-02-03,1071,2033,West,7,16.3,0.1
5629,2023-02-03,1046,2033,East,1,24.43,0.0
5764,2023-02-03,1022,2019,West,2,248.26,0.1
5932,2023-02-03,1079,2044,West,2,4.72,0.1
6192,2023-02-03,1031,2001,East,1,1063.5,0.1
6346,2023-02-03,1008,2008,East,7,84.71,0.0
5589,2023-02-04,1002,2002,East,5,1747.03,0.0
5675,2023-02-04,1002,2018,North,3,364.64,0.0
6076,2023-02-04,1056,2010,East,6,146.64,0.0
6680,2023-02-04,1001,2001,West,7,1103.04,0.1
6699,2023-02-04,1067,2004,South,3,1134.22,0.0
6713,2023-02-04,1062,2005,West,1,1461.93,0.15
7054,2023-02-04,1066,2006,East,7,84.48,0.0
7324,2023-02-04,1012,2010,East,4,22.61,0.0
5070,2023-02-05,1048,2010,South,1,123.75,0.0
5684,2023-02-05,1094,2045,South,8,2.05,0.0
5762,2023-02-05,1025,2019,West,7,174.87,0.0
5978,2023-02-05,1063,2019,North,3,299.02,0.0
5563,2023-02-06,1092,2029,North,5,362.91,0.0
5565,2023-02-06,1006,2043,South,1,12.33,0.1
5826,2023-02-06,1008,2010,South,1,32.46,0.1
6037,2023-02-06,1027,2036,North,7,23.78,0.15
6404,2023-02-06,1050,2031,West,7,28.87,0.1
7027,2023-02-06,1015,2042,North,7,11.06,0.1
7099,2023-02-06,1100,2033,West,2,33.38,0.0
5111,2023-02-07,1021,2021,East,8,1098.91,0.15
5327,2023-02-07,1099,2038,West,3,15.02,0.1
5458,2023-02-07,1046,2030,East,5,521.57,0.05
5468,2023-02-07,1090,2010,East,2,15.8,0.1
5705,2023-02-07,1029,2036,South,7,8.22,0.1
6282,2023-02-07,1022,2036,North,1,5.78,0.1
6550,2023-02-07,1070,2005,North,4,943.57,0.1
6806,2023-02-07,1028,2016,West,7,303.87,0.0
6871,2023-02-07,1081,2006,South,7,120.79,0.05
7221,2023-02-07,1033,2018,South,5,396.56,0.1
7346,2023-02-07,1081,2005,West,9,1355.31,0.05
5424,2023-02-08,1066,2001,North,8,1802.28,0.0
6078,2023-02-08,1066,2012,East,7,966.64,0.05
6241,2023-02-08,1037,2008,West,6,67.71,0.0
6767,2023-02-08,1053,2037,South,7,18.31,0.15
5236,2023-02-09,1047,2040,East,2,22.21,0.05
5279,2023-02-09,1062,2004,South,3,975.12,0.0
5487,2023-02-09,1084,2035,South,7,24.96,0.05
5648,2023-02-09,1086,2030,North,9,493.66,0.1
5662,2023-02-09,1086,2020,East,8,117.15,0.05
5822,2023-02-09,1054,2040,East,1,7.67,0.05
5833,2023-02-09,1071,2008,East,9,128.61,0.0
6313,2023-02-09,1011,2009,West,3,103.46,0.1
6692,2023-02-09,1091,2005,South,8,1538.77,0.05
6841,2023-02-09,1093,2018,West,1,499.77,0.1
7133,2023-02-09,1024,2026,South,3,542.37,0.0
7253,2023-02-09,1074,2012,North,8,1152.44,0.0
5017,2023-02-10,1073,2021,North,5,1129.1,0.0
5183,2023-02-10,1055,2039,North,9,11.08,0.0
7022,2023-02-10,1035,2021,North,8,1066.3,0.1
7038,2023-02-10,1014,2024,South,6,334.34,0.05
5716,2023-02-11,1088,2018,North,9,373.18,0.05
6245,2023-02-11,1079,2041,East,2,6.5,0.15
6618,2023-02-11,1090,2020,North,4,95.12,0.05
7438,2023-02-11,1060,2040,South,5,12.72,0.1
6959,2023-02-12,1061,2036,East,4,16.47,0.15
6998,2023-02-12,1070,2036,West,5,16.88,0.0
7066,2023-02-12,1071,2025,North,8,1119.55,0.1
7417,2023-02-12,1058,2004,North,2,942.49,0.1
7434,2023-02-12,1054,2043,South,3,8.39,0.0
5075,2023-02-13,1025,2040,East,5,18.43,0.05
5136,2023-02-13,1012,2003,South,3,1249.16,0.05
5657,2023-02-13,1018,2001,West,8,972.8,0.05
5776,2023-02-13,1076,2029,East,4,275.63,0.0
5882,2023-02-13,1072,2026,North,5,386.0,0.05
6116,2023-02-13,1035,2013,North,4,468.97,0.05
6257,2023-02-13,1039,2041,East,1,8.49,0.0
6972,2023-02-13,1093,2004,North,3,1133.52,0.05
5001,2023-02-14,1070,2018,East,3,182.85,0.1
5194,2023-02-14,1079,2035,East,8,25.03,0.1
5356,2023-02-14,1008,2012,East,8,882.55,0.0
5635,2023-02-14,1077,2030,East,5,157.92,0.15
5849,2023-02-14,1096,2043,South,3,12.35,0.05
6445,2023-02-14,1066,2030,East,9,146.07,0.1
6659,2023-02-14,1009,2019,South,7,94.09,0.05
6919,2023-02-14,1005,2017,South,6,299.05,0.05
7095,2023-02-14,1084,2021,West,5,1156.98,0.15
7131,2023-02-14,1024,2045,West,9,12.27,0.0
5827,2023-02-15,1052,2021,West,3,598.86,0.0
6145,2023-02-15,1014,2024,West,2,834.11,0.15
7015,2023-02-15,1009,2030,East,2,322.59,0.0
7157,2023-02-15,1016,2017,South,3,134.38,0.0
7214,2023-02-15,1040,2019,East,5,288.49,0.05
5125,2023-02-16,1059,2038,North,5,4.33,0.0
5379,2023-02-16,1034,2001,West,7,1170.02,0.0
5650,2023-02-16,1008,2015,East,7,397.87,0.0
5798,2023-02-16,1039,2019,West,7,243.16,0.15
6308,2023-02-16,1049,2010,East,9,59.51,0.0
6355,2023-02-16,1035,2023,West,9,407.45,0.05
7004,2023-02-16,1052,2017,South,7,433.69,0.05
5051,2023-02-17,1043,2027,East,5,429.43,0.05
5076,2023-02-17,1003,2015,East,8,982.35,0.05
5312,2023-02-17,1100,2018,North,8,270.97,0.0
5871,2023-02-17,1011,2028,West,3,327.15,0.1
5135,2023-02-18,1054,2034,South,7,36.08,0.0
5573,2023-02-18,1020,2008,West,9,139.08,0.05
6194,2023-02-18,1001,2002,South,5,1217.16,0.1
6842,2023-02-18,1050,2045,South,8,11.9,0.1
5561,2023-02-19,1015,2025,East,5,354.13,0.0
5642,2023-02-19,1060,2034,West,2,24.87,0.1
5692,2023-02-19,1040,2026,East,3,221.34,0.0
5775,2023-02-19,1049,2018,East,1,226.53,0.1
6123,2023-02-19,1064,2044,East,2,5.11,0.15
6140,2023-02-19,1075,2019,East,3,476.2,0.05
6802,2023-02-19,1095,2013,North,8,1141.19,0.05
6921,2023-02-19,1068,2008,South,4,98.62,0.1
5025,2023-02-20,1071,2017,North,4,196.99,0.1
5124,2023-02-20,1047,2026,West,4,445.14,0.0
6417,2023-02-20,1081,2045,North,4,13.68,0.0
6993,2023-02-20,1049,2024,North,9,582.22,0.1
7383,2023-02-20,1040,2035,East,1,27.51,0.05
7452,2023-02-20,1096,2009,East,4,124.79,0.0
7474,2023-02-20,1043,2041,West,2,3.78,0.15
5032,2023-02-21,1073,2003,East,2,1348.67,0.0
5104,2023-02-21,1043,2037,West,1,13.9,0.0
5224,2023-02-21,1061,2007,South,1,101.12,0.0
5475,2023-02-21,1031,2005,East,6,1384.63,0.0
6070,2023-02-21,1078,2031,South,6,6.82,0.0
7108,2023-02-21,1011,2016,North,2,359.75,0.1
7114,2023-02-21,1064,2020,West,8,222.71,0.0
7363,2023-02-21,1015,2042,West,3,9.6,0.0
5168,2023-02-22,1071,2042,West,1,13.35,0.05
5276,2023-02-22,1053,2002,East,7,904.76,0.0
5351,2023-02-22,1060,2034,South,9,34.91,0.1
5854,2023-02-22,1079,2004,West,2,1758.78,0.15
5970,2023-02-22,1064,2038,West,4,3.97,0.0
6094,2023-02-22,1006,2001,North,5,1452.23,0.05
6096,2023-02-22,1029,2019,West,2,368.44,0.05
6157,2023-02-22,1075,2038,East,3,4.83,0.05
6171,2023-02-22,1028,2017,North,7,315.89,0.0
6311,2023-02-22,1068,2022,West,1,1140.01,0.1
6484,2023-02-22,1068,2003,East,1,1712.7,0.05
6941,2023-02-22,1031,2015,East,8,1035.0,0.0
7146,2023-02-22,1090,2007,West,8,111.79,0.0
7323,2023-02-22,1028,2019,East,3,428.78,0.0
5138,2023-02-23,1046,2024,East,1,1068.09,0.15
5922,2023-02-23,1021,2030,South,6,446.21,0.05
5948,2023-02-23,1022,2016,South,8,218.11,0.05
6406,2023-02-23,1016,2001,South,9,1236.05,0.05
7059,2023-02-23,1062,2030,East,6,130.46,0.0
7274,2023-02-23,1002,2019,South,9,308.24,0.05
5567,2023-02-24,1096,2010,East,3,99.42,0.05
5837,2023-02-24,1087,2042,East,2,4.74,0.1
5968,2023-02-24,1028,2017,North,7,472.42,0.15
6115,2023-02-24,1070,2016,South,6,112.68,0.0
6217,2023-02-24,1084,2025,South,1,660.22,0.0
6577,2023-02-24,1098,2033,North,2,35.15,0.0
6579,2023-02-24,1086,2040,South,8,4.55,0.05
6973,2023-02-24,1084,2026,South,3,306.17,0.0
7401,2023-02-24,1014,2043,North,6,9.6,0.0
7457,2023-02-24,1054,2039,South,1,16.17,0.1
5130,2023-02-25,1076,2011,South,8,971.1,0.0
5992,2023-02-25,1012,2024,West,7,786.08,0.1
6130,2023-02-25,1060,2021,West,8,548.94,0.05
6889,2023-02-25,1069,2007,South,5,75.98,0.1
6922,2023-02-25,1083,2013,North,5,341.21,0.15
7092,2023-02-25,1060,2026,East,6,145.73,0.15
5128,2023-02-26,1023,2038,East,3,21.88,0.15
5173,2023-02-26,1055,2032,East,9,34.22,0.15
5174,2023-02-26,1009,2031,East,7,6.67,0.05
5707,2023-02-26,1018,2027,North,1,267.95,0.1
5772,2023-02-26,1098,2027,South,3,345.74,0.0
6059,2023-02-26,1026,2033,West,1,31.15,0.0
6293,2023-02-26,1038,2010,West,8,72.58,0.05
7257,2023-02-26,1098,2015,South,6,855.53,0.0
7282,2023-02-26,1026,2025,East,2,890.65,0.05
5229,2023-02-27,1025,2025,South,3,693.91,0.1
5244,2023-02-27,1098,2019,West,5,225.39,0.0
5585,2023-02-27,1011,2002,East,6,1039.62,0.0
5644,2023-02-27,1061,2023,North,6,988.78,0.0
5753,2023-02-27,1089,2032,North,4,15.76,0.0
6375,2023-02-27,1047,2029,West,8,351.03,0.1
6379,2023-02-27,1077,2018,East,8,255.17,0.0
7047,2023-02-27,1010,2004,West,3,1206.25,0.1
5013,2023-02-28,1093,2004,North,9,1434.94,0.1
5144,2023-02-28,1066,2014,North,8,737.1,0.0
5296,2023-02-28,1059,2001,South,9,1492.82,0.0
5297,2023-02-28,1076,2010,East,6,145.4,0.05
5421,2023-02-28,1037,2012,East,2,676.94,0.05
5473,2023-02-28,1025,2010,West,3,34.23,0.0
6220,2023-02-28,1026,2018,East,1,382.04,0.1
6303,2023-02-28,1085,2022,West,2,862.42,0.0
6566,2023-02-28,1032,2022,South,8,761.66,0.1
7197,2023-02-28,1083,2009,North,8,47.7,0.1
5331,2023-03-01,1056,2019,North,4,386.58,0.0
5426,2023-03-01,1095,2001,South,6,1822.7,0.1
5816,2023-03-01,1034,2019,South,6,135.41,0.1
6006,2023-03-01,1058,2011,South,9,571.21,0.15
6374,2023-03-01,1082,2019,South,1,257.43,0.0
6535,2023-03-01,1089,2032,South,1,22.33,0.0
7370,2023-03-01,1059,2030,East,5,536.18,0.05
5254,2023-03-02,1095,2003,North,1,1163.83,0.0
5436,2023-03-02,1041,2019,East,8,266.56,0.0
5623,2023-03-02,1001,2037,West,4,22.44,0.1
5874,2023-03-02,1068,2032,East,8,21.97,0.0
6565,2023-03-02,1054,2031,North,3,33.08,0.15
7152,2023-03-02,1026,2034,West,3,18.72,0.05
5338,2023-03-03,1048,2019,North,6,464.66,0.0
5677,2023-03-03,1091,2005,East,4,1587.93,0.15
5743,2023-03-03,1004,2023,East,8,617.16,0.15
5828,2023-03-03,1020,2004,West,5,1735.39,0.05
5883,2023-03-03,1003,2015,South,9,981.85,0.0
5888,2023-03-03,1049,2004,South,3,918.49,0.0
6474,2023-03-03,1015,2001,West,3,1957.7,0.0
6629,2023-03-03,1027,2043,West,8,3.84,0.15
6660,2023-03-03,1018,2008,West,9,79.07,0.15
6765,2023-03-03,1044,2017,East,9,278.84,0.15
6845,2023-03-03,1077,2019,South,8,220.22,0.0
6984,2023-03-03,1027,2023,East,7,646.82,0.05
5797,2023-03-04,1088,2038,East,5,15.16,0.05
5856,2023-03-04,1018,2044,South,2,11.52,0.0
6377,2023-03-04,1006,2015,South,8,954.87,0.0
6454,2023-03-04,1067,2001,East,3,911.42,0.05
6838,2023-03-04,1091,2008,South,9,41.23,0.0
6923,2023-03-04,1068,2006,South,6,19.75,0.0
7174,2023-03-04,1094,2024,East,1,426.01,0.0
5610,2023-03-05,1021,2044,West,6,3.17,0.1
5912,2023-03-05,1075,2016,East,8,405.81,0.1
6008,2023-03-05,1086,2039,East,4,19.86,0.1
6147,2023-03-05,1061,2027,North,8,211.44,0.05
6207,2023-03-05,1076,2011,North,1,1019.81,0.0
6452,2023-03-05,1057,2032,West,1,32.03,0.0
6988,2023-03-05,1060,2016,South,1,413.94,0.0
5080,2023-03-06,1069,2027,North,6,248.12,0.0
5198,2023-03-06,1036,2008,West,5,129.2,0.0
5309,2023-03-06,1084,2036,West,7,5.98,0.15
5656,2023-03-06,1086,2005,North,6,1261.51,0.1
5931,2023-03-06,1036,2028,East,6,494.79,0.0
6062,2023-03-06,1003,2044,West,7,8.52,0.0
6707,2023-03-06,1064,2014,North,9,976.47,0.15
6810,2023-03-06,1089,2005,North,2,1357.84,0.1
7086,2023-03-06,1019,2021,West,9,518.96,0.0
5048,2023-03-07,1071,2018,East,7,292.99,0.0
5752,2023-03-07,1029,2038,West,5,6.79,0.0
5904,2023-03-07,1009,2025,North,3,393.77,0.0
6011,2023-03-07,1048,2001,North,4,906.97,0.1
6450,2023-03-07,1006,2007,East,2,56.65,0.0
6968,2023-03-07,1045,2031,East,4,33.19,0.1
5951,2023-03-08,1027,2027,South,8,368.23,0.1
6573,2023-03-08,1005,2021,South,8,472.84,0.05
6830,2023-03-08,1097,2023,West,3,607.64,0.0
6924,2023-03-08,1047,2025,North,3,260.14,0.1
6091,2023-03-09,1006,2021,East,1,310.04,0.1
6468,2023-03-09,1035,2009,West,9,105.23,0.05
6883,2023-03-09,1012,2010,South,4,50.48,0.0
7143,2023-03-09,1028,2018,South,5,117.25,0.0
7246,2023-03-09,1092,2038,North,3,20.95,0.0
5178,2023-03-10,1043,2036,East,2,10.59,0.1
5298,2023-03-10,1087,2010,East,5,38.29,0.15
5320,2023-03-10,1097,2006,West,5,57.3,0.0
5391,2023-03-10,1030,2033,East,8,15.88,0.1
6035,2023-03-10,1028,2021,West,4,437.1,0.0
6846,2023-03-10,1045,2041,East,4,13.47,0.0
6936,2023-03-10,1014,2010,West,3,44.49,0.1
7275,2023-03-10,1040,2033,South,9,14.18,0.0
5179,2023-03-11,1024,2012,South,8,1047.35,0.15
5281,2023-03-11,1077,2013,West,7,696.2,0.1
5627,2023-03-11,1083,2033,West,8,37.28,0.15
6327,2023-03-11,1043,2028,North,5,359.69,0.0
7142,2023-03-11,1030,2005,East,5,1056.5,0.05
7205,2023-03-11,1013,2012,East,2,900.0,0.05
7234,2023-03-11,1086,2028,North,4,545.12,0.1
7389,2023-03-11,1054,2006,North,6,19.29,0.1
5011,2023-03-12,1029,2005,South,7,1446.77,0.1
5171,2023-03-12,1019,2017,East,2,91.84,0.1
5211,2023-03-12,1005,2022,North,9,399.06,0.0
5503,2023-03-12,1051,2014,West,5,528.4,0.05
5596,2023-03-12,1026,2040,East,3,5.9,0.05
5879,2023-03-12,1017,2013,West,8,1003.21,0.1
5974,2023-03-12,1008,2006,East,7,56.69,0.1
6334,2023-03-12,1007,2007,South,8,34.35,0.1
6986,2023-03-12,1031,2044,North,2,12.7,0.0
7217,2023-03-12,1046,2019,East,2,265.38,0.1
7319,2023-03-12,1062,2027,South,6,158.41,0.05
7422,2023-03-12,1020,2016,East,9,420.25,0.15
5322,2023-03-13,1013,2019,North,8,338.75,0.1
5961,2023-03-13,1057,2024,East,9,268.24,0.05
6001,2023-03-13,1052,2023,West,2,1073.08,0.0
6442,2023-03-13,1003,2002,West,5,1613.2,0.0
6880,2023-03-13,1058,2009,North,5,74.76,0.0
5088,2023-03-14,1035,2027,North,9,312.57,0.0
5118,2023-03-14,1010,2043,South,6,11.71,0.1
5291,2023-03-14,1015,2016,West,5,282.76,0.0
5310,2023-03-14,1063,2032,East,4,29.9,0.1
5638,2023-03-14,1035,2010,East,4,84.4,0.05
6134,2023-03-14,1011,2001,East,7,1943.17,0.0
7096,2023-03-14,1083,2038,North,6,15.36,0.1
7098,2023-03-14,1066,2006,West,2,70.81,0.15
7278,2023-03-14,1079,2034,North,4,30.35,0.0
7423,2023-03-14,1051,2025,North,5,1122.44,0.15
5410,2023-03-15,1059,2002,West,4,964.84,0.0
6782,2023-03-15,1058,2001,South,1,1795.96,0.0
5221,2023-03-16,1045,2028,West,9,243.89,0.0
5257,2023-03-16,1095,2037,West,7,11.16,0.0
5598,2023-03-16,1041,2043,North,9,2.88,0.15
5745,2023-03-16,1008,2026,North,1,286.6,0.1
5795,2023-03-16,1036,2021,South,7,516.49,0.0
6132,2023-03-16,1061,2029,North,8,157.16,0.0
6639,2023-03-16,1081,2027,West,6,544.87,0.05
6665,2023-03-16,1010,2021,East,9,372.42,0.05
7395,2023-03-16,1007,2044,North,8,12.85,0.0
5127,2023-03-17,1100,2010,North,4,42.97,0.1
5151,2023-03-17,1083,2022,West,6,1105.92,0.0
5385,2023-03-17,1081,2042,South,2,2.55,0.15
5841,2023-03-17,1060,2012,South,9,692.21,0.0
5989,2023-03-17,1088,2006,South,3,109.16,0.0
6201,2023-03-17,1003,2045,East,5,8.3,0.05
6709,2023-03-17,1097,2004,West,1,1038.44,0.0
6999,2023-03-17,1058,2010,West,9,92.16,0.1
7178,2023-03-17,1044,2012,South,1,1082.72,0.1
5355,2023-03-18,1058,2024,South,4,372.81,0.15
5481,2023-03-18,1084,2021,East,9,751.59,0.1
6066,2023-03-18,1082,2035,East,4,26.39,0.15
6737,2023-03-18,1060,2037,North,5,20.47,0.05
6738,2023-03-18,1017,2031,West,2,25.57,0.0
6951,2023-03-18,1017,2042,East,9,9.53,0.15
6966,2023-03-18,1018,2022,South,1,1121.93,0.05
5058,2023-03-19,1018,2003,East,6,1081.39,0.0
5667,2023-03-19,1095,2003,West,2,817.04,0.05
5683,2023-03-19,1035,2034,East,1,10.21,0.15
5818,2023-03-19,1063,2028,South,7,358.49,0.1
6228,2023-03-19,1084,2010,North,9,43.46,0.0
6438,2023-03-19,1053,2032,West,2,35.83,0.0
6446,2023-03-19,1095,2022,South,7,951.91,0.1
6483,2023-03-19,1087,2033,East,7,9.92,0.0
6563,2023-03-19,1026,2006,West,2,59.75,0.0
6592,2023-03-19,1023,2027,West,1,299.71,0.0
6960,2023-03-19,1020,2011,North,2,847.83,0.0
7011,2023-03-19,1040,2018,South,7,472.93,0.0
7256,2023-03-19,1077,2044,West,1,5.79,0.1
7272,2023-03-19,1023,2012,East,3,933.94,0.0
6343,2023-03-20,1092,2030,East,1,503.72,0.0
6853,2023-03-20,1050,2039,West,2,22.46,0.1
7180,2023-03-20,1046,2016,East,1,351.2,0.15
5105,2023-03-21,1084,2040,South,1,23.03,0.1
6411,2023-03-21,1038,2037,South,5,15.49,0.0
6525,2023-03-21,1078,2032,East,3,25.65,0.15
6560,2023-03-21,1073,2032,West,3,18.51,0.0
7251,2023-03-21,1024,2039,West,6,16.84,0.05
5142,2023-03-22,1044,2016,South,9,118.54,0.0
5192,2023-03-22,1039,2043,South,2,10.68,0.05
5202,2023-03-22,1008,2009,North,7,48.06,0.0
5592,2023-03-22,1096,2021,East,9,239.75,0.0
5956,2023-03-22,1031,2027,West,2,449.26,0.0
6329,2023-03-22,1077,2031,East,6,23.82,0.0
6463,2023-03-22,1022,2034,East,7,6.63,0.1
6696,2023-03-22,1062,2033,West,5,17.19,0.0
6740,2023-03-22,1047,2025,East,4,502.55,0.1
7172,2023-03-22,1032,2003,East,5,863.17,0.05
5056,2023-03-23,1058,2045,West,9,12.6,0.0
5186,2023-03-23,1087,2031,West,7,7.63,0.0
5233,2023-03-23,1040,2023,North,4,853.68,0.0
5429,2023-03-23,1008,2039,East,3,20.6,0.0
5611,2023-03-23,1079,2008,West,7,26.52,0.1
6227,2023-03-23,1002,2028,South,8,581.4,0.1
6596,2023-03-23,1081,2004,West,7,1764.35,0.05
6614,2023-03-23,1058,2014,West,9,925.13,0.1
7211,2023-03-23,1006,2005,North,6,1606.54,0.0
7264,2023-03-23,1027,2038,East,3,16.73,0.0
5167,2023-03-24,1054,2029,East,5,330.84,0.1
5617,2023-03-24,1023,2028,South,2,265.56,0.0
6007,2023-03-24,1004,2022,West,2,411.64,0.0
6031,2023-03-24,1084,2019,East,2,416.22,0.0
6553,2023-03-24,1033,2033,South,3,27.3,0.15
6759,2023-03-24,1044,2038,North,2,18.96,0.15
7001,2023-03-24,1018,2026,South,7,585.25,0.1
7149,2023-03-24,1084,2025,East,3,737.27,0.1
7194,2023-03-24,1019,2032,West,4,39.29,0.15
5212,2023-03-25,1041,2045,West,9,7.94,0.0
6144,2023-03-25,1077,2026,North,8,563.17,0.0
6654,2023-03-25,1038,2020,West,9,129.42,0.05
7462,2023-03-25,1024,2003,South,3,1032.99,0.0
5062,2023-03-26,1093,2019,West,6,92.19,0.05
5375,2023-03-26,1084,2043,South,8,9.72,0.1
5434,2023-03-26,1064,2010,South,3,22.37,0.05
6874,2023-03-26,1004,2018,North,5,436.9,0.05
5384,2023-03-27,1023,2025,West,3,877.53,0.0
5531,2023-03-27,1019,2024,South,7,1089.63,0.05
6700,2023-03-27,1055,2001,South,3,1487.13,0.0
6703,2023-03-27,1018,2045,North,9,12.57,0.05
6914,2023-03-27,1050,2033,West,8,30.28,0.0
6945,2023-03-27,1031,2040,East,5,4.66,0.0
6957,2023-03-27,1074,2002,North,2,1944.91,0.0
5278,2023-03-28,1049,2045,North,4,13.77,0.05
5886,2023-03-28,1070,2005,West,5,1180.86,0.0
6022,2023-03-28,1087,2010,West,3,28.76,0.0
6548,2023-03-28,1080,2018,East,2,103.82,0.0
6774,2023-03-28,1043,2017,South,9,328.16,0.1
6775,2023-03-28,1017,2006,East,1,100.16,0.0
6887,2023-03-28,1007,2019,South,9,111.22,0.0
7044,2023-03-28,1082,2005,East,9,1675.4,0.0
7283,2023-03-28,1096,2032,East,7,35.63,0.0
7388,2023-03-28,1084,2001,South,3,1369.87,0.05
6032,2023-03-29,1070,2001,South,2,901.53,0.05
6042,2023-03-29,1007,2026,East,5,364.48,0.05
6150,2023-03-29,1043,2003,East,9,1808.92,0.1
6429,2023-03-29,1051,2025,North,3,410.29,0.0
6733,2023-03-29,1025,2005,West,1,898.81,0.05
6342,2023-03-30,1063,2026,East,8,531.59,0.15
6364,2023-03-30,1026,2033,East,3,21.05,0.0
5248,2023-03-31,1076,2005,East,5,1065.25,0.0
5983,2023-03-31,1094,2036,North,5,19.69,0.05
7201,2023-03-31,1010,2018,South,1,412.12,0.0
7429,2023-03-31,1096,2015,East,2,428.99,0.0
5040,2023-04-01,1021,2009,North,3,146.47,0.15
5361,2023-04-01,1023,2045,West,7,13.0,0.0
5649,2023-04-01,1057,2044,North,8,3.49,0.0
6523,2023-04-01,1099,2002,East,3,1519.66,0.1
6827,2023-04-01,1083,2015,East,1,1123.71,0.0
5269,2023-04-02,1005,2016,East,5,367.46,0.1
5483,2023-04-02,1021,2017,North,3,436.15,0.1
6160,2023-04-02,1002,2009,North,8,135.11,0.1
6288,2023-04-02,1097,2015,South,7,821.85,0.0
6351,2023-04-02,1037,2007,South,3,115.9,0.0
7030,2023-04-02,1033,2005,West,3,1161.36,0.0
7308,2023-04-02,1070,2014,North,9,660.19,0.05
5109,2023-04-03,1088,2003,South,3,1249.81,0.0
5162,2023-04-03,1040,2045,North,7,3.21,0.05
5887,2023-04-03,1042,2001,North,7,985.07,0.05
6516,2023-04-03,1023,2012,West,4,959.3,0.15
6559,2023-04-03,1056,2018,West,3,311.71,0.05
6744,2023-04-03,1093,2007,West,8,84.23,0.15
5544,2023-04-04,1009,2043,South,9,5.7,0.1
6045,2023-04-04,1059,2038,South,4,18.57,0.05
6101,2023-04-04,1017,2034,South,5,38.59,0.0
6285,2023-04-04,1018,2044,South,7,11.63,0.0
6475,2023-04-04,1065,2018,West,7,208.95,0.05
6540,2023-04-04,1009,2006,West,2,101.08,0.0
6678,2023-04-04,1044,2008,East,4,101.21,0.05
6791,2023-04-04,1068,2032,East,9,31.52,0.1
6943,2023-04-04,1042,2012,West,3,1133.22,0.15
7100,2023-04-04,1088,2002,South,9,1222.15,0.05
5231,2023-04-05,1013,2034,South,9,33.94,0.0
6028,2023-04-05,1069,2032,West,2,8.48,0.1
6546,2023-04-05,1029,2026,East,3,295.66,0.15
7125,2023-04-05,1051,2004,North,7,1055.02,0.0
7335,2023-04-05,1056,2009,West,4,88.35,0.0
7496,2023-04-05,1035,2004,West,9,1993.88,0.0
5294,2023-04-06,1024,2023,South,8,759.85,0.0
5300,2023-04-06,1018,2020,East,3,371.24,0.05
5489,2023-04-06,1020,2009,South,2,37.36,0.05
6356,2023-04-06,1081,2017,East,1,276.43,0.15
6358,2023-04-06,1013,2001,East,8,990.5,0.0
7495,2023-04-06,1023,2001,West,1,1802.65,0.0
5416,2023-04-07,1046,2038,West,3,12.54,0.0
5749,2023-04-07,1029,2004,North,3,1294.39,0.0
5810,2023-04-07,1087,2039,South,4,21.84,0.15
6583,2023-04-07,1074,2021,West,4,375.85,0.0
7284,2023-04-07,1051,2033,North,3,37.77,0.05
5024,2023-04-08,1025,2031,North,6,7.12,0.1
5216,2023-04-08,1015,2024,West,4,347.78,0.0
5560,2023-04-08,1050,2042,East,2,6.17,0.05
5566,2023-04-08,1050,2032,North,2,38.62,0.0
5929,2023-04-08,1017,2044,West,2,13.42,0.0
6779,2023-04-08,1076,2034,North,8,13.92,0.0
6872,2023-04-08,1019,2035,West,7,21.87,0.0
6969,2023-04-08,1036,2036,North,4,20.08,0.15
7263,2023-04-08,1041,2039,West,6,19.85,0.0
5463,2023-04-09,1084,2043,North,9,8.69,0.0
6571,2023-04-09,1033,2026,South,7,410.93,0.15
6833,2023-04-09,1038,2034,East,6,32.6,0.0
5166,2023-04-10,1061,2045,North,8,5.7,0.0
5706,2023-04-10,1059,2024,South,8,344.94,0.0
6912,2023-04-10,1029,2002,West,5,1620.23,0.1
7103,2023-04-10,1065,2022,West,5,1189.73,0.1
7179,2023-04-10,1025,2014,South,7,418.85,0.0
7182,2023-04-10,1085,2002,South,2,1675.39,0.0
5479,2023-04-11,1069,2020,North,5,114.43,0.1
6803,2023-04-11,1023,2038,North,3,7.24,0.0
7443,2023-04-11,1100,2026,East,2,483.21,0.05
5112,2023-04-12,1039,2020,South,7,205.64,0.1
5591,2023-04-12,1024,2036,East,8,22.89,0.1
6172,2023-04-12,1041,2026,South,7,386.97,0.05
6347,2023-04-12,1078,2007,North,2,113.41,0.0
6362,2023-04-12,1068,2020,West,5,149.88,0.1
6453,2023-04-12,1052,2039,South,4,22.09,0.0
6529,2023-04-12,1098,2024,North,4,956.92,0.0
6840,2023-04-12,1087,2045,North,4,2.63,0.0
5019,2023-04-13,1089,2015,West,4,680.82,0.15
5394,2023-04-13,1025,2012,North,9,1002.46,0.1
5450,2023-04-13,1008,2036,North,1,14.5,0.0
6067,2023-04-13,1079,2001,South,4,1128.63,0.15
7291,2023-04-13,1021,2026,East,2,100.41,0.0
7331,2023-04-13,1059,2009,West,5,31.08,0.1
5222,2023-04-14,1028,2001,West,8,1215.64,0.05
5315,2023-04-14,1055,2034,North,3,5.57,0.0
5632,2023-04-14,1005,2038,South,5,7.76,0.0
6920,2023-04-14,1042,2033,South,5,8.09,0.0
7413,2023-04-14,1064,2026,North,3,292.24,0.1
5451,2023-04-15,1038,2008,East,3,107.26,0.1
6104,2023-04-15,1001,2010,North,4,93.01,0.1
6804,2023-04-15,1016,2033,North,8,21.13,0.0
5059,2023-04-16,1008,2007,South,7,23.67,0.0
5755,2023-04-16,1078,2026,West,1,133.12,0.1
6086,2023-04-16,1071,2009,East,5,142.66,0.1
6252,2023-04-16,1070,2034,North,2,21.75,0.05
6624,2023-04-16,1043,2042,West,5,8.64,0.0
7491,2023-04-16,1094,2009,North,7,43.36,0.1
5348,2023-04-17,1099,2004,South,7,1359.27,0.0
6843,2023-04-17,1024,2024,North,9,978.91,0.1
7028,2023-04-17,1051,2021,East,9,427.07,0.1
7167,2023-04-17,1056,2023,West,9,593.03,0.0
7369,2023-04-17,1054,2011,North,4,421.83,0.0
5284,2023-04-18,1091,2007,East,9,107.03,0.0
5636,2023-04-18,1082,2006,West,5,85.28,0.0
5942,2023-04-18,1093,2035,North,3,39.62,0.1
6016,2023-04-18,1020,2022,West,7,695.03,0.0
6082,2023-04-18,1032,2028,North,5,563.62,0.1
6455,2023-04-18,1025,2004,South,6,1688.77,0.1
6544,2023-04-18,1025,2022,East,1,642.02,0.05
5392,2023-04-19,1057,2008,North,7,51.37,0.05
6366,2023-04-19,1090,2039,East,2,6.51,0.0
5190,2023-04-20,1058,2039,South,2,23.1,0.0
5321,2023-04-20,1045,2021,North,1,730.51,0.05
6299,2023-04-20,1096,2043,West,2,3.71,0.15
6336,2023-04-20,1078,2043,North,9,6.05,0.0
6797,2023-04-20,1095,2026,North,9,440.48,0.0
6963,2023-04-20,1094,2005,East,4,1711.94,0.0
7117,2023-04-20,1005,2026,South,2,201.63,0.0
7386,2023-04-20,1087,2042,East,5,5.76,0.1
5349,2023-04-21,1006,2021,East,5,290.42,0.1
5441,2023-04-21,1051,2009,West,4,29.44,0.0
5877,2023-04-21,1037,2002,West,7,970.57,0.0
6169,2023-04-21,1010,2002,South,7,1770.85,0.1
6333,2023-04-21,1030,2010,North,8,96.64,0.0
6434,2023-04-21,1026,2003,East,7,1313.0,0.0
6837,2023-04-21,1027,2033,South,1,6.31,0.15
7320,2023-04-21,1031,2012,North,3,465.81,0.0
5235,2023-04-22,1086,2010,West,9,65.44,0.15
5239,2023-04-22,1001,2025,South,5,662.38,0.1
6556,2023-04-22,1032,2038,East,7,10.17,0.0
7056,2023-04-22,1080,2027,South,6,509.72,0.05
5061,2023-04-23,1078,2004,East,7,1824.14,0.05
5302,2023-04-23,1004,2024,North,8,615.63,0.0
5693,2023-04-23,1079,2020,East,2,106.86,0.0
5966,2023-04-23,1009,2001,East,6,1987.15,0.1
6084,2023-04-23,1046,2040,North,1,9.49,0.05
6306,2023-04-23,1094,2004,South,5,1310.24,0.15
6504,2023-04-23,1089,2020,North,5,145.1,0.0
6686,2023-04-23,1041,2020,East,4,228.49,0.0
6718,2023-04-23,1051,2037,South,4,6.13,0.0
6885,2023-04-23,1015,2007,North,2,106.53,0.05
7468,2023-04-23,1009,2012,South,5,820.1,0.05
6534,2023-04-24,1024,2018,North,1,366.08,0.15
7013,2023-04-24,1074,2044,East,9,5.58,0.0
7118,2023-04-24,1013,2023,East,9,264.41,0.0
7191,2023-04-24,1071,2001,West,2,987.17,0.0
7332,2023-04-24,1004,2010,East,6,42.43,0.0
5367,2023-04-25,1046,2037,West,9,18.56,0.1
5438,2023-04-25,1007,2040,South,8,15.37,0.15
6010,2023-04-25,1030,2004,South,9,1584.7,0.15
6129,2023-04-25,1010,2022,East,5,1053.06,0.0
7455,2023-04-25,1044,2038,West,2,23.27,0.0
5197,2023-04-26,1091,2026,South,5,359.05,0.0
6057,2023-04-26,1033,2012,West,8,669.65,0.0
6415,2023-04-26,1044,2012,West,7,735.6,0.0
6466,2023-04-26,1019,2026,East,4,338.89,0.0
6478,2023-04-26,1080,2027,East,2,287.24,0.05
6503,2023-04-26,1042,2004,West,5,924.35,0.05
6643,2023-04-26,1014,2039,East,6,7.82,0.1
7061,2023-04-26,1084,2028,West,3,187.51,0.15
7123,2023-04-26,1048,2007,East,5,104.4,0.0
7444,2023-04-26,1040,2017,South,1,274.71,0.1
6419,2023-04-27,1032,2022,East,3,456.07,0.05
6589,2023-04-27,1025,2008,West,8,82.46,0.0
7093,2023-04-27,1047,2038,North,2,7.09,0.1
7479,2023-04-27,1040,2027,East,1,340.58,0.0
5114,2023-04-28,1037,2038,West,1,3.18,0.15
5704,2023-04-28,1042,2017,West,6,382.99,0.0
5806,2023-04-28,1081,2042,East,1,2.27,0.15
5976,2023-04-28,1004,2001,South,7,1425.05,0.05
6046,2023-04-28,1092,2024,East,5,702.23,0.15
6477,2023-04-28,1070,2030,East,9,529.96,0.0
6600,2023-04-28,1074,2023,West,3,898.33,0.15
6749,2023-04-28,1005,2030,East,5,211.45,0.0
6930,2023-04-28,1082,2006,South,1,134.14,0.0
7064,2023-04-28,1024,2037,North,2,6.69,0.0
7329,2023-04-28,1061,2033,South,5,25.98,0.0
5226,2023-04-29,1074,2028,North,1,260.58,0.15
5261,2023-04-29,1081,2036,South,1,23.79,0.1
5590,2023-04-29,1050,2018,West,1,443.0,0.0
5600,2023-04-29,1077,2002,East,5,1021.7,0.05
6120,2023-04-29,1092,2032,East,8,10.3,0.0
6232,2023-04-29,1042,2007,East,2,28.03,0.05
6255,2023-04-29,1067,2045,North,2,8.32,0.0
7245,2023-04-29,1023,2033,West,4,27.46,0.0
7322,2023-04-29,1013,2023,South,4,572.37,0.05
5006,2023-04-30,1011,2037,West,1,18.5,0.05
5973,2023-04-30,1002,2009,East,4,66.62,0.05
6267,2023-04-30,1007,2034,East,3,9.45,0.0
7045,2023-04-30,1097,2020,East,3,153.43,0.0
7341,2023-04-30,1069,2020,East,6,330.14,0.0
5170,2023-05-01,1048,2009,South,1,134.43,0.0
5793,2023-05-01,1050,2007,East,6,95.98,0.0
5979,2023-05-01,1027,2032,East,3,37.84,0.0
6322,2023-05-01,1084,2032,South,8,31.43,0.05
6612,2023-05-01,1021,2012,North,2,747.01,0.0
6630,2023-05-01,1093,2041,North,8,13.44,0.0
6728,2023-05-01,1040,2024,South,1,673.17,0.0
6788,2023-05-01,1003,2044,West,8,5.51,0.0
6899,2023-05-01,1035,2025,West,9,1154.89,0.05
5193,2023-05-02,1018,2042,West,9,12.32,0.0
5247,2023-05-02,1042,2007,West,6,125.13,0.05
5614,2023-05-02,1064,2019,North,8,289.0,0.05
6249,2023-05-02,1008,2036,South,6,12.63,0.0
6262,2023-05-02,1060,2044,West,9,7.51,0.0
6551,2023-05-02,1058,2009,East,7,141.52,0.0
5057,2023-05-03,1081,2038,East,5,19.54,0.1
5066,2023-05-03,1020,2001,North,4,1705.08,0.0
5688,2023-05-03,1076,2024,North,3,935.32,0.0
5965,2023-05-03,1048,2025,West,7,204.67,0.1
6047,2023-05-03,1010,2008,East,6,69.88,0.1
6750,2023-05-03,1058,2024,North,9,465.37,0.0
6756,2023-05-03,1001,2015,West,2,875.12,0.15
7161,2023-05-03,1044,2001,North,7,1589.62,0.0
7170,2023-05-03,1015,2018,South,7,321.8,0.0
7411,2023-05-03,1059,2005,West,5,1252.28,0.1
5264,2023-05-04,1020,2009,North,3,123.83,0.0
5270,2023-05-04,1073,2037,South,7,15.91,0.15
5285,2023-05-04,1039,2016,North,7,423.97,0.05
5517,2023-05-04,1095,2008,North,4,39.68,0.05
6402,2023-05-04,1057,2001,East,8,1048.41,0.0
6543,2023-05-04,1009,2017,West,7,95.97,0.0
6585,2023-05-04,1045,2034,South,5,22.73,0.0
6790,2023-05-04,1014,2020,East,7,415.77,0.0
6835,2023-05-04,1048,2030,East,1,352.61,0.1
6856,2023-05-04,1015,2017,West,5,493.25,0.0
5053,2023-05-05,1052,2034,South,4,36.01,0.1
5069,2023-05-05,1081,2029,East,4,298.33,0.0
5073,2023-05-05,1058,2030,North,4,234.2,0.1
5223,2023-05-05,1031,2035,East,3,29.37,0.0
5293,2023-05-05,1022,2001,East,6,827.1,0.05
5513,2023-05-05,1099,2045,East,8,5.25,0.15
6106,2023-05-05,1054,2042,East,3,5.83,0.1
6694,2023-05-05,1073,2002,East,8,1255.33,0.15
6784,2023-05-05,1085,2007,East,6,42.92,0.0
7119,2023-05-05,1098,2040,South,3,16.57,0.15
7287,2023-05-05,1056,2034,South,7,18.93,0.0
7304,2023-05-05,1060,2005,North,9,1032.25,0.1
5336,2023-05-06,1002,2041,West,9,4.97,0.0
6108,2023-05-06,1011,2005,South,3,888.52,0.0
6128,2023-05-06,1095,2025,East,1,650.09,0.05
6251,2023-05-06,1084,2032,South,5,20.35,0.0
6650,2023-05-06,1011,2016,East,2,484.36,0.0
6711,2023-05-06,1007,2004,South,4,1245.88,0.0
6723,2023-05-06,1100,2017,West,9,360.46,0.05
6794,2023-05-06,1026,2025,South,6,765.22,0.0
6312,2023-05-07,1089,2026,East,5,178.47,0.0
6350,2023-05-07,1093,2017,South,4,411.27,0.05
6508,2023-05-07,1090,2043,North,2,9.02,0.15
6598,2023-05-07,1054,2043,South,8,9.35,0.0
6947,2023-05-07,1038,2024,West,8,937.11,0.0
5909,2023-05-08,1010,2011,South,4,1191.24,0.15
6064,2023-05-08,1024,2016,East,4,399.58,0.05
6250,2023-05-08,1002,2012,West,9,671.76,0.05
6436,2023-05-08,1063,2026,West,7,490.61,0.05
6482,2023-05-08,1025,2042,South,3,7.09,0.05
6725,2023-05-08,1029,2038,West,3,5.34,0.05
7244,2023-05-08,1041,2034,South,8,9.97,0.05
5466,2023-05-09,1023,2027,North,6,111.88,0.0
5556,2023-05-09,1018,2044,South,1,11.53,0.05
5682,2023-05-09,1094,2014,North,2,943.86,0.0
5177,2023-05-10,1048,2030,South,8,110.17,0.0
5551,2023-05-10,1016,2018,East,1,146.62,0.1
5666,2023-05-10,1036,2010,East,8,18.69,0.0
6512,2023-05-10,1073,2037,East,6,4.4,0.0
7393,2023-05-10,1004,2029,North,7,542.3,0.05
5251,2023-05-11,1032,2011,North,7,806.15,0.05
5335,2023-05-11,1021,2025,North,8,560.12,0.1
6472,2023-05-11,1024,2018,South,9,355.29,0.15
6641,2023-05-11,1001,2011,North,9,1191.45,0.0
6789,2023-05-11,1067,2025,East,3,709.7,0.0
6985,2023-05-11,1057,2017,West,3,334.92,0.1
7046,2023-05-11,1055,2028,East,5,498.46,0.0
5117,2023-05-12,1022,2005,West,6,1851.75,0.05
5371,2023-05-12,1045,2033,East,5,20.63,0.0
5512,2023-05-12,1066,2015,North,5,365.15,0.0
5787,2023-05-12,1021,2036,South,7,16.95,0.0
6199,2023-05-12,1070,2026,East,6,150.0,0.0
6383,2023-05-12,1096,2028,North,5,563.72,0.0
6433,2023-05-12,1085,2019,North,1,402.16,0.1
5406,2023-05-13,1017,2002,North,9,1808.77,0.0
5789,2023-05-13,1004,2029,South,1,423.46,0.0
6080,2023-05-13,1068,2001,East,9,1854.99,0.0
6135,2023-05-13,1086,2013,East,8,1086.4,0.1
6179,2023-05-13,1007,2003,West,9,1779.38,0.15
6266,2023-05-13,1024,2001,North,9,1131.73,0.0
6268,2023-05-13,1008,2005,East,6,1832.68,0.0
6352,2023-05-13,1038,2014,North,4,503.36,0.0
6448,2023-05-13,1020,2020,South,1,427.85,0.0
6754,2023-05-13,1017,2006,North,4,59.38,0.15
6813,2023-05-13,1012,2021,East,9,441.49,0.0
7034,2023-05-13,1048,2035,North,1,33.18,0.0
7222,2023-05-13,1091,2036,North,4,11.7,0.1
7404,2023-05-13,1059,2019,South,1,499.63,0.05
7431,2023-05-13,1099,2043,South,7,2.15,0.0
5350,2023-05-14,1039,2036,North,6,18.65,0.0
5501,2023-05-14,1033,2023,East,2,608.85,0.0
5511,2023-05-14,1001,2038,South,4,7.98,0.0
5804,2023-05-14,1018,2044,West,6,12.3,0.0
5807,2023-05-14,1077,2042,East,3,5.4,0.0
5819,2023-05-14,1061,2029,North,3,126.61,0.0
6222,2023-05-14,1070,2028,West,3,302.28,0.1
6384,2023-05-14,1074,2041,West,7,12.88,0.15
6541,2023-05-14,1073,2018,South,7,481.23,0.0
6917,2023-05-14,1037,2030,West,6,262.19,0.1
5305,2023-05-15,1058,2026,West,4,467.99,0.0
5523,2023-05-15,1071,2005,South,6,920.9,0.05
5817,2023-05-15,1037,2009,West,5,132.68,0.1
6139,2023-05-15,1053,2007,West,6,82.43,0.0
6471,2023-05-15,1080,2013,North,7,468.97,0.0
6473,2023-05-15,1067,2010,South,2,76.6,0.05
6572,2023-05-15,1040,2026,North,3,344.8,0.0
6661,2023-05-15,1072,2002,East,8,1597.57,0.05
6882,2023-05-15,1009,2044,West,3,14.0,0.05
7055,2023-05-15,1034,2037,West,5,9.13,0.15
7238,2023-05-15,1060,2031,South,8,27.63,0.0
5004,2023-05-16,1078,2003,West,7,922.65,0.0
5085,2023-05-16,1028,2015,North,2,1164.1,0.15
5119,2023-05-16,1002,2034,West,9,38.85,0.0
5680,2023-05-16,1034,2008,West,7,119.91,0.0
6083,2023-05-16,1071,2018,West,6,345.73,0.0
6264,2023-05-16,1042,2003,East,1,1591.08,0.0
7379,2023-05-16,1045,2009,South,3,145.86,0.05
5007,2023-05-17,1086,2039,South,6,16.99,0.0
5041,2023-05-17,1032,2033,West,7,32.38,0.1
5140,2023-05-17,1089,2030,West,9,587.27,0.0
5308,2023-05-17,1074,2025,South,6,738.77,0.15
6602,2023-05-17,1094,2036,West,8,14.64,0.05
6633,2023-05-17,1026,2016,East,5,482.96,0.1
6663,2023-05-17,1086,2006,North,9,65.2,0.1
6946,2023-05-17,1040,2002,East,9,1747.22,0.0
7171,2023-05-17,1016,2008,East,6,33.46,0.1
5252,2023-05-18,1007,2014,West,2,1062.42,0.05
5274,2023-05-18,1011,2014,East,5,377.12,0.1
5333,2023-05-18,1100,2010,North,5,84.83,0.0
5390,2023-05-18,1061,2024,North,6,1089.57,0.1
5889,2023-05-18,1015,2005,East,8,1503.23,0.05
5890,2023-05-18,1003,2014,North,1,358.91,0.0
6430,2023-05-18,1054,2037,East,9,10.16,0.15
6910,2023-05-18,1048,2016,West,9,150.53,0.0
5525,2023-05-19,1013,2024,East,3,379.89,0.15
6180,2023-05-19,1049,2031,East,2,38.15,0.0
7225,2023-05-19,1075,2042,West,9,14.85,0.05
7400,2023-05-19,1018,2025,West,9,1018.34,0.0
5428,2023-05-20,1059,2031,South,6,18.04,0.0
6793,2023-05-20,1090,2017,South,5,158.7,0.1
5411,2023-05-21,1058,2006,North,3,80.82,0.0
5486,2023-05-21,1082,2041,West,6,14.75,0.0
5599,2023-05-21,1082,2044,West,5,14.5,0.0
5637,2023-05-21,1021,2003,South,8,1438.73,0.05
6040,2023-05-21,1029,2016,North,6,232.38,0.1
6315,2023-05-21,1039,2035,West,6,35.08,0.0
6341,2023-05-21,1033,2018,East,7,349.5,0.0
6387,2023-05-21,1017,2038,South,4,3.11,0.0
6425,2023-05-21,1044,2019,East,5,295.96,0.0
6693,2023-05-21,1052,2024,South,7,368.38,0.0
5043,2023-05-23,1009,2007,South,4,45.09,0.0
5139,2023-05-23,1015,2019,East,2,174.18,0.0
5219,2023-05-23,1032,2038,North,5,17.87,0.05
5329,2023-05-23,1020,2044,East,2,11.12,0.05
5615,2023-05-23,1071,2009,North,2,70.37,0.05
5881,2023-05-23,1095,2024,West,1,539.0,0.15
5903,2023-05-23,1015,2015,East,4,488.18,0.15
6294,2023-05-23,1018,2041,North,7,7.78,0.05
6395,2023-05-23,1077,2009,South,6,89.26,0.1
6877,2023-05-23,1083,2041,North,2,2.62,0.0
7088,2023-05-23,1018,2008,North,1,70.35,0.0
7228,2023-05-23,1039,2025,North,3,331.91,0.0
7372,2023-05-23,1069,2025,North,1,826.7,0.05
7407,2023-05-23,1030,2042,West,3,7.11,0.1
5520,2023-05-24,1066,2010,West,8,132.28,0.0
5661,2023-05-24,1100,2011,West,9,427.88,0.15
6165,2023-05-24,1092,2040,North,4,23.82,0.0
6599,2023-05-24,1061,2002,West,6,1892.18,0.05
6879,2023-05-24,1082,2029,South,3,421.04,0.0
6927,2023-05-24,1086,2017,West,6,138.05,0.05
7176,2023-05-24,1085,2030,West,3,240.43,0.0
7499,2023-05-24,1033,2005,South,3,1037.94,0.0
5207,2023-05-25,1007,2010,South,4,76.73,0.0
5255,2023-05-25,1042,2042,North,4,11.04,0.0
5033,2023-05-26,1048,2003,West,6,958.95,0.1
5228,2023-05-26,1043,2033,East,1,35.69,0.0
5499,2023-05-26,1011,2010,West,3,28.19,0.0
5869,2023-05-26,1039,2018,North,9,492.84,0.1
5949,2023-05-26,1050,2020,West,3,285.22,0.0
6734,2023-05-26,1079,2044,East,5,3.4,0.05
6735,2023-05-26,1089,2013,East,9,441.65,0.0
5263,2023-05-27,1069,2020,East,1,311.69,0.0
5449,2023-05-27,1069,2004,West,7,1499.37,0.05
5857,2023-05-27,1044,2039,West,1,19.92,0.0
6847,2023-05-27,1074,2035,East,2,7.48,0.1
5107,2023-05-28,1088,2019,North,1,446.4,0.05
5621,2023-05-28,1091,2010,East,8,148.27,0.1
5722,2023-05-28,1023,2041,South,8,4.45,0.0
5809,2023-05-28,1035,2037,West,4,18.7,0.15
6205,2023-05-28,1045,2013,South,2,1050.75,0.0
6261,2023-05-28,1087,2041,East,9,12.5,0.0
6302,2023-05-28,1015,2029,North,9,398.92,0.0
6547,2023-05-28,1068,2019,North,8,90.63,0.0
6705,2023-05-28,1001,2002,South,1,994.5,0.0
6755,2023-05-28,1013,2003,North,7,1298.69,0.0
6935,2023-05-28,1048,2016,East,9,134.49,0.15
5447,2023-05-29,1080,2040,North,9,21.94,0.05
5664,2023-05-29,1038,2030,West,7,466.91,0.0
5686,2023-05-29,1099,2021,South,6,565.36,0.0
5893,2023-05-29,1080,2045,West,1,7.87,0.1
6053,2023-05-29,1016,2008,West,4,138.4,0.1
6077,2023-05-29,1017,2025,East,3,990.89,0.05
6832,2023-05-29,1048,2043,West,7,14.29,0.0
6834,2023-05-29,1036,2041,South,8,10.69,0.0
7067,2023-05-29,1071,2034,East,5,32.89,0.0
7342,2023-05-29,1067,2038,South,2,6.6,0.05
5098,2023-05-30,1092,2016,North,2,273.81,0.05
5855,2023-05-30,1021,2031,West,2,10.85,0.1
6934,2023-05-30,1057,2029,West,4,172.04,0.0
7305,2023-05-30,1049,2013,North,9,485.63,0.1
7476,2023-05-30,1038,2010,North,4,77.35,0.1
5373,2023-05-31,1005,2004,North,4,1746.48,0.0
5653,2023-05-31,1017,2043,East,1,14.87,0.05
5678,2023-05-31,1033,2014,East,3,890.76,0.1
5769,2023-05-31,1026,2011,West,9,984.15,0.1
5938,2023-05-31,1011,2002,South,5,1330.03,0.05
6864,2023-05-31,1029,2037,West,4,23.97,0.0
6911,2023-05-31,1079,2009,South,7,77.19,0.0
7425,2023-05-31,1002,2037,South,4,23.92,0.0
5470,2023-06-01,1070,2024,South,4,356.32,0.0
5558,2023-06-01,1058,2008,East,9,132.13,0.0
6124,2023-06-01,1022,2033,South,2,24.15,0.05
6479,2023-06-01,1052,2042,South,7,9.03,0.1
6605,2023-06-01,1016,2040,East,4,7.4,0.15
7269,2023-06-01,1080,2017,North,3,274.57,0.05
7330,2023-06-01,1096,2038,East,5,19.99,0.0
5015,2023-06-02,1081,2043,North,3,14.63,0.05
5868,2023-06-02,1058,2035,West,1,17.41,0.1
6622,2023-06-02,1096,2004,East,4,1765.56,0.0
6628,2023-06-02,1003,2024,South,6,941.85,0.0
6771,2023-06-02,1070,2041,West,9,12.55,0.15
7104,2023-06-02,1081,2028,West,7,500.1,0.15
5786,2023-06-03,1098,2032,West,3,17.75,0.0
6457,2023-06-03,1084,2036,South,5,10.8,0.1
6662,2023-06-03,1019,2027,North,2,391.06,0.05
7072,2023-06-03,1048,2039,East,2,8.91,0.0
7358,2023-06-03,1018,2045,North,1,11.32,0.0
5121,2023-06-04,1090,2040,South,2,7.87,0.05
5232,2023-06-04,1043,2037,West,7,3.15,0.0
5324,2023-06-04,1085,2015,East,5,949.06,0.1
5814,2023-06-04,1049,2038,East,1,24.93,0.0
5991,2023-06-04,1089,2030,South,7,554.97,0.0
5652,2023-06-05,1087,2014,West,6,476.1,0.0
5685,2023-06-05,1088,2019,South,9,130.91,0.15
5850,2023-06-05,1064,2017,South,8,145.65,0.0
5862,2023-06-05,1071,2045,East,7,14.64,0.0
5876,2023-06-05,1048,2003,South,3,848.34,0.0
5980,2023-06-05,1032,2024,North,4,511.46,0.0
7321,2023-06-05,1050,2038,South,1,12.67,0.0
7439,2023-06-05,1066,2022,West,1,561.61,0.0
5184,2023-06-06,1038,2027,South,6,372.74,0.0
5478,2023-06-06,1046,2038,South,6,5.95,0.1
5586,2023-06-06,1015,2035,East,5,37.44,0.0
5944,2023-06-06,1017,2037,North,9,12.65,0.0
6041,2023-06-06,1068,2002,North,2,1254.36,0.1
6461,2023-06-06,1027,2042,North,2,6.75,0.1
5407,2023-06-07,1029,2037,North,6,23.83,0.05
5625,2023-06-07,1009,2012,South,4,310.17,0.1
6093,2023-06-07,1021,2036,West,8,7.45,0.1
7356,2023-06-07,1061,2011,East,9,523.76,0.0
7440,2023-06-07,1027,2023,West,3,1173.55,0.0
5536,2023-06-08,1050,2036,West,3,5.29,0.0
6204,2023-06-08,1036,2008,West,7,134.88,0.05
6363,2023-06-08,1012,2037,North,6,5.86,0.1
6513,2023-06-08,1058,2045,North,3,8.38,0.15
6732,2023-06-08,1022,2008,North,6,106.63,0.05
5068,2023-06-09,1004,2026,North,3,488.9,0.15
5595,2023-06-09,1055,2010,East,4,144.68,0.0
6328,2023-06-09,1001,2009,South,7,16.33,0.0
6524,2023-06-09,1016,2029,West,1,115.17,0.15
7277,2023-06-09,1052,2023,South,7,720.78,0.05
5031,2023-06-10,1086,2015,South,9,373.79,0.0
5047,2023-06-10,1080,2042,West,2,6.73,0.15
5453,2023-06-10,1088,2008,South,1,108.55,0.15
5516,2023-06-10,1061,2031,West,6,18.96,0.0
6127,2023-06-10,1080,2019,East,3,439.94,0.0
6213,2023-06-10,1089,2037,East,7,11.27,0.0
6344,2023-06-10,1008,2032,East,2,7.9,0.0
6608,2023-06-10,1098,2012,East,7,702.02,0.05
6682,2023-06-10,1050,2004,South,8,1553.74,0.05
7219,2023-06-10,1011,2002,North,4,1355.21,0.0
7390,2023-06-10,1078,2004,South,1,1950.12,0.0
5180,2023-06-11,1006,2009,North,4,19.99,0.0
5467,2023-06-11,1056,2022,East,7,1110.99,0.0
5572,2023-06-11,1028,2040,West,5,5.97,0.0
6013,2023-06-11,1059,2002,North,4,1423.7,0.0
6038,2023-06-11,1020,2017,South,9,380.07,0.05
6195,2023-06-11,1022,2010,East,5,79.36,0.1
6431,2023-06-11,1096,2003,South,5,1244.95,0.0
6742,2023-06-11,1085,2043,East,6,7.84,0.1
7032,2023-06-11,1040,2021,North,7,526.87,0.0
7110,2023-06-11,1030,2017,East,1,150.64,0.0
5055,2023-06-12,1077,2001,West,8,1347.75,0.05
6138,2023-06-12,1094,2027,West,3,138.9,0.0
6498,2023-06-12,1030,2034,East,6,34.98,0.0
6591,2023-06-12,1018,2037,North,7,6.13,0.0
6990,2023-06-12,1009,2043,West,6,9.46,0.0
5249,2023-06-13,1068,2024,East,6,246.88,0.15
5731,2023-06-13,1059,2036,West,7,23.25,0.15
6069,2023-06-13,1032,2016,East,5,193.08,0.15
6587,2023-06-13,1012,2026,West,8,437.02,0.0
7003,2023-06-13,1061,2017,North,1,105.92,0.0
7033,2023-06-13,1040,2024,West,1,539.92,0.05
7265,2023-06-13,1061,2038,West,5,12.11,0.0
5132,2023-06-14,1011,2044,South,8,10.92,0.1
6815,2023-06-14,1095,2025,East,7,642.35,0.1
6956,2023-06-14,1074,2003,West,7,1083.54,0.05
7361,2023-06-14,1070,2018,East,1,181.64,0.1
7473,2023-06-14,1044,2039,South,2,21.82,0.0
5090,2023-06-15,1095,2020,West,2,287.39,0.05
5094,2023-06-15,1033,2024,North,9,1013.57,0.0
5364,2023-06-15,1023,2011,South,4,598.56,0.1
5457,2023-06-15,1020,2003,North,8,806.77,0.1
5679,2023-06-15,1086,2029,East,5,561.35,0.1
5967,2023-06-15,1042,2032,North,1,30.34,0.0
6401,2023-06-15,1026,2027,West,4,328.88,0.0
6458,2023-06-15,1083,2009,South,1,133.25,0.15
6470,2023-06-15,1051,2041,North,1,3.86,0.1
6500,2023-06-15,1022,2009,West,8,62.33,0.1
6651,2023-06-15,1005,2041,West,6,7.91,0.0
6994,2023-06-15,1098,2011,West,5,736.52,0.0
5402,2023-06-16,1082,2023,West,8,884.41,0.0
5530,2023-06-16,1046,2035,West,9,27.75,0.0
5552,2023-06-16,1056,2018,North,4,452.76,0.15
5569,2023-06-16,1071,2017,West,8,304.24,0.15
5958,2023-06-16,1100,2026,East,2,597.66,0.1
6003,2023-06-16,1006,2021,South,6,1186.18,0.0
6061,2023-06-16,1017,2041,East,9,7.47,0.05
6399,2023-06-16,1003,2020,East,2,291.41,0.05
6702,2023-06-16,1002,2013,North,3,950.89,0.05
6931,2023-06-16,1015,2026,West,3,579.23,0.05
7052,2023-06-16,1030,2041,East,4,5.31,0.0
5205,2023-06-17,1021,2003,West,7,1934.46,0.0
5578,2023-06-17,1020,2039,East,9,4.19,0.0
5768,2023-06-17,1087,2001,South,1,1397.76,0.15
5960,2023-06-17,1018,2027,East,1,298.34,0.0
6620,2023-06-17,1026,2015,South,4,649.58,0.1
6768,2023-06-17,1037,2039,North,5,9.78,0.0
7336,2023-06-17,1028,2002,West,5,946.67,0.0
7357,2023-06-17,1068,2008,North,7,31.37,0.0
5093,2023-06-18,1021,2021,East,7,670.01,0.0
5137,2023-06-18,1072,2003,West,9,1774.12,0.0
5975,2023-06-18,1057,2017,East,1,237.81,0.0
6055,2023-06-18,1059,2034,North,8,36.24,0.0
6276,2023-06-18,1032,2025,East,5,641.02,0.0
7070,2023-06-18,1036,2006,North,7,76.7,0.15
7373,2023-06-18,1099,2038,East,6,22.17,0.0
6310,2023-06-19,1048,2030,North,4,297.76,0.0
6722,2023-06-19,1095,2039,East,5,24.02,0.05
6900,2023-06-19,1005,2023,North,1,983.35,0.15
6987,2023-06-19,1040,2021,South,5,257.58,0.0
5715,2023-06-20,1089,2028,North,1,413.41,0.1
5813,2023-06-20,1007,2004,East,5,1683.32,0.0
5911,2023-06-20,1007,2043,South,8,5.21,0.0
6444,2023-06-20,1074,2011,East,6,1163.81,0.1
6769,2023-06-20,1034,2002,North,2,1917.69,0.0
6929,2023-06-20,1055,2013,West,2,1162.2,0.15
7137,2023-06-20,1048,2024,North,2,306.42,0.05
5528,2023-06-21,1058,2002,East,5,872.04,0.0
5673,2023-06-21,1035,2035,East,7,27.31,0.05
5718,2023-06-21,1018,2022,West,2,848.17,0.05
5739,2023-06-21,1068,2040,South,3,16.15,0.0
5908,2023-06-21,1025,2033,North,9,37.14,0.0
5972,2023-06-21,1009,2027,East,6,266.02,0.15
6196,2023-06-21,1055,2018,East,3,457.95,0.15
6295,2023-06-21,1065,2033,South,4,33.13,0.1
6743,2023-06-21,1063,2042,South,3,2.1,0.15
6849,2023-06-21,1036,2007,North,9,142.12,0.0
6876,2023-06-21,1079,2034,North,2,22.64,0.0
7130,2023-06-21,1059,2030,South,5,563.76,0.1
7362,2023-06-21,1084,2044,South,5,3.17,0.0
7367,2023-06-21,1027,2016,South,8,341.85,0.15
7101,2023-06-22,1031,2007,East,6,146.06,0.0
7196,2023-06-22,1080,2037,South,6,6.93,0.0
7240,2023-06-22,1097,2010,North,7,142.48,0.0
5020,2023-06-23,1009,2038,South,9,12.64,0.0
5158,2023-06-23,1053,2025,South,6,809.81,0.0
5182,2023-06-23,1050,2036,West,7,20.59,0.1
5210,2023-06-23,1048,2028,North,2,512.66,0.0
6407,2023-06-23,1085,2005,South,2,1704.29,0.1
6564,2023-06-23,1061,2036,West,6,10.98,0.05
7459,2023-06-23,1063,2029,East,8,225.66,0.1
5003,2023-06-24,1055,2039,North,1,15.96,0.1
5836,2023-06-24,1034,2008,South,8,57.38,0.1
5897,2023-06-24,1042,2028,East,8,417.58,0.0
7025,2023-06-24,1042,2020,West,5,240.09,0.05
5532,2023-06-25,1021,2029,North,7,415.64,0.1
5668,2023-06-25,1005,2022,West,4,461.25,0.0
6673,2023-06-25,1063,2030,North,3,447.62,0.0
6980,2023-06-25,1014,2003,West,3,1337.31,0.05
7043,2023-06-25,1062,2007,East,9,22.22,0.0
7202,2023-06-25,1087,2038,East,5,4.9,0.0
5101,2023-06-26,1062,2005,South,8,1495.91,0.1
5203,2023-06-26,1094,2022,East,3,540.19,0.0
5414,2023-06-26,1089,2045,South,1,4.48,0.05
5472,2023-06-26,1093,2015,West,2,792.77,0.0
5583,2023-06-26,1042,2006,South,7,30.19,0.0
6050,2023-06-26,1096,2002,East,1,1893.06,0.1
6886,2023-06-26,1074,2035,East,6,39.28,0.0
7134,2023-06-26,1012,2006,South,3,108.81,0.0
5521,2023-06-27,1065,2027,East,7,127.07,0.0
5539,2023-06-27,1040,2024,East,7,831.05,0.05
5954,2023-06-27,1059,2040,West,2,3.86,0.0
6254,2023-06-27,1007,2010,East,6,135.55,0.1
6289,2023-06-27,1013,2032,East,5,20.07,0.05
6354,2023-06-27,1056,2020,West,9,241.99,0.05
6372,2023-06-27,1011,2007,South,9,37.08,0.1
6493,2023-06-27,1006,2007,East,7,63.69,0.1
6715,2023-06-27,1059,2005,West,8,1245.52,0.0
7085,2023-06-27,1071,2043,North,6,11.37,0.0
7184,2023-06-27,1080,2039,North,1,24.86,0.0
7446,2023-06-27,1003,2010,West,7,18.13,0.0
5220,2023-06-28,1062,2018,East,4,403.89,0.1
5699,2023-06-28,1039,2001,North,8,1515.53,0.05
5756,2023-06-28,1075,2018,West,3,92.29,0.1
5987,2023-06-28,1097,2035,West,7,10.68,0.15
6018,2023-06-28,1061,2007,South,9,148.79,0.0
6141,2023-06-28,1028,2007,East,9,71.72,0.1
6497,2023-06-28,1097,2022,East,9,409.38,0.05
6983,2023-06-28,1024,2007,East,4,30.42,0.0
7292,2023-06-28,1029,2042,East,9,3.29,0.1
7378,2023-06-28,1015,2026,East,1,216.27,0.05
5042,2023-06-29,1059,2009,West,8,132.74,0.0
5065,2023-06-29,1007,2009,West,2,49.06,0.0
6545,2023-06-29,1023,2031,South,6,38.2,0.1
6939,2023-06-29,1024,2014,North,2,663.62,0.05
7436,2023-06-29,1050,2019,South,9,494.48,0.0
5719,2023-06-30,1042,2004,West,4,1684.86,0.1
5936,2023-06-30,1067,2008,South,3,89.32,0.1
6095,2023-06-30,1019,2019,South,4,139.57,0.0
7209,2023-06-30,1054,2020,East,9,484.81,0.05
7463,2023-06-30,1071,2035,West,7,6.33,0.05
5074,2023-07-01,1028,2039,North,8,10.4,0.1
5834,2023-07-01,1033,2040,East,2,12.35,0.0
5852,2023-07-01,1044,2036,South,2,16.59,0.05
6284,2023-07-01,1095,2003,North,2,1509.77,0.15
6432,2023-07-01,1053,2024,South,1,962.7,0.1
6476,2023-07-01,1096,2030,North,4,197.44,0.1
6570,2023-07-01,1011,2032,West,6,38.66,0.0
7453,2023-07-01,1020,2025,West,2,614.94,0.1
6854,2023-07-02,1044,2017,South,3,121.98,0.1
7148,2023-07-02,1059,2001,South,4,1213.32,0.15
5359,2023-07-03,1068,2005,West,5,1062.82,0.0
5900,2023-07-03,1077,2004,South,6,1606.7,0.15
7477,2023-07-03,1005,2028,South,7,485.85,0.1
5618,2023-07-04,1075,2025,South,9,772.28,0.0
5925,2023-07-04,1098,2005,East,5,938.23,0.0
6105,2023-07-04,1045,2035,North,3,21.59,0.15
6202,2023-07-04,1056,2042,East,1,6.64,0.0
6773,2023-07-04,1061,2007,South,1,24.28,0.0
5902,2023-07-05,1064,2038,North,5,7.21,0.1
5924,2023-07-05,1001,2013,North,7,1026.54,0.0
6309,2023-07-05,1027,2038,North,9,19.87,0.0
6410,2023-07-05,1073,2002,West,5,977.63,0.0
5643,2023-07-06,1034,2024,West,4,670.55,0.0
6507,2023-07-06,1048,2029,South,6,473.4,0.1
6895,2023-07-06,1002,2019,West,7,179.1,0.05
7243,2023-07-06,1059,2004,South,2,1329.17,0.05
5208,2023-07-07,1034,2029,South,1,242.87,0.1
5660,2023-07-08,1091,2025,East,1,776.35,0.15
6658,2023-07-08,1089,2023,East,7,994.34,0.0
7080,2023-07-08,1074,2029,North,2,107.35,0.05
7218,2023-07-08,1023,2023,East,6,405.89,0.05
5811,2023-07-09,1032,2022,South,5,228.77,0.0
6292,2023-07-09,1004,2020,West,4,305.92,0.0
6823,2023-07-09,1042,2001,East,3,1082.96,0.1
6915,2023-07-09,1088,2035,East,4,12.76,0.0
7077,2023-07-09,1004,2021,North,8,672.48,0.1
7294,2023-07-09,1081,2009,South,2,81.56,0.05
7486,2023-07-09,1100,2005,East,4,1992.38,0.0
5316,2023-07-10,1011,2043,South,5,4.07,0.0
5524,2023-07-10,1090,2015,North,3,608.79,0.05
6072,2023-07-10,1078,2033,East,6,30.95,0.1
6107,2023-07-10,1055,2002,North,3,940.68,0.0
6317,2023-07-10,1051,2005,East,7,1407.91,0.0
6536,2023-07-10,1030,2032,West,6,28.09,0.15
6763,2023-07-10,1086,2026,North,1,326.45,0.05
6976,2023-07-10,1045,2023,East,6,822.91,0.0
7382,2023-07-10,1035,2040,North,5,21.46,0.0
5413,2023-07-11,1094,2024,East,7,1165.33,0.0
6177,2023-07-11,1016,2036,East,8,11.65,0.05
6271,2023-07-11,1084,2016,South,6,217.15,0.0
6443,2023-07-11,1066,2014,North,1,1025.46,0.1
6557,2023-07-11,1053,2040,West,8,11.0,0.05
6597,2023-07-11,1044,2005,East,2,1314.8,0.05
7002,2023-07-11,1065,2038,South,4,14.48,0.05
5164,2023-07-12,1077,2045,East,6,2.49,0.1
5500,2023-07-12,1001,2023,North,1,389.02,0.05
5570,2023-07-12,1028,2039,East,6,21.18,0.05
6323,2023-07-12,1010,2010,South,2,89.9,0.15
6393,2023-07-12,1031,2011,East,5,976.25,0.05
6708,2023-07-12,1049,2035,West,5,39.82,0.0
7010,2023-07-12,1079,2016,South,7,451.6,0.1
7023,2023-07-12,1081,2021,West,6,987.28,0.05
7398,2023-07-12,1024,2038,South,8,19.32,0.1
5241,2023-07-13,1058,2012,West,7,989.24,0.0
5372,2023-07-13,1064,2041,West,7,7.02,0.15
5435,2023-07-13,1083,2012,North,5,597.81,0.0
5805,2023-07-13,1051,2013,South,4,1019.58,0.0
5981,2023-07-13,1051,2012,West,8,544.67,0.0
6156,2023-07-13,1032,2022,East,4,852.52,0.0
6273,2023-07-13,1028,2003,East,9,1412.96,0.1
6335,2023-07-13,1051,2024,North,9,527.09,0.1
6538,2023-07-13,1053,2028,North,5,202.44,0.0
6937,2023-07-13,1008,2002,East,1,1527.9,0.05
5008,2023-07-14,1060,2036,North,3,16.4,0.05
5064,2023-07-14,1044,2027,South,7,125.14,0.0
5258,2023-07-14,1030,2015,North,7,821.23,0.0
5419,2023-07-14,1057,2021,North,1,861.97,0.0
5604,2023-07-14,1095,2019,North,7,452.79,0.0
5894,2023-07-14,1088,2016,South,8,472.07,0.0
6052,2023-07-14,1064,2033,North,9,34.38,0.0
6258,2023-07-14,1027,2009,North,7,81.87,0.0
6300,2023-07-14,1079,2005,East,3,1533.46,0.0
6456,2023-07-14,1001,2043,South,9,8.21,0.0
6574,2023-07-14,1061,2041,North,1,11.55,0.0
6818,2023-07-14,1041,2038,West,1,4.26,0.1
6967,2023-07-14,1045,2021,South,4,1039.99,0.1
7392,2023-07-14,1070,2006,North,3,103.34,0.0
5469,2023-07-15,1057,2013,South,5,1008.2,0.05
5498,2023-07-15,1062,2023,West,9,1074.82,0.0
6025,2023-07-15,1084,2039,West,2,20.07,0.1
6382,2023-07-15,1013,2018,East,3,236.57,0.05
6499,2023-07-15,1097,2031,East,6,27.38,0.05
7190,2023-07-15,1026,2024,West,2,987.91,0.1
7210,2023-07-15,1081,2012,East,5,1146.63,0.0
5319,2023-07-16,1030,2001,South,7,1985.79,0.1
5669,2023-07-16,1053,2045,West,3,14.14,0.1
6103,2023-07-16,1030,2040,East,9,13.94,0.05
6332,2023-07-16,1083,2008,East,2,39.07,0.0
6373,2023-07-16,1065,2019,North,1,417.49,0.0
6601,2023-07-16,1013,2037,South,8,13.75,0.1
6690,2023-07-16,1020,2037,South,2,5.21,0.0
5209,2023-07-17,1010,2039,East,9,4.13,0.0
5433,2023-07-17,1083,2026,East,4,316.42,0.0
5549,2023-07-17,1032,2018,West,1,423.25,0.0
6933,2023-07-17,1050,2016,East,5,199.24,0.1
7199,2023-07-17,1100,2045,North,1,6.21,0.1
5277,2023-07-18,1053,2001,North,6,1516.31,0.1
5326,2023-07-18,1017,2020,West,1,109.83,0.15
5358,2023-07-18,1042,2043,East,8,8.24,0.0
5971,2023-07-18,1090,2045,West,2,4.23,0.05
6517,2023-07-18,1088,2006,East,2,59.79,0.15
6758,2023-07-18,1023,2020,North,2,196.89,0.0
6777,2023-07-18,1086,2042,North,4,8.4,0.0
7313,2023-07-18,1046,2025,West,4,555.89,0.0
5452,2023-07-19,1072,2034,West,9,8.59,0.1
5550,2023-07-19,1061,2036,West,2,7.38,0.05
5848,2023-07-19,1092,2040,South,8,21.78,0.0
5964,2023-07-19,1014,2039,East,9,18.33,0.05
6390,2023-07-19,1087,2004,East,8,982.13,0.0
6400,2023-07-19,1084,2019,East,6,367.43,0.0
6017,2023-07-20,1063,2042,West,1,11.11,0.15
6668,2023-07-20,1048,2033,East,1,32.32,0.0
6826,2023-07-20,1016,2045,West,2,4.4,0.0
7155,2023-07-20,1056,2020,North,5,200.51,0.0
5823,2023-07-21,1016,2011,West,1,1098.63,0.0
6019,2023-07-21,1071,2040,North,5,18.99,0.1
6229,2023-07-21,1039,2008,West,3,77.03,0.0
6569,2023-07-21,1087,2026,East,2,543.25,0.0
6671,2023-07-21,1036,2001,North,3,1645.37,0.1
7129,2023-07-21,1050,2023,North,3,442.98,0.1
7153,2023-07-21,1054,2016,West,9,234.09,0.1
7154,2023-07-21,1066,2026,North,7,291.58,0.15
7230,2023-07-21,1043,2008,West,2,29.4,0.0
7317,2023-07-21,1006,2008,East,5,143.21,0.0
5280,2023-07-22,1001,2029,North,4,396.9,0.0
5354,2023-07-22,1056,2033,West,8,9.29,0.0
5839,2023-07-22,1087,2039,West,6,9.66,0.1
6263,2023-07-22,1074,2003,South,4,902.64,0.1
6640,2023-07-22,1089,2022,West,3,1051.1,0.15
7014,2023-07-22,1034,2015,North,1,505.16,0.1
5227,2023-07-23,1005,2026,West,3,556.61,0.0
5272,2023-07-23,1077,2036,West,2,12.62,0.0
5482,2023-07-23,1012,2020,East,5,387.96,0.0
6189,2023-07-23,1020,2023,South,9,465.58,0.0
6501,2023-07-23,1023,2003,East,9,1890.6,0.0
7396,2023-07-23,1083,2043,North,3,13.14,0.0
7427,2023-07-23,1086,2017,North,6,410.25,0.0
6367,2023-07-24,1018,2039,South,2,18.54,0.0
6386,2023-07-24,1078,2008,East,3,115.83,0.0
6506,2023-07-24,1075,2040,West,4,24.96,0.0
6873,2023-07-24,1035,2038,North,2,24.57,0.0
7073,2023-07-24,1013,2042,East,1,14.83,0.1
7087,2023-07-24,1081,2036,North,1,18.63,0.15
7169,2023-07-24,1024,2010,West,5,138.8,0.05
7307,2023-07-24,1021,2043,West,2,14.54,0.1
5026,2023-07-25,1028,2006,South,4,145.81,0.0
5286,2023-07-25,1075,2004,East,2,1746.89,0.0
5860,2023-07-25,1041,2017,North,9,403.46,0.15
5914,2023-07-25,1049,2011,South,1,391.64,0.05
6554,2023-07-25,1030,2018,West,8,140.47,0.0
5311,2023-07-26,1012,2019,West,2,237.57,0.05
5403,2023-07-26,1077,2033,West,9,11.59,0.1
6216,2023-07-26,1017,2020,West,5,457.96,0.0
6396,2023-07-26,1029,2001,East,6,1597.08,0.05
5148,2023-07-27,1015,2008,South,7,92.73,0.1
5645,2023-07-27,1014,2012,North,6,554.03,0.05
5864,2023-07-27,1084,2025,West,8,824.36,0.1
6621,2023-07-27,1066,2038,East,8,12.94,0.05
7327,2023-07-27,1013,2003,West,6,1004.37,0.0
5891,2023-07-28,1073,2021,North,9,446.32,0.05
6321,2023-07-28,1077,2033,East,3,30.92,0.0
6575,2023-07-28,1055,2023,East,6,896.86,0.0
6669,2023-07-28,1066,2027,West,3,474.3,0.0
6848,2023-07-28,1018,2002,North,8,1276.4,0.0
7147,2023-07-28,1007,2006,South,3,136.3,0.05
7215,2023-07-28,1003,2018,South,1,259.18,0.0
7465,2023-07-28,1015,2018,North,3,372.73,0.0
5875,2023-07-29,1078,2021,West,9,946.5,0.0
5388,2023-07-30,1045,2026,West,2,562.46,0.1
5698,2023-07-30,1058,2039,South,4,18.23,0.0
5950,2023-07-30,1042,2005,North,1,883.98,0.0
6304,2023-07-30,1077,2002,West,8,1728.42,0.1
5344,2023-07-31,1067,2017,North,2,378.89,0.0
5381,2023-07-31,1070,2010,South,2,23.32,0.0
6181,2023-07-31,1075,2030,North,3,330.35,0.0
6796,2023-07-31,1060,2005,North,4,1875.11,0.0
6978,2023-07-31,1095,2001,North,9,1722.99,0.0
7220,2023-07-31,1037,2030,South,6,524.97,0.05
7227,2023-07-31,1091,2038,South,9,22.78,0.0
5116,2023-08-01,1096,2015,South,3,628.38,0.0
5695,2023-08-01,1019,2007,North,3,118.17,0.0
5843,2023-08-01,1056,2004,West,1,861.11,0.0
5985,2023-08-01,1052,2006,South,9,16.73,0.1
6617,2023-08-01,1090,2004,East,5,823.11,0.05
7315,2023-08-01,1021,2019,East,1,463.87,0.05
5083,2023-08-02,1072,2016,South,5,143.73,0.0
5873,2023-08-02,1063,2023,East,7,784.3,0.15
7482,2023-08-02,1058,2029,West,9,192.97,0.1
5343,2023-08-03,1031,2034,East,5,34.72,0.0
6489,2023-08-03,1043,2028,East,5,521.16,0.15
6792,2023-08-03,1071,2026,East,1,174.55,0.0
6891,2023-08-03,1067,2015,North,3,782.62,0.0
7090,2023-08-03,1018,2015,North,5,464.49,0.1
7132,2023-08-03,1031,2009,West,7,57.08,0.0
7296,2023-08-03,1076,2026,South,9,330.32,0.1
6607,2023-08-04,1098,2033,East,5,12.15,0.0
6681,2023-08-04,1073,2009,South,9,76.39,0.05
5027,2023-08-05,1037,2031,West,5,39.49,0.15
5800,2023-08-05,1043,2016,South,8,425.74,0.0
6012,2023-08-05,1050,2045,East,5,11.58,0.0
6166,2023-08-05,1058,2035,East,4,15.91,0.15
6190,2023-08-05,1094,2021,East,6,641.34,0.0
6210,2023-08-05,1050,2031,East,6,21.56,0.0
6646,2023-08-05,1016,2002,South,2,1022.86,0.0
7007,2023-08-05,1075,2020,West,2,228.95,0.0
7188,2023-08-05,1030,2018,North,4,438.2,0.1
5738,2023-08-06,1094,2034,South,7,30.95,0.1
5759,2023-08-06,1049,2040,South,2,7.07,0.0
6048,2023-08-06,1002,2031,East,5,7.96,0.05
6338,2023-08-06,1045,2008,West,6,39.03,0.1
6451,2023-08-06,1021,2028,North,4,535.28,0.05
6932,2023-08-06,1082,2031,North,8,16.34,0.0
7036,2023-08-06,1087,2015,North,4,847.42,0.15
7042,2023-08-06,1082,2043,West,7,7.8,0.1
7325,2023-08-06,1021,2042,South,3,14.0,0.05
7348,2023-08-06,1027,2028,West,2,562.72,0.1
7415,2023-08-06,1071,2028,West,2,371.66,0.15
6143,2023-08-07,1070,2034,South,8,27.71,0.0
6719,2023-08-07,1020,2002,West,4,1033.39,0.0
6944,2023-08-07,1013,2015,West,4,1118.68,0.1
5084,2023-08-08,1076,2027,South,7,487.85,0.0
5175,2023-08-08,1038,2040,East,9,3.36,0.05
5943,2023-08-08,1025,2025,North,8,957.62,0.0
6647,2023-08-08,1039,2036,South,5,18.35,0.0
7019,2023-08-08,1013,2003,North,8,1700.57,0.0
7102,2023-08-08,1096,2035,South,5,7.12,0.15
5146,2023-08-09,1064,2002,North,5,1720.82,0.0
5582,2023-08-09,1100,2025,North,9,816.0,0.0
5681,2023-08-09,1070,2002,North,3,1532.36,0.05
5770,2023-08-09,1005,2023,West,9,742.44,0.05
6248,2023-08-09,1017,2021,South,1,752.5,0.0
6888,2023-08-09,1013,2037,West,5,22.01,0.05
7094,2023-08-09,1010,2044,North,3,2.69,0.0
7387,2023-08-09,1068,2005,South,1,1794.12,0.0
5196,2023-08-10,1017,2015,North,9,610.06,0.05
5273,2023-08-10,1049,2038,South,8,20.24,0.05
5955,2023-08-10,1080,2043,North,3,7.08,0.0
6296,2023-08-10,1005,2015,South,2,904.87,0.1
6494,2023-08-10,1081,2024,South,9,773.34,0.0
6712,2023-08-10,1084,2041,West,1,5.84,0.0
6760,2023-08-10,1097,2022,West,6,678.69,0.0
7071,2023-08-10,1056,2039,East,6,21.35,0.0
7314,2023-08-10,1038,2015,East,8,472.42,0.15
7441,2023-08-10,1082,2009,South,2,88.94,0.0
7500,2023-08-10,1057,2016,South,8,442.47,0.0
5465,2023-08-11,1095,2019,East,4,430.98,0.05
6063,2023-08-11,1002,2012,East,6,346.84,0.0
6087,2023-08-11,1093,2033,North,7,12.14,0.0
6260,2023-08-11,1080,2038,South,4,20.83,0.1
6325,2023-08-11,1016,2040,North,9,13.72,0.0
6370,2023-08-11,1039,2021,North,3,845.58,0.05
6594,2023-08-11,1056,2020,East,4,196.62,0.0
6977,2023-08-11,1060,2007,West,2,48.92,0.0
7290,2023-08-11,1032,2015,South,7,1121.75,0.0
5092,2023-08-12,1075,2009,North,8,85.06,0.15
5147,2023-08-12,1006,2002,West,6,1400.31,0.0
5149,2023-08-12,1032,2005,West,6,1352.12,0.0
5169,2023-08-12,1019,2036,West,3,9.27,0.0
5542,2023-08-12,1072,2008,North,1,95.6,0.05
5885,2023-08-12,1044,2013,West,1,661.62,0.05
6152,2023-08-12,1021,2029,South,3,588.68,0.0
6178,2023-08-12,1089,2032,West,1,6.67,0.0
6727,2023-08-12,1008,2002,West,2,1547.67,0.1
7083,2023-08-12,1018,2030,East,2,172.33,0.05
7166,2023-08-12,1031,2043,South,6,11.38,0.15
5096,2023-08-13,1037,2004,East,1,1550.49,0.0
5427,2023-08-13,1046,2006,North,3,16.31,0.05
6437,2023-08-13,1048,2014,South,1,353.39,0.05
6710,2023-08-13,1030,2022,North,5,849.07,0.0
6817,2023-08-13,1013,2041,North,2,6.19,0.0
7111,2023-08-13,1024,2041,East,1,10.87,0.1
5153,2023-08-14,1020,2030,East,6,324.45,0.1
5304,2023-08-14,1098,2023,West,6,975.11,0.05
5729,2023-08-14,1017,2022,South,2,361.25,0.0
5996,2023-08-14,1053,2017,North,3,104.77,0.1
6717,2023-08-14,1085,2010,South,3,83.3,0.15
5037,2023-08-15,1095,2016,South,3,220.09,0.05
5751,2023-08-15,1018,2032,East,8,37.32,0.0
6339,2023-08-15,1026,2012,West,3,644.21,0.15
6423,2023-08-15,1015,2012,East,5,838.46,0.05
7193,2023-08-15,1042,2038,South,5,14.75,0.1
7276,2023-08-15,1064,2036,East,3,20.48,0.05
7437,2023-08-15,1080,2042,West,5,13.13,0.15
5188,2023-08-16,1048,2025,West,3,232.39,0.05
5191,2023-08-16,1092,2034,South,3,12.01,0.1
5275,2023-08-16,1040,2007,North,6,114.85,0.0
5353,2023-08-16,1083,2025,North,2,786.12,0.0
5639,2023-08-16,1070,2045,West,2,5.18,0.0
5884,2023-08-16,1075,2021,East,4,474.96,0.0
6221,2023-08-16,1065,2001,South,4,1423.79,0.0
6277,2023-08-16,1031,2008,North,6,46.17,0.1
6555,2023-08-16,1058,2012,South,7,1147.69,0.1
7041,2023-08-16,1046,2022,West,3,1074.62,0.05
7109,2023-08-16,1091,2024,West,1,294.75,0.0
5737,2023-08-17,1040,2019,South,6,235.24,0.0
6695,2023-08-17,1056,2016,North,6,243.33,0.0
6948,2023-08-17,1024,2038,East,8,22.04,0.05
6962,2023-08-17,1005,2004,East,3,925.41,0.0
6995,2023-08-17,1079,2020,West,5,361.29,0.05
7311,2023-08-17,1020,2021,North,7,753.33,0.15
7450,2023-08-17,1077,2036,North,1,7.46,0.15
5455,2023-08-18,1038,2030,West,4,469.23,0.1
5846,2023-08-18,1045,2009,West,2,135.03,0.05
6539,2023-08-18,1090,2009,South,1,49.21,0.05
5204,2023-08-19,1035,2033,South,2,23.02,0.0
5995,2023-08-19,1015,2012,North,3,637.19,0.0
6576,2023-08-19,1011,2033,South,9,30.17,0.0
6588,2023-08-19,1041,2028,East,2,449.04,0.05
6798,2023-08-19,1076,2003,South,7,814.04,0.0
6893,2023-08-19,1074,2005,South,6,1012.66,0.0
6926,2023-08-19,1054,2044,East,6,7.41,0.1
5154,2023-08-20,1060,2013,North,1,1016.7,0.0
5292,2023-08-20,1090,2002,South,6,1425.34,0.0
5825,2023-08-20,1080,2023,North,1,794.2,0.0
6698,2023-08-20,1033,2032,North,9,8.23,0.0
5808,2023-08-21,1099,2007,East,2,142.88,0.0
6286,2023-08-21,1084,2040,South,1,4.84,0.05
6485,2023-08-21,1079,2037,East,5,17.53,0.1
6704,2023-08-21,1032,2002,South,6,1090.31,0.05
6894,2023-08-21,1016,2035,West,7,24.06,0.0
7255,2023-08-21,1010,2005,West,1,1299.11,0.05
7258,2023-08-21,1072,2017,South,7,460.23,0.1
5415,2023-08-22,1038,2005,North,3,1506.4,0.0
5761,2023-08-22,1037,2045,North,2,11.39,0.0
6495,2023-08-22,1004,2020,West,6,155.91,0.0
6635,2023-08-22,1048,2039,North,1,20.42,0.0
6909,2023-08-22,1088,2028,East,7,477.78,0.0
5010,2023-08-23,1083,2036,East,6,7.64,0.0
5952,2023-08-23,1088,2039,East,5,6.49,0.05
6496,2023-08-23,1042,2033,West,4,17.33,0.0
6785,2023-08-23,1008,2029,North,1,124.47,0.0
7435,2023-08-23,1017,2022,West,6,363.18,0.1
5218,2023-08-24,1023,2040,South,8,10.15,0.05
5750,2023-08-24,1054,2040,West,9,21.61,0.1
6510,2023-08-24,1007,2005,East,4,1785.29,0.0
5110,2023-08-25,1030,2004,East,4,1543.65,0.05
5607,2023-08-25,1037,2021,South,8,389.85,0.0
5959,2023-08-25,1087,2017,East,8,292.55,0.0
6174,2023-08-25,1001,2005,West,1,825.52,0.05
6403,2023-08-25,1032,2045,West,6,10.34,0.1
6831,2023-08-25,1011,2030,West,2,315.44,0.0
7248,2023-08-25,1070,2033,South,7,7.05,0.15
7391,2023-08-25,1079,2002,South,1,963.87,0.0
5054,2023-08-26,1067,2006,West,4,120.09,0.0
5547,2023-08-26,1048,2004,West,7,1060.63,0.0
5788,2023-08-26,1040,2017,West,4,127.69,0.0
6397,2023-08-26,1043,2024,North,3,356.97,0.0
6421,2023-08-26,1062,2033,West,4,7.13,0.0
6590,2023-08-26,1052,2018,West,8,252.09,0.0
6884,2023-08-26,1011,2037,East,7,7.46,0.0
6938,2023-08-26,1071,2045,North,5,5.18,0.0
6992,2023-08-26,1026,2040,East,8,14.64,0.05
7213,2023-08-26,1072,2028,South,1,339.97,0.0
7492,2023-08-26,1010,2007,North,3,142.4,0.0
5339,2023-08-27,1009,2027,West,9,211.59,0.15
5380,2023-08-27,1057,2023,North,6,1085.49,0.0
5717,2023-08-27,1047,2016,North,6,296.19,0.1
6170,2023-08-27,1028,2023,East,6,322.3,0.05
6839,2023-08-27,1068,2017,East,2,418.5,0.0
6953,2023-08-27,1088,2001,West,9,1118.37,0.0
7454,2023-08-27,1082,2021,East,5,921.76,0.0
5023,2023-08-28,1053,2029,South,2,195.2,0.05
6164,2023-08-28,1038,2034,East,2,11.97,0.0
6184,2023-08-28,1028,2031,North,8,7.63,0.0
6441,2023-08-28,1042,2043,North,8,13.77,0.1
7164,2023-08-28,1048,2045,East,1,8.49,0.0
7295,2023-08-28,1017,2035,North,5,23.29,0.0
5086,2023-08-29,1077,2017,South,3,311.84,0.0
5256,2023-08-29,1013,2023,East,6,508.42,0.05
5485,2023-08-29,1050,2002,West,4,851.37,0.05
5663,2023-08-29,1002,2025,East,1,512.5,0.15
5984,2023-08-29,1018,2014,North,9,554.9,0.05
6426,2023-08-29,1066,2024,South,3,311.47,0.0
7399,2023-08-29,1017,2017,North,6,256.68,0.0
5240,2023-08-30,1009,2018,West,9,374.16,0.15
5493,2023-08-30,1078,2040,North,5,17.03,0.15
5671,2023-08-31,1050,2003,East,9,1371.52,0.0
5999,2023-08-31,1063,2011,West,9,638.1,0.15
6125,2023-08-31,1034,2003,West,2,1224.04,0.0
6133,2023-08-31,1056,2016,West,7,494.88,0.0
6238,2023-08-31,1074,2017,West,9,366.59,0.05
6385,2023-08-31,1074,2040,North,4,21.79,0.1
6805,2023-08-31,1021,2028,North,7,517.37,0.0
7487,2023-08-31,1019,2033,East,9,32.59,0.15
5553,2023-09-01,1089,2010,North,4,31.15,0.0
5921,2023-09-01,1086,2017,South,4,349.03,0.1
6002,2023-09-01,1085,2005,East,4,1135.36,0.0
6422,2023-09-01,1011,2006,North,2,58.05,0.0
6581,2023-09-01,1025,2022,East,2,250.0,0.0
7377,2023-09-01,1037,2023,North,4,1161.8,0.1
5060,2023-09-02,1049,2040,West,1,23.81,0.1
5225,2023-09-02,1061,2020,West,3,490.72,0.0
5234,2023-09-02,1018,2023,North,5,890.29,0.0
5541,2023-09-02,1063,2027,East,8,271.94,0.05
5832,2023-09-02,1011,2045,South,9,10.18,0.0
5988,2023-09-02,1032,2023,East,7,896.46,0.15
6043,2023-09-02,1052,2007,West,9,61.6,0.05
6100,2023-09-02,1093,2042,South,3,12.11,0.0
6318,2023-09-02,1048,2044,North,1,4.91,0.0
6413,2023-09-02,1052,2013,West,9,627.75,0.1
6567,2023-09-02,1049,2019,South,1,120.77,0.0
6904,2023-09-02,1050,2023,South,4,1123.65,0.1
7037,2023-09-02,1055,2002,West,3,982.59,0.15
7141,2023-09-02,1093,2008,North,2,131.94,0.15
5713,2023-09-03,1003,2022,West,5,332.71,0.0
6060,2023-09-03,1026,2004,North,6,1305.27,0.15
6625,2023-09-03,1063,2028,North,7,328.94,0.05
7226,2023-09-03,1015,2001,East,8,1997.25,0.0
5917,2023-09-04,1054,2037,South,3,22.9,0.05
6136,2023-09-04,1054,2004,South,5,1210.42,0.0
6481,2023-09-04,1019,2008,South,2,43.18,0.0
6918,2023-09-04,1015,2005,North,9,943.97,0.1
5072,2023-09-05,1100,2005,West,5,1958.57,0.05
5262,2023-09-05,1079,2002,East,6,1406.88,0.0
5502,2023-09-05,1072,2038,South,7,16.46,0.1
6182,2023-09-05,1042,2025,West,8,727.59,0.05
6278,2023-09-05,1084,2043,West,9,3.04,0.05
6505,2023-09-05,1079,2002,North,5,974.45,0.0
6720,2023-09-05,1094,2017,North,2,80.24,0.0
5703,2023-09-06,1004,2041,North,1,3.36,0.15
5766,2023-09-06,1052,2010,East,7,95.14,0.0
6298,2023-09-06,1020,2020,South,4,238.01,0.05
6604,2023-09-06,1041,2016,West,8,217.43,0.05
6655,2023-09-06,1062,2014,North,3,398.71,0.15
7029,2023-09-06,1049,2017,East,5,122.0,0.0
7364,2023-09-06,1061,2020,West,3,97.89,0.1
5484,2023-09-07,1098,2022,North,8,935.92,0.15
5581,2023-09-07,1026,2020,South,3,262.49,0.1
6561,2023-09-07,1017,2022,West,6,350.68,0.0
7081,2023-09-07,1059,2044,West,9,6.7,0.0
7120,2023-09-07,1053,2038,North,6,6.22,0.0
6916,2023-09-08,1083,2010,North,7,29.34,0.0
6056,2023-09-09,1056,2003,North,3,1868.24,0.0
6881,2023-09-09,1012,2044,East,3,10.73,0.0
6950,2023-09-09,1028,2010,East,9,78.25,0.15
6982,2023-09-09,1036,2001,East,5,1775.6,0.0
7207,2023-09-09,1055,2024,North,9,605.98,0.0
7344,2023-09-09,1100,2023,South,9,638.04,0.15
7409,2023-09-09,1026,2017,West,1,142.17,0.0
5440,2023-09-10,1022,2003,North,6,1457.23,0.1
5957,2023-09-10,1028,2013,East,2,899.99,0.1
6224,2023-09-10,1076,2015,East,8,480.32,0.0
6287,2023-09-10,1039,2025,North,5,922.53,0.15
6424,2023-09-10,1035,2035,South,1,31.44,0.0
7107,2023-09-10,1006,2010,South,6,19.59,0.15
5313,2023-09-11,1028,2038,West,9,21.7,0.0
5325,2023-09-11,1031,2012,West,5,973.06,0.05
5760,2023-09-11,1018,2001,North,6,1713.69,0.0
6158,2023-09-11,1010,2006,North,5,29.46,0.0
6490,2023-09-11,1075,2018,South,2,114.9,0.1
6637,2023-09-11,1087,2004,North,6,1246.53,0.1
7385,2023-09-11,1011,2028,North,7,532.78,0.0
5206,2023-09-12,1040,2042,South,8,11.92,0.15
5631,2023-09-12,1012,2023,South,6,905.27,0.1
5701,2023-09-12,1061,2022,North,4,476.43,0.0
5937,2023-09-12,1048,2005,South,7,1545.35,0.0
6593,2023-09-12,1003,2016,South,8,86.88,0.0
6991,2023-09-12,1077,2035,South,1,26.31,0.1
7359,2023-09-12,1068,2014,West,6,362.71,0.15
5526,2023-09-13,1054,2039,North,3,7.31,0.0
5765,2023-09-13,1093,2017,West,7,329.88,0.0
7177,2023-09-13,1087,2035,East,5,32.91,0.0
7489,2023-09-13,1060,2008,East,1,70.55,0.1
5271,2023-09-14,1011,2030,East,3,265.86,0.1
5608,2023-09-14,1012,2001,East,3,1627.94,0.0
6616,2023-09-14,1018,2031,West,4,6.48,0.15
6745,2023-09-14,1099,2028,North,6,455.68,0.0
6820,2023-09-14,1037,2023,West,2,691.14,0.0
6863,2023-09-14,1099,2040,South,6,8.46,0.05
7122,2023-09-14,1062,2004,West,1,1373.0,0.1
7418,2023-09-14,1043,2036,East,9,10.0,0.05
5383,2023-09-15,1005,2037,West,2,13.48,0.0
5815,2023-09-15,1022,2037,North,9,24.3,0.0
6142,2023-09-15,1040,2005,North,6,1946.13,0.1
6208,2023-09-15,1037,2004,North,1,1222.71,0.0
7261,2023-09-15,1040,2018,West,8,203.66,0.1
5395,2023-09-16,1060,2034,South,6,6.77,0.1
5579,2023-09-16,1074,2016,West,7,362.93,0.15
5711,2023-09-16,1099,2041,South,1,7.43,0.0
5758,2023-09-16,1028,2003,East,9,1006.13,0.0
6005,2023-09-16,1074,2044,West,4,5.82,0.1
6280,2023-09-16,1054,2018,North,6,414.26,0.0
7472,2023-09-16,1063,2008,West,7,138.13,0.0
5163,2023-09-17,1013,2039,South,3,7.22,0.0
6148,2023-09-17,1029,2009,South,7,70.75,0.0
6230,2023-09-17,1091,2009,North,8,65.83,0.05
6269,2023-09-17,1010,2033,South,1,23.92,0.05
5821,2023-09-18,1022,2022,South,2,323.65,0.0
6026,2023-09-18,1086,2008,East,2,16.57,0.0
6533,2023-09-18,1056,2009,West,9,40.41,0.0
7140,2023-09-18,1023,2020,East,3,491.22,0.05
5045,2023-09-19,1078,2031,South,6,25.88,0.1
5050,2023-09-19,1028,2005,South,6,1527.99,0.0
5150,2023-09-19,1010,2024,West,6,1070.52,0.0
5289,2023-09-19,1029,2023,North,7,1165.72,0.0
6068,2023-09-19,1008,2004,South,4,1429.97,0.0
6672,2023-09-19,1061,2008,West,9,55.97,0.05
5238,2023-09-20,1017,2025,North,9,688.83,0.0
5829,2023-09-20,1048,2008,North,3,137.0,0.0
5918,2023-09-20,1056,2037,South,1,6.03,0.0
6162,2023-09-20,1067,2018,East,4,469.16,0.05
6674,2023-09-20,1077,2021,West,5,451.59,0.15
6054,2023-09-21,1083,2002,South,7,802.68,0.0
6716,2023-09-21,1056,2016,West,2,416.51,0.1
7306,2023-09-21,1082,2038,North,1,9.38,0.1
7416,2023-09-21,1076,2017,West,1,97.06,0.15
5492,2023-09-22,1024,2011,South,3,1101.72,0.0
5543,2023-09-22,1031,2019,South,4,427.94,0.0
5870,2023-09-22,1042,2030,South,7,436.22,0.05
7445,2023-09-22,1068,2013,East,9,750.4,0.1
5432,2023-09-23,1044,2005,East,4,1721.03,0.15
6029,2023-09-23,1009,2029,East,9,378.03,0.1
6460,2023-09-23,1023,2008,South,7,65.18,0.1
6675,2023-09-23,1043,2008,South,4,137.47,0.0
5237,2023-09-24,1042,2035,North,4,36.6,0.05
5386,2023-09-24,1036,2031,South,9,8.05,0.0
5420,2023-09-24,1085,2002,East,1,1046.59,0.0
5605,2023-09-24,1005,2040,East,9,16.06,0.05
5622,2023-09-24,1064,2028,East,6,362.7,0.15
5865,2023-09-24,1017,2041,East,6,2.48,0.0
6677,2023-09-24,1075,2008,West,9,111.2,0.0
6706,2023-09-24,1083,2029,South,7,375.16,0.1
6764,2023-09-24,1077,2021,West,8,1169.58,0.0
6852,2023-09-24,1008,2017,West,1,259.14,0.15
7333,2023-09-24,1083,2014,North,2,374.83,0.05
5495,2023-09-25,1026,2015,North,7,361.96,0.0
6112,2023-09-25,1012,2045,North,4,5.98,0.0
6326,2023-09-25,1038,2043,North,6,8.79,0.05
6829,2023-09-25,1022,2016,South,7,139.43,0.05
7456,2023-09-25,1057,2001,East,3,827.16,0.05
5079,2023-09-26,1098,2037,East,8,7.76,0.0
5215,2023-09-26,1022,2023,East,4,1167.07,0.1
5633,2023-09-26,1062,2036,South,9,20.58,0.0
5792,2023-09-26,1075,2017,East,9,179.14,0.15
6051,2023-09-26,1087,2010,West,1,107.35,0.05
6198,2023-09-26,1030,2016,West,1,98.97,0.05
6381,2023-09-26,1094,2028,West,4,585.93,0.15
6691,2023-09-26,1056,2041,East,5,9.04,0.0
5720,2023-09-27,1065,2039,South,2,9.1,0.0
5928,2023-09-27,1022,2032,South,4,15.68,0.0
5933,2023-09-27,1048,2005,South,9,1249.12,0.0
6203,2023-09-27,1058,2004,East,5,1566.48,0.1
7490,2023-09-27,1031,2037,West,2,12.6,0.05
5242,2023-09-28,1051,2025,West,6,332.99,0.0
5757,2023-09-28,1002,2010,East,2,47.65,0.0
7183,2023-09-28,1051,2003,North,2,1072.05,0.1
7328,2023-09-28,1007,2014,North,2,631.42,0.0
7406,2023-09-28,1074,2005,North,7,956.76,0.0
7408,2023-09-28,1074,2023,North,1,649.05,0.05
5133,2023-09-29,1077,2018,South,9,342.21,0.1
5409,2023-09-29,1049,2026,West,4,336.11,0.05
5858,2023-09-29,1020,2018,East,7,380.38,0.0
6168,2023-09-29,1083,2036,South,5,24.08,0.05
6391,2023-09-29,1027,2005,South,8,1961.27,0.05
6428,2023-09-29,1099,2016,South,4,400.4,0.0
6822,2023-09-29,1036,2002,East,6,1253.47,0.0
5243,2023-09-30,1055,2006,East,5,117.08,0.0
5651,2023-09-30,1058,2005,East,1,1883.91,0.1
6502,2023-09-30,1044,2016,North,7,118.03,0.1
6808,2023-09-30,1077,2030,North,6,549.49,0.1
7162,2023-09-30,1047,2043,East,3,14.31,0.1
5106,2023-10-01,1087,2008,West,7,60.71,0.05
5418,2023-10-01,1099,2018,East,1,378.67,0.0
5962,2023-10-01,1016,2017,North,1,151.65,0.05
6247,2023-10-01,1026,2012,West,1,319.3,0.0
6532,2023-10-01,1007,2005,South,9,1697.42,0.0
6701,2023-10-01,1023,2007,North,2,96.36,0.0
6757,2023-10-01,1065,2008,South,2,145.29,0.1
7159,2023-10-01,1006,2017,East,9,122.59,0.1
7298,2023-10-01,1052,2007,West,7,109.7,0.0
5078,2023-10-02,1016,2008,North,4,56.39,0.0
5780,2023-10-02,1010,2013,West,4,1172.48,0.05
6464,2023-10-02,1054,2002,South,2,910.55,0.0
6522,2023-10-02,1024,2038,East,3,21.91,0.0
6552,2023-10-02,1059,2023,West,8,1180.13,0.0
6653,2023-10-02,1050,2044,East,3,2.9,0.0
6862,2023-10-02,1019,2015,East,8,983.55,0.0
7057,2023-10-02,1019,2026,East,6,107.78,0.0
7250,2023-10-02,1030,2037,East,1,23.36,0.0
5122,2023-10-03,1031,2016,North,5,477.43,0.15
5892,2023-10-03,1032,2030,West,3,201.73,0.0
6034,2023-10-03,1078,2019,West,9,371.94,0.15
6679,2023-10-03,1059,2043,West,8,5.19,0.1
5376,2023-10-04,1071,2021,South,4,301.26,0.15
5700,2023-10-04,1098,2022,East,9,317.51,0.15
5730,2023-10-04,1058,2005,North,6,1648.56,0.15
6892,2023-10-04,1030,2014,South,8,1005.96,0.0
7128,2023-10-04,1098,2009,North,1,128.26,0.0
6092,2023-10-05,1014,2002,North,1,1926.32,0.1
7082,2023-10-05,1013,2027,West,7,344.14,0.05
7151,2023-10-05,1095,2036,West,1,23.77,0.0
7266,2023-10-05,1045,2033,West,1,24.85,0.0
5176,2023-10-06,1068,2005,South,2,1299.88,0.05
5459,2023-10-06,1054,2037,East,9,24.05,0.0
5548,2023-10-06,1010,2016,West,3,434.29,0.0
5557,2023-10-06,1024,2039,North,9,15.3,0.1
5747,2023-10-06,1022,2011,East,3,762.48,0.1
5940,2023-10-06,1018,2003,East,5,1100.03,0.0
6979,2023-10-06,1006,2019,South,2,195.99,0.0
5201,2023-10-07,1081,2032,North,7,31.84,0.05
5341,2023-10-07,1094,2042,West,8,8.03,0.15
5694,2023-10-07,1074,2003,West,7,1773.83,0.0
5939,2023-10-07,1005,2036,North,4,20.29,0.0
6613,2023-10-07,1052,2003,North,7,1205.79,0.0
7021,2023-10-07,1074,2026,East,3,486.2,0.1
5374,2023-10-08,1010,2001,North,3,889.04,0.1
5580,2023-10-08,1007,2014,East,6,433.21,0.0
5587,2023-10-08,1034,2017,East,4,390.81,0.0
5801,2023-10-08,1094,2042,South,9,11.08,0.0
6642,2023-10-08,1048,2037,South,6,19.27,0.0
6683,2023-10-08,1014,2003,North,1,1712.15,0.0
6952,2023-10-08,1007,2006,West,6,33.19,0.0
7376,2023-10-08,1027,2010,East,9,83.02,0.15
7394,2023-10-08,1022,2008,North,2,115.37,0.15
7460,2023-10-08,1037,2034,North,2,24.59,0.1
5018,2023-10-09,1061,2011,North,9,1180.19,0.1
5077,2023-10-09,1055,2012,East,6,575.59,0.0
5303,2023-10-09,1064,2005,West,8,1146.4,0.05
5504,2023-10-09,1044,2037,East,3,12.83,0.0
5568,2023-10-09,1024,2039,North,7,18.46,0.1
6770,2023-10-09,1098,2005,South,2,1054.77,0.0
6857,2023-10-09,1086,2015,North,4,1186.63,0.0
7068,2023-10-09,1097,2036,South,1,15.97,0.1
7175,2023-10-09,1094,2023,North,3,1119.75,0.15
7233,2023-10-09,1070,2003,North,4,1275.86,0.0
7285,2023-10-09,1031,2031,West,3,16.43,0.0
5038,2023-10-10,1075,2021,West,3,311.87,0.05
5097,2023-10-10,1002,2036,South,4,24.41,0.1
5134,2023-10-10,1099,2014,East,2,389.26,0.1
5658,2023-10-10,1055,2009,South,7,135.63,0.05
6071,2023-10-10,1088,2019,East,5,232.7,0.0
6253,2023-10-10,1047,2028,South,4,548.82,0.0
7232,2023-10-10,1047,2021,South,4,1122.7,0.15
5845,2023-10-11,1041,2044,South,1,5.01,0.05
5926,2023-10-11,1044,2002,East,4,1140.92,0.1
6153,2023-10-11,1034,2007,East,7,83.07,0.1
6281,2023-10-11,1034,2037,North,8,22.8,0.0
7008,2023-10-11,1089,2014,South,4,1109.63,0.0
7326,2023-10-11,1042,2040,East,6,19.09,0.05
7494,2023-10-11,1074,2035,East,5,18.02,0.0
5456,2023-10-12,1036,2007,North,9,144.93,0.0
5740,2023-10-12,1023,2009,South,7,26.94,0.05
6176,2023-10-12,1011,2004,South,5,1667.9,0.0
6265,2023-10-12,1082,2036,South,8,12.68,0.0
6365,2023-10-12,1088,2002,North,7,1829.31,0.0
7076,2023-10-12,1072,2020,East,1,272.83,0.05
7158,2023-10-12,1084,2002,East,3,1743.0,0.15
7309,2023-10-12,1074,2008,West,4,85.21,0.0
5564,2023-10-13,1047,2009,East,2,140.33,0.0
5771,2023-10-13,1023,2034,North,7,16.01,0.0
6925,2023-10-13,1043,2015,West,6,1070.81,0.0
6965,2023-10-13,1003,2045,North,5,3.35,0.0
7334,2023-10-13,1023,2044,East,9,14.17,0.0
7384,2023-10-13,1094,2042,North,9,11.76,0.15
5253,2023-10-14,1086,2021,East,4,1073.62,0.1
5510,2023-10-14,1093,2025,East,2,215.37,0.15
5872,2023-10-14,1076,2009,East,2,44.0,0.0
6113,2023-10-14,1096,2027,North,1,300.2,0.0
7198,2023-10-14,1030,2019,East,4,195.83,0.0
5301,2023-10-15,1050,2011,North,1,1078.97,0.0
5401,2023-10-15,1048,2025,West,9,302.31,0.15
5820,2023-10-15,1091,2011,South,8,1195.68,0.0
6316,2023-10-15,1053,2020,North,5,277.99,0.0
6530,2023-10-15,1042,2014,East,2,691.62,0.05
6795,2023-10-15,1056,2008,East,4,78.64,0.05
6855,2023-10-15,1055,2015,West,2,465.06,0.0
7074,2023-10-15,1048,2030,East,8,234.43,0.0
7091,2023-10-15,1045,2010,North,6,139.77,0.0
7302,2023-10-15,1003,2023,South,8,262.93,0.05
5213,2023-10-16,1091,2023,East,9,793.72,0.1
5283,2023-10-16,1015,2027,South,5,262.94,0.1
5340,2023-10-16,1038,2043,South,9,6.25,0.0
5362,2023-10-16,1073,2003,South,1,1896.78,0.1
5895,2023-10-16,1069,2042,North,9,9.61,0.0
6528,2023-10-16,1068,2045,East,9,3.28,0.0
6549,2023-10-16,1001,2036,North,2,6.16,0.05
6634,2023-10-16,1006,2002,West,8,1081.78,0.1
6989,2023-10-16,1092,2033,East,9,25.49,0.1
7212,2023-10-16,1037,2001,South,8,1729.51,0.1
5126,2023-10-17,1017,2025,North,1,1171.09,0.1
5265,2023-10-17,1059,2013,West,7,540.59,0.0
5785,2023-10-17,1056,2024,West,9,467.94,0.1
6274,2023-10-17,1029,2032,West,2,18.34,0.15
6666,2023-10-17,1010,2027,West,2,530.59,0.0
7075,2023-10-17,1073,2040,East,9,7.45,0.0
7106,2023-10-17,1027,2005,South,2,1202.68,0.0
7216,2023-10-17,1035,2002,South,1,1364.31,0.05
7286,2023-10-17,1085,2045,East,7,10.96,0.1
5268,2023-10-18,1089,2036,West,1,22.69,0.0
5527,2023-10-18,1072,2010,South,6,87.09,0.1
5726,2023-10-18,1039,2020,South,9,359.66,0.1
5946,2023-10-18,1043,2016,North,1,318.38,0.15
6212,2023-10-18,1039,2008,South,9,33.32,0.0
6237,2023-10-18,1053,2022,South,3,233.24,0.1
6409,2023-10-18,1034,2018,South,8,223.83,0.0
6623,2023-10-18,1030,2040,East,6,20.99,0.0
6726,2023-10-18,1054,2016,West,9,372.9,0.0
6898,2023-10-18,1042,2011,East,3,770.55,0.0
7173,2023-10-18,1058,2043,West,5,12.1,0.0
7280,2023-10-18,1066,2015,South,2,495.26,0.0
5030,2023-10-19,1016,2032,North,2,7.4,0.05
5953,2023-10-19,1043,2002,South,7,1334.88,0.05
6088,2023-10-19,1025,2026,West,8,347.98,0.0
6239,2023-10-19,1010,2025,East,2,1053.42,0.0
6416,2023-10-19,1059,2003,South,2,1530.37,0.05
6611,2023-10-19,1097,2024,South,1,378.0,0.05
5102,2023-10-20,1031,2009,West,6,76.47,0.1
5397,2023-10-20,1021,2018,South,2,394.56,0.0
5574,2023-10-20,1012,2002,West,4,1117.99,0.0
5778,2023-10-20,1049,2039,West,8,8.87,0.05
5935,2023-10-20,1049,2009,South,7,131.53,0.0
6394,2023-10-20,1015,2035,North,2,38.21,0.0
7127,2023-10-20,1005,2032,East,2,15.77,0.0
7303,2023-10-20,1080,2009,South,8,56.44,0.0
7405,2023-10-20,1015,2009,West,9,125.82,0.15
5368,2023-10-21,1090,2029,East,5,253.41,0.0
5665,2023-10-21,1022,2010,South,5,116.17,0.0
5732,2023-10-21,1038,2010,South,6,146.71,0.05
5878,2023-10-21,1062,2006,North,6,31.51,0.0
7168,2023-10-21,1002,2032,East,6,17.01,0.0
5299,2023-10-22,1018,2001,South,3,1019.65,0.05
6359,2023-10-22,1076,2039,East,1,15.03,0.0
6492,2023-10-22,1013,2029,West,2,121.05,0.05
6781,2023-10-22,1015,2001,North,7,1677.5,0.0
6801,2023-10-22,1030,2037,East,6,20.51,0.0
6906,2023-10-22,1080,2039,East,9,13.89,0.05
7355,2023-10-22,1016,2037,West,7,5.78,0.0
5022,2023-10-23,1074,2032,North,8,14.75,0.0
5091,2023-10-23,1035,2017,East,1,484.0,0.15
5334,2023-10-23,1092,2031,North,7,16.73,0.0
5784,2023-10-23,1024,2025,East,1,380.6,0.05
6151,2023-10-23,1007,2042,East,7,9.22,0.0
6361,2023-10-23,1035,2017,South,9,400.53,0.0
6449,2023-10-23,1046,2038,East,4,14.71,0.1
6776,2023-10-23,1035,2045,East,7,5.1,0.0
7079,2023-10-23,1067,2016,West,6,135.73,0.0
5028,2023-10-24,1008,2030,South,8,430.94,0.0
5444,2023-10-24,1089,2025,West,9,682.93,0.1
5480,2023-10-24,1075,2006,East,1,113.2,0.1
5781,2023-10-24,1012,2003,East,7,1995.47,0.1
5941,2023-10-24,1052,2033,South,6,14.86,0.1
6211,2023-10-24,1042,2028,South,5,560.1,0.0
7012,2023-10-24,1046,2005,West,7,1205.62,0.0
5044,2023-10-25,1023,2015,West,1,598.03,0.0
5155,2023-10-25,1060,2003,East,2,892.08,0.05
6215,2023-10-25,1032,2034,South,3,8.1,0.05
6811,2023-10-25,1084,2035,South,2,38.23,0.05
7347,2023-10-25,1043,2035,South,8,11.56,0.1
6085,2023-10-26,1100,2033,West,9,39.01,0.05
6412,2023-10-26,1028,2037,North,7,16.36,0.0
6656,2023-10-26,1088,2002,North,1,1726.96,0.0
6860,2023-10-26,1033,2005,South,1,1018.13,0.1
7150,2023-10-26,1021,2031,North,7,21.44,0.1
7237,2023-10-26,1097,2028,South,3,455.38,0.05
5347,2023-10-27,1099,2039,North,2,8.98,0.15
5476,2023-10-27,1089,2002,East,8,1181.34,0.0
5741,2023-10-27,1039,2022,East,7,399.26,0.0
5842,2023-10-27,1058,2017,South,8,459.01,0.15
6209,2023-10-27,1056,2027,East,5,576.84,0.0
6330,2023-10-27,1055,2012,South,1,610.46,0.15
5396,2023-10-28,1061,2026,North,8,220.97,0.05
5533,2023-10-28,1047,2003,South,7,1652.52,0.0
5847,2023-10-28,1029,2018,North,8,385.01,0.0
6119,2023-10-28,1062,2020,West,3,122.42,0.0
6368,2023-10-28,1095,2044,East,9,9.76,0.0
7058,2023-10-28,1055,2023,East,7,1074.13,0.1
5306,2023-10-29,1095,2009,North,2,131.81,0.1
5387,2023-10-29,1073,2030,North,7,393.79,0.0
5442,2023-10-29,1087,2028,East,7,153.88,0.0
6314,2023-10-29,1095,2009,North,9,17.72,0.05
5609,2023-10-30,1059,2010,North,7,33.27,0.0
5646,2023-10-30,1052,2043,East,2,9.23,0.1
5647,2023-10-30,1089,2025,South,8,359.02,0.0
5709,2023-10-30,1028,2040,East,2,21.81,0.0
5710,2023-10-30,1029,2021,South,4,930.02,0.0
5844,2023-10-30,1066,2045,South,5,11.5,0.0
6349,2023-10-30,1041,2006,North,2,30.7,0.0
6376,2023-10-30,1091,2045,South,2,11.87,0.0
7115,2023-10-30,1096,2042,South,9,8.03,0.0
7203,2023-10-30,1028,2005,South,2,1920.01,0.05
5345,2023-10-31,1010,2036,West,9,15.78,0.0
5491,2023-10-31,1074,2017,North,7,351.85,0.0
5697,2023-10-31,1084,2019,North,1,113.9,0.0
5910,2023-10-31,1004,2001,South,2,1551.19,0.0
6023,2023-10-31,1044,2034,East,1,11.29,0.0
6319,2023-10-31,1063,2023,North,2,343.77,0.0
6331,2023-10-31,1010,2039,East,9,23.55,0.05
6435,2023-10-31,1093,2023,East,4,306.83,0.0
7267,2023-10-31,1020,2007,West,6,18.75,0.05
7338,2023-10-31,1021,2019,South,8,288.56,0.0
5916,2023-11-01,1002,2016,North,6,270.71,0.05
7097,2023-11-01,1017,2039,South,4,16.05,0.1
5012,2023-11-02,1055,2016,West,3,441.66,0.05
5640,2023-11-02,1091,2001,South,1,927.11,0.0
6024,2023-11-02,1089,2019,East,2,182.9,0.0
6844,2023-11-02,1017,2041,North,6,9.62,0.1
5099,2023-11-03,1025,2019,North,4,491.7,0.0
6030,2023-11-03,1024,2036,West,4,19.58,0.15
7060,2023-11-03,1094,2012,North,4,528.41,0.0
7360,2023-11-03,1093,2007,South,2,138.53,0.0
5505,2023-11-04,1061,2021,West,1,360.74,0.1
6009,2023-11-04,1099,2029,West,6,145.22,0.1
6161,2023-11-04,1079,2021,South,6,317.21,0.15
6173,2023-11-04,1022,2009,North,5,21.32,0.0
6670,2023-11-04,1056,2027,West,9,220.67,0.0
6689,2023-11-04,1075,2002,South,1,1135.36,0.0
6819,2023-11-04,1019,2030,North,5,422.8,0.0
7005,2023-11-04,1022,2037,East,8,14.24,0.05
5363,2023-11-05,1030,2009,North,3,88.19,0.05
5577,2023-11-05,1084,2039,North,2,12.16,0.1
5919,2023-11-05,1040,2043,North,9,9.59,0.1
6487,2023-11-05,1094,2024,North,4,958.46,0.05
7187,2023-11-05,1067,2002,East,8,980.93,0.0
5035,2023-11-06,1037,2008,North,2,30.58,0.1
5437,2023-11-06,1012,2041,East,7,3.33,0.0
5488,2023-11-06,1062,2022,South,6,716.37,0.1
6131,2023-11-06,1044,2009,North,4,118.71,0.0
6509,2023-11-06,1014,2036,East,9,24.58,0.1
6657,2023-11-06,1095,2034,North,2,33.29,0.0
6685,2023-11-06,1080,2005,North,5,1663.49,0.0
7224,2023-11-06,1017,2037,East,1,6.21,0.05
7339,2023-11-06,1076,2036,South,4,24.71,0.0
7484,2023-11-06,1046,2005,East,7,1960.27,0.0
5067,2023-11-07,1022,2010,West,8,142.95,0.1
5630,2023-11-07,1074,2031,West,7,16.87,0.05
6290,2023-11-07,1034,2003,South,4,1383.96,0.1
6491,2023-11-07,1049,2013,West,8,393.57,0.05
7051,2023-11-07,1009,2004,North,1,1224.36,0.05
7420,2023-11-07,1074,2002,South,7,1133.28,0.0
5389,2023-11-08,1080,2010,South,1,97.21,0.0
5734,2023-11-08,1008,2019,North,4,339.36,0.0
6089,2023-11-08,1088,2028,West,3,110.52,0.1
6121,2023-11-08,1094,2042,East,3,11.99,0.15
6259,2023-11-08,1004,2011,South,1,894.36,0.05
6595,2023-11-08,1062,2031,South,2,17.37,0.0
6748,2023-11-08,1060,2005,West,2,1552.45,0.0
5052,2023-11-09,1061,2043,North,4,4.92,0.0
5896,2023-11-09,1027,2001,West,9,1796.6,0.15
6244,2023-11-09,1073,2013,North,1,1131.76,0.0
6369,2023-11-09,1001,2007,East,6,118.66,0.0
6688,2023-11-09,1059,2034,North,4,9.36,0.1
6729,2023-11-09,1032,2029,North,7,394.21,0.0
6836,2023-11-09,1060,2022,West,5,1030.42,0.0
7281,2023-11-09,1076,2041,West,8,3.17,0.0
7350,2023-11-09,1032,2013,North,9,976.79,0.0
7380,2023-11-09,1011,2043,North,3,2.88,0.1
7448,2023-11-09,1040,2032,South,1,13.65,0.0
5430,2023-11-10,1046,2009,South,8,123.31,0.0
5696,2023-11-10,1081,2002,West,1,1326.39,0.0
5708,2023-11-10,1082,2037,East,4,19.73,0.1
6388,2023-11-10,1009,2013,South,4,387.43,0.0
6746,2023-11-10,1079,2005,West,7,1128.14,0.1
5185,2023-11-11,1046,2027,East,6,444.88,0.0
5412,2023-11-11,1017,2010,West,8,118.21,0.1
5506,2023-11-11,1052,2017,West,1,235.75,0.1
5830,2023-11-11,1048,2014,South,7,728.8,0.0
6515,2023-11-11,1010,2030,West,6,126.49,0.05
6687,2023-11-11,1095,2009,North,1,42.42,0.15
6928,2023-11-11,1092,2020,South,6,257.23,0.1
6971,2023-11-11,1047,2002,South,8,830.77,0.15
7031,2023-11-11,1072,2009,East,5,107.13,0.1
5123,2023-11-12,1063,2015,East,3,677.21,0.1
5603,2023-11-12,1057,2042,North,4,11.65,0.1
5702,2023-11-12,1043,2006,South,6,22.29,0.0
5930,2023-11-12,1006,2003,North,7,1181.54,0.15
6721,2023-11-12,1044,2032,East,8,37.37,0.0
6778,2023-11-12,1032,2013,South,7,422.59,0.15
7299,2023-11-12,1040,2018,South,2,321.39,0.0
5005,2023-11-13,1081,2045,South,7,3.62,0.0
5460,2023-11-13,1097,2017,South,6,451.03,0.0
6074,2023-11-13,1070,2027,North,8,196.46,0.15
7024,2023-11-13,1090,2040,East,4,17.59,0.1
7301,2023-11-13,1019,2013,East,1,1097.93,0.0
7310,2023-11-13,1031,2006,East,5,59.53,0.05
7351,2023-11-13,1003,2040,West,6,4.76,0.05
5120,2023-11-14,1004,2023,North,6,784.56,0.0
5519,2023-11-14,1048,2036,West,9,19.81,0.15
5559,2023-11-14,1003,2039,North,9,3.02,0.0
5915,2023-11-14,1055,2007,South,1,131.72,0.0
6186,2023-11-14,1058,2020,South,3,124.38,0.0
6226,2023-11-14,1085,2004,East,5,813.22,0.0
7206,2023-11-14,1056,2033,West,4,7.57,0.05
7464,2023-11-14,1056,2034,South,8,5.7,0.05
5461,2023-11-15,1079,2026,West,6,157.36,0.0
6619,2023-11-15,1096,2022,West,3,597.18,0.05
7249,2023-11-15,1014,2044,South,8,10.35,0.0
5584,2023-11-16,1057,2018,West,6,151.09,0.05
5783,2023-11-16,1033,2038,South,9,12.52,0.0
5923,2023-11-16,1060,2026,East,1,347.97,0.05
6392,2023-11-16,1022,2018,East,8,269.63,0.0
6558,2023-11-16,1100,2017,South,9,277.5,0.05
6825,2023-11-16,1003,2022,South,9,610.18,0.0
5087,2023-11-17,1034,2003,North,8,1643.59,0.0
5554,2023-11-17,1098,2016,East,8,184.46,0.0
6159,2023-11-17,1063,2042,South,8,7.08,0.1
6307,2023-11-17,1027,2008,North,4,75.43,0.05
6486,2023-11-17,1015,2008,West,1,133.16,0.0
6824,2023-11-17,1006,2022,East,7,985.14,0.1
7433,2023-11-17,1064,2006,North,2,29.45,0.0
5152,2023-11-18,1023,2002,East,3,1008.2,0.1
5328,2023-11-18,1037,2003,South,1,1058.89,0.15
5723,2023-11-18,1067,2032,West,3,14.66,0.05
5744,2023-11-18,1034,2036,East,6,16.18,0.05
7353,2023-11-18,1012,2019,West,4,468.34,0.0
5687,2023-11-19,1014,2016,South,4,486.36,0.0
6799,2023-11-19,1069,2032,West,2,26.41,0.1
6878,2023-11-19,1023,2011,South,6,1072.05,0.0
6902,2023-11-19,1071,2007,East,6,55.25,0.1
6167,2023-11-20,1048,2018,East,7,341.62,0.0
6353,2023-11-20,1058,2019,East,6,229.16,0.0
7185,2023-11-20,1093,2004,North,1,1011.21,0.05
5036,2023-11-21,1012,2003,West,5,1406.49,0.15
5408,2023-11-21,1007,2028,North,5,230.28,0.0
5514,2023-11-21,1049,2044,South,1,10.86,0.0
6155,2023-11-21,1059,2021,North,1,771.79,0.1
6297,2023-11-21,1005,2010,West,9,57.87,0.05
6380,2023-11-21,1019,2004,North,2,1098.35,0.05
6519,2023-11-21,1083,2016,South,7,157.52,0.0
7124,2023-11-21,1021,2004,North,3,1252.37,0.0
7432,2023-11-21,1029,2008,South,3,103.44,0.15
5370,2023-11-22,1022,2027,West,2,265.58,0.0
5742,2023-11-22,1082,2014,South,1,502.07,0.0
6584,2023-11-22,1051,2026,North,6,194.1,0.1
7289,2023-11-22,1044,2042,North,7,12.59,0.15
7300,2023-11-22,1081,2022,East,4,543.43,0.05
5287,2023-11-23,1077,2029,West,6,371.82,0.1
5378,2023-11-23,1022,2023,North,8,1023.9,0.0
7349,2023-11-23,1028,2030,North,9,597.46,0.0
7424,2023-11-23,1046,2001,South,6,1396.26,0.15
5366,2023-11-24,1056,2036,North,6,10.4,0.0
5369,2023-11-24,1029,2030,West,6,116.19,0.15
6636,2023-11-24,1042,2038,East,6,17.49,0.1
6890,2023-11-24,1021,2044,North,3,10.67,0.15
6975,2023-11-24,1099,2005,East,7,1235.82,0.15
7016,2023-11-24,1077,2001,West,4,1503.8,0.0
7039,2023-11-24,1067,2006,South,9,27.46,0.1
7160,2023-11-24,1019,2045,West,2,14.35,0.1
7475,2023-11-24,1049,2015,South,2,747.98,0.0
5195,2023-11-25,1041,2004,North,7,1430.83,0.1
5200,2023-11-25,1006,2028,North,1,521.27,0.1
5259,2023-11-25,1093,2020,West,6,354.94,0.0
5260,2023-11-25,1070,2038,West,9,6.72,0.0
6270,2023-11-25,1010,2022,East,6,404.04,0.1
6762,2023-11-25,1042,2007,South,8,127.66,0.05
6866,2023-11-25,1004,2012,South,2,658.19,0.0
7374,2023-11-25,1003,2027,West,2,522.93,0.0
7449,2023-11-25,1094,2036,North,4,21.12,0.05
5063,2023-11-26,1011,2045,East,7,8.94,0.05
5799,2023-11-26,1099,2043,East,3,4.74,0.15
6615,2023-11-26,1007,2008,East,1,45.7,0.05
6739,2023-11-26,1016,2033,South,4,29.07,0.1
5187,2023-11-27,1100,2035,North,8,28.73,0.0
5267,2023-11-27,1056,2005,North,1,1371.21,0.1
5288,2023-11-27,1073,2032,East,6,28.02,0.0
5323,2023-11-27,1036,2039,North,7,10.73,0.0
5555,2023-11-27,1072,2002,North,2,1641.59,0.0
6027,2023-11-27,1062,2015,North,2,731.55,0.1
6638,2023-11-27,1046,2024,South,5,286.45,0.1
7049,2023-11-27,1038,2041,North,7,7.86,0.1
6114,2023-11-28,1048,2019,North,7,280.51,0.1
6183,2023-11-28,1085,2003,West,6,1653.66,0.05
6187,2023-11-28,1074,2027,South,7,134.32,0.0
6414,2023-11-28,1063,2018,South,9,350.42,0.0
7135,2023-11-28,1013,2035,West,4,5.21,0.0
7156,2023-11-28,1039,2040,South,4,19.94,0.05
5002,2023-11-29,1092,2016,East,9,171.83,0.05
5330,2023-11-29,1082,2002,South,3,1969.18,0.05
5803,2023-11-29,1099,2023,East,2,775.81,0.0
6036,2023-11-29,1049,2018,South,7,196.51,0.0
6246,2023-11-29,1029,2037,East,1,8.95,0.0
6256,2023-11-29,1057,2011,North,3,635.15,0.0
5782,2023-11-30,1010,2001,North,9,1479.71,0.0
5899,2023-11-30,1084,2039,East,8,15.23,0.1
6021,2023-11-30,1026,2004,West,3,1149.3,0.0
6964,2023-11-30,1059,2014,East,4,642.26,0.05
7478,2023-11-30,1034,2004,South,9,1044.29,0.0
6102,2023-12-01,1018,2039,East,7,12.32,0.05
6736,2023-12-01,1038,2007,East,8,108.81,0.0
6958,2023-12-01,1036,2045,North,1,11.74,0.0
5317,2023-12-02,1055,2021,West,5,596.34,0.1
5337,2023-12-02,1095,2002,West,1,1014.75,0.05
5597,2023-12-02,1019,2010,West,7,137.79,0.15
5725,2023-12-02,1044,2002,South,9,1801.94,0.05
5927,2023-12-02,1049,2002,East,2,1811.46,0.0
5994,2023-12-02,1054,2009,South,2,15.21,0.1
6020,2023-12-02,1059,2005,East,1,1839.03,0.1
6753,2023-12-02,1070,2027,South,7,562.81,0.05
7430,2023-12-02,1004,2010,North,7,114.23,0.0
5141,2023-12-03,1073,2003,West,6,1905.85,0.0
5159,2023-12-03,1033,2018,South,2,107.68,0.05
5507,2023-12-03,1026,2020,South,3,104.13,0.05
5594,2023-12-03,1051,2026,South,5,572.07,0.0
5777,2023-12-03,1059,2033,South,3,9.01,0.0
5838,2023-12-03,1052,2019,South,3,129.0,0.05
5969,2023-12-03,1009,2004,South,1,1584.79,0.0
6058,2023-12-03,1057,2023,South,3,628.34,0.05
6223,2023-12-03,1096,2040,North,3,5.71,0.05
6465,2023-12-03,1042,2026,South,8,255.72,0.1
6772,2023-12-03,1012,2036,West,1,22.7,0.0
6861,2023-12-03,1049,2040,East,7,18.54,0.1
7200,2023-12-03,1061,2010,West,7,120.91,0.0
7447,2023-12-03,1026,2041,South,3,4.36,0.1
5199,2023-12-04,1022,2021,East,3,702.57,0.05
5439,2023-12-04,1098,2040,North,6,16.2,0.1
5763,2023-12-04,1067,2043,South,8,4.33,0.05
5824,2023-12-04,1091,2026,South,3,518.49,0.0
6004,2023-12-04,1061,2019,West,2,248.07,0.0
6033,2023-12-04,1038,2026,East,1,224.17,0.15
6467,2023-12-04,1094,2029,South,2,241.15,0.0
6741,2023-12-04,1060,2016,West,5,93.18,0.0
7062,2023-12-04,1083,2017,North,2,180.07,0.0
7442,2023-12-04,1052,2038,North,5,6.6,0.05
6439,2023-12-05,1070,2040,South,2,7.4,0.0
6752,2023-12-05,1069,2028,East,1,484.45,0.05
7000,2023-12-05,1038,2034,East,9,38.69,0.05
7247,2023-12-05,1021,2014,East,1,361.29,0.0
5034,2023-12-06,1039,2008,West,9,97.58,0.0
5103,2023-12-06,1050,2029,West,8,121.82,0.1
5537,2023-12-06,1005,2009,North,3,99.57,0.05
5655,2023-12-06,1028,2009,South,7,99.4,0.0
6200,2023-12-06,1067,2019,South,6,85.7,0.0
6664,2023-12-06,1025,2017,West,4,214.2,0.1
6867,2023-12-06,1086,2028,North,4,380.83,0.05
5880,2023-12-07,1080,2024,South,3,867.22,0.1
6000,2023-12-07,1047,2038,West,6,11.16,0.15
6014,2023-12-07,1096,2007,South,8,82.48,0.0
6206,2023-12-07,1072,2002,South,3,1359.58,0.05
7006,2023-12-07,1062,2025,West,7,350.44,0.05
7397,2023-12-07,1094,2002,North,5,1893.64,0.1
5039,2023-12-08,1032,2003,North,1,1237.58,0.1
5736,2023-12-08,1008,2020,East,8,245.66,0.0
5779,2023-12-08,1098,2024,East,4,300.06,0.0
6954,2023-12-08,1048,2025,East,4,638.37,0.1
7192,2023-12-08,1064,2040,West,3,16.91,0.1
5509,2023-12-09,1046,2001,West,2,1970.78,0.15
5853,2023-12-09,1078,2045,West,3,5.48,0.1
6301,2023-12-09,1038,2018,West,3,283.38,0.1
6526,2023-12-09,1015,2044,West,9,14.07,0.1
5161,2023-12-10,1017,2016,South,7,210.02,0.05
5405,2023-12-10,1061,2027,East,4,271.58,0.05
5464,2023-12-10,1027,2001,East,9,1000.87,0.05
5474,2023-12-10,1038,2006,East,9,129.94,0.0
5641,2023-12-10,1098,2039,North,5,16.56,0.0
5791,2023-12-10,1047,2035,South,2,15.43,0.15
6568,2023-12-10,1063,2003,North,3,1917.13,0.0
7009,2023-12-10,1085,2019,West,8,228.7,0.05
7195,2023-12-10,1072,2036,North,5,19.6,0.0
7343,2023-12-10,1097,2033,South,9,18.65,0.1
5674,2023-12-11,1031,2008,East,7,103.34,0.0
5721,2023-12-11,1048,2040,South,9,17.92,0.1
6961,2023-12-11,1096,2004,East,3,1292.13,0.0
7288,2023-12-11,1050,2035,East,4,39.75,0.1
5143,2023-12-12,1007,2030,West,1,398.11,0.0
5230,2023-12-12,1073,2008,West,1,112.01,0.1
5490,2023-12-12,1062,2011,East,7,895.0,0.1
5508,2023-12-12,1022,2037,North,9,3.74,0.05
6218,2023-12-12,1075,2003,North,6,1478.53,0.1
6219,2023-12-12,1029,2027,East,9,358.13,0.1
6279,2023-12-12,1053,2024,North,3,429.76,0.15
6305,2023-12-12,1034,2018,West,7,293.14,0.0
6652,2023-12-12,1076,2009,East,7,44.23,0.0
6896,2023-12-12,1042,2037,East,3,4.86,0.0
7297,2023-12-12,1095,2022,East,5,741.02,0.0
7403,2023-12-12,1066,2015,South,5,1096.41,0.0
5165,2023-12-13,1047,2005,North,3,1770.85,0.1
5400,2023-12-13,1039,2039,North,6,22.7,0.0
5518,2023-12-13,1011,2032,North,6,34.22,0.0
5735,2023-12-13,1058,2022,North,5,981.28,0.0
6807,2023-12-13,1072,2002,East,3,1639.63,0.0
6870,2023-12-13,1070,2021,West,3,749.25,0.0
7116,2023-12-13,1037,2022,West,2,866.43,0.0
7223,2023-12-13,1068,2012,South,5,817.43,0.1
7458,2023-12-13,1026,2025,North,8,311.07,0.15
5497,2023-12-14,1001,2036,East,3,5.05,0.15
5529,2023-12-14,1045,2005,South,5,1918.21,0.0
5690,2023-12-14,1059,2001,East,4,1286.61,0.1
5733,2023-12-14,1018,2029,West,2,269.34,0.1
5905,2023-12-14,1089,2012,East,5,1092.9,0.0
6235,2023-12-14,1057,2039,South,9,11.31,0.0
6360,2023-12-14,1062,2029,East,5,517.05,0.1
7312,2023-12-14,1098,2041,East,1,2.01,0.05
6191,2023-12-15,1014,2002,East,9,1512.86,0.05
6514,2023-12-15,1070,2023,North,9,432.56,0.15
6537,2023-12-15,1055,2037,South,4,6.12,0.05
6783,2023-12-15,1067,2011,South,6,1081.92,0.15
6913,2023-12-15,1088,2030,South,6,567.27,0.0
5314,2023-12-16,1044,2008,South,3,88.89,0.05
5398,2023-12-16,1003,2032,South,4,27.66,0.0
5672,2023-12-16,1068,2014,South,8,310.68,0.0
5859,2023-12-16,1067,2019,West,7,253.63,0.1
7048,2023-12-16,1063,2004,East,9,1142.56,0.05
7186,2023-12-16,1085,2043,South,6,3.66,0.15
7366,2023-12-16,1091,2002,South,7,1425.49,0.1
6039,2023-12-17,1015,2036,North,4,24.21,0.0
6337,2023-12-17,1033,2043,East,7,11.25,0.05
6649,2023-12-17,1045,2014,East,2,977.63,0.0
7050,2023-12-17,1049,2029,East,4,184.86,0.1
7259,2023-12-17,1042,2003,South,2,979.58,0.0
7481,2023-12-17,1051,2016,West,3,148.04,0.0
7498,2023-12-17,1044,2041,West,4,7.2,0.0
5046,2023-12-18,1069,2007,West,7,49.39,0.0
5352,2023-12-18,1048,2031,West,4,7.16,0.0
5382,2023-12-18,1069,2040,South,7,4.34,0.1
5494,2023-12-18,1022,2034,East,3,26.03,0.05
5812,2023-12-18,1051,2021,West,3,210.32,0.1
5831,2023-12-18,1083,2011,East,6,336.39,0.15
5977,2023-12-18,1032,2037,East,1,7.53,0.15
6098,2023-12-18,1086,2020,North,3,220.63,0.05
6427,2023-12-18,1082,2019,South,2,362.65,0.15
6897,2023-12-18,1014,2008,South,6,17.0,0.05
6942,2023-12-18,1059,2022,North,2,918.29,0.05
7026,2023-12-18,1008,2026,East,3,155.32,0.1
7113,2023-12-18,1084,2031,South,3,16.8,0.15
7337,2023-12-18,1055,2040,North,9,4.1,0.05
7426,2023-12-18,1015,2015,North,9,1155.38,0.1
5214,2023-12-19,1093,2008,East,2,59.72,0.15
6676,2023-12-19,1018,2020,West,4,258.02,0.1
6787,2023-12-19,1026,2026,North,6,393.24,0.0
5290,2023-12-20,1076,2040,West,6,7.86,0.0
5796,2023-12-20,1007,2028,East,1,110.54,0.1
5945,2023-12-20,1098,2033,West,7,16.89,0.0
7138,2023-12-20,1091,2020,South,8,449.9,0.1
5445,2023-12-21,1078,2006,South,6,67.3,0.05
6163,2023-12-21,1011,2033,North,4,9.02,0.0
6193,2023-12-21,1094,2020,North,7,373.8,0.0
6631,2023-12-21,1094,2030,South,1,236.57,0.1
6901,2023-12-21,1092,2042,East,9,10.61,0.0
7078,2023-12-21,1003,2038,West,2,12.98,0.05
7260,2023-12-21,1001,2039,East,4,21.7,0.15
5282,2023-12-22,1038,2012,West,3,731.11,0.15
6644,2023-12-22,1010,2022,East,9,916.2,0.1
6869,2023-12-22,1019,2041,North,7,13.66,0.1
7467,2023-12-22,1096,2045,North,3,11.97,0.0
7485,2023-12-22,1086,2009,South,8,112.47,0.05
6348,2023-12-23,1073,2021,South,9,511.16,0.0
7145,2023-12-23,1092,2026,South,4,163.79,0.15
5160,2023-12-24,1084,2037,South,3,10.33,0.15
5538,2023-12-24,1018,2009,East,9,78.07,0.15
5993,2023-12-24,1051,2028,West,5,507.11,0.1
6049,2023-12-24,1069,2027,East,9,339.83,0.05
6109,2023-12-24,1068,2014,North,3,434.75,0.0
6242,2023-12-24,1070,2020,East,9,471.36,0.0
6761,2023-12-24,1076,2014,South,4,491.12,0.05
6814,2023-12-24,1029,2012,North,8,339.62,0.1
7470,2023-12-24,1050,2001,East,6,1252.47,0.1
5089,2023-12-25,1039,2003,South,5,1514.05,0.0
5346,2023-12-25,1051,2022,West,5,436.77,0.1
5446,2023-12-25,1078,2033,North,8,38.97,0.1
5515,2023-12-25,1002,2032,East,7,33.01,0.15
5534,2023-12-25,1033,2022,North,1,383.89,0.0
5863,2023-12-25,1019,2038,East,5,3.17,0.15
6606,2023-12-25,1055,2042,West,9,8.81,0.0
6865,2023-12-25,1080,2044,North,9,7.25,0.15
7018,2023-12-25,1043,2006,North,6,138.98,0.05
7112,2023-12-25,1098,2045,West,1,6.65,0.0
7139,2023-12-25,1098,2011,South,6,937.95,0.15
7268,2023-12-25,1086,2004,South,3,1062.04,0.05
7293,2023-12-25,1098,2040,South,2,19.02,0.05
5575,2023-12-26,1089,2026,West,8,461.79,0.0
6118,2023-12-26,1017,2044,East,6,8.5,0.1
6357,2023-12-26,1042,2023,West,7,572.28,0.05
7126,2023-12-26,1074,2013,East,1,465.39,0.05
7402,2023-12-26,1052,2020,South,2,324.21,0.0
5295,2023-12-27,1001,2021,South,4,937.39,0.0
5365,2023-12-27,1048,2002,West,9,1729.24,0.1
5422,2023-12-27,1046,2040,West,5,7.39,0.1
5714,2023-12-27,1018,2019,South,1,440.33,0.15
7105,2023-12-27,1036,2016,South,1,218.96,0.0
5990,2023-12-28,1051,2012,West,2,311.1,0.05
6015,2023-12-28,1036,2041,East,5,9.79,0.05
6065,2023-12-28,1061,2003,South,4,1993.11,0.05
7163,2023-12-28,1011,2002,North,1,1939.24,0.1
7480,2023-12-28,1042,2029,East,2,248.25,0.1
7483,2023-12-28,1009,2019,North,7,354.14,0.05
5071,2023-12-29,1059,2019,South,2,425.38,0.0
5157,2023-12-29,1032,2028,North,2,591.19,0.05
5250,2023-12-29,1039,2023,West,9,576.46,0.0
5728,2023-12-29,1023,2002,South,3,1542.36,0.1
6185,2023-12-29,1040,2031,South,9,16.92,0.05
6518,2023-12-29,1023,2039,South,6,6.05,0.0
6859,2023-12-29,1075,2001,West,1,1526.82,0.05
7084,2023-12-29,1007,2005,North,6,1931.63,0.05
5448,2023-12-30,1042,2027,East,3,590.67,0.05
5454,2023-12-30,1091,2033,West,8,12.11,0.1
6345,2023-12-30,1041,2012,East,1,889.59,0.0
6408,2023-12-30,1059,2004,East,2,1052.1,0.0
5399,2023-12-31,1040,2007,East,1,96.15,0.0
5477,2023-12-31,1029,2013,South,3,1162.79,0.0
5601,2023-12-31,1061,2001,West,8,1625.77,0.0
5612,2023-12-31,1099,2022,North,3,1112.25,0.0
5659,2023-12-31,1031,2037,West,1,7.09,0.05
6075,2023-12-31,1071,2007,North,3,87.03,0.0
6099,2023-12-31,1034,2008,East,5,133.18,0.15
6111,2023-12-31,1071,2017,West,7,84.56,0.05
6283,2023-12-31,1031,2009,East,6,137.08,0.0
6440,2023-12-31,1090,2013,North,3,920.61,0.1
6981,2023-12-31,1060,2037,South,7,14.18,0.0
7040,2023-12-31,1062,2020,West,8,86.31,0.05
7165,2023-12-31,1076,2040,South,8,17.85,0.0
7252,2023-12-31,1037,2005,West,6,1738.33,0.0
7273,2023-12-31,1015,2006,West,5,65.24,0.05
8172,2024-01-01,1069,2037,North,3,22.2,0.05
8518,2024-01-01,1074,2036,West,2,10.21,0.0
8713,2024-01-01,1052,2017,East,9,236.58,0.0
8791,2024-01-01,1068,2001,South,4,890.0,0.05
9015,2024-01-01,1051,2003,South,1,879.61,0.1
9080,2024-01-01,1049,2027,North,6,139.91,0.0
9413,2024-01-01,1082,2029,West,6,176.13,0.0
9525,2024-01-01,1038,2022,West,2,951.16,0.0
9938,2024-01-01,1033,2026,East,8,532.27,0.0
7840,2024-01-02,1001,2037,West,9,8.73,0.0
8238,2024-01-02,1048,2025,East,8,437.24,0.0
8288,2024-01-02,1084,2007,East,3,141.76,0.05
8647,2024-01-02,1093,2044,South,9,14.48,0.1
8907,2024-01-02,1075,2003,North,7,1884.1,0.05
8994,2024-01-02,1084,2018,West,1,376.99,0.0
9218,2024-01-02,1041,2011,South,6,354.58,0.0
7703,2024-01-03,1038,2003,South,9,1112.01,0.05
8255,2024-01-03,1049,2030,West,3,251.73,0.0
8526,2024-01-03,1049,2045,East,9,7.81,0.0
8615,2024-01-03,1094,2025,South,3,1075.27,0.0
8953,2024-01-03,1059,2032,West,7,25.18,0.05
9186,2024-01-03,1088,2014,North,5,639.56,0.05
9269,2024-01-03,1041,2018,East,5,326.38,0.1
9506,2024-01-03,1050,2043,West,6,9.6,0.05
7847,2024-01-04,1017,2009,East,3,140.23,0.1
8689,2024-01-04,1037,2027,West,5,398.29,0.05
8864,2024-01-04,1046,2029,West,1,307.38,0.05
8925,2024-01-04,1048,2009,West,8,17.9,0.1
9200,2024-01-04,1004,2006,South,2,67.05,0.05
9221,2024-01-04,1042,2018,North,6,428.93,0.15
7673,2024-01-05,1078,2003,East,2,1393.57,0.05
8468,2024-01-05,1073,2044,West,4,7.15,0.0
8826,2024-01-05,1058,2007,West,4,137.75,0.05
9060,2024-01-05,1056,2007,North,7,19.58,0.0
9387,2024-01-05,1069,2011,West,1,884.11,0.05
9551,2024-01-05,1009,2008,North,8,86.82,0.0
9569,2024-01-05,1062,2043,West,9,5.8,0.0
9717,2024-01-05,1041,2007,South,7,28.3,0.1
9770,2024-01-05,1036,2003,West,6,1907.89,0.0
10059,2024-01-05,1014,2004,West,7,1000.96,0.0
7562,2024-01-06,1015,2036,North,8,6.28,0.15
8020,2024-01-06,1007,2041,South,4,6.85,0.0
8248,2024-01-06,1066,2011,West,9,795.36,0.0
8313,2024-01-06,1002,2036,West,6,8.69,0.0
8317,2024-01-06,1042,2032,North,8,30.96,0.1
8734,2024-01-06,1052,2035,South,5,16.4,0.05
7904,2024-01-07,1057,2013,West,7,584.99,0.0
8364,2024-01-07,1065,2018,North,9,122.96,0.1
9210,2024-01-07,1088,2006,South,4,39.13,0.0
10088,2024-01-07,1055,2017,East,8,255.7,0.0
7572,2024-01-08,1087,2012,North,2,1055.04,0.0
7682,2024-01-08,1021,2023,South,1,769.17,0.1
8773,2024-01-08,1057,2002,North,6,1845.13,0.0
9298,2024-01-08,1055,2031,North,5,10.01,0.0
9637,2024-01-08,1064,2019,North,9,101.39,0.15
9752,2024-01-08,1063,2002,North,6,1167.44,0.0
9761,2024-01-08,1007,2022,East,2,227.48,0.1
7657,2024-01-09,1052,2016,West,3,204.46,0.1
7937,2024-01-09,1003,2029,West,4,362.01,0.0
8082,2024-01-09,1087,2001,North,9,1550.14,0.1
8382,2024-01-09,1050,2043,North,7,3.16,0.15
8691,2024-01-09,1012,2001,North,4,1416.26,0.0
9348,2024-01-09,1044,2032,South,9,37.15,0.1
9609,2024-01-09,1031,2018,South,9,142.04,0.0
7629,2024-01-10,1036,2011,North,6,945.14,0.1
9827,2024-01-10,1038,2024,North,7,988.45,0.15
7634,2024-01-11,1034,2012,South,4,349.94,0.05
8316,2024-01-11,1077,2024,South,2,987.52,0.15
8385,2024-01-11,1037,2016,South,4,149.61,0.0
9871,2024-01-11,1071,2045,South,6,3.93,0.1
9960,2024-01-11,1083,2031,East,1,17.95,0.0
10032,2024-01-11,1048,2002,West,2,1924.5,0.15
7506,2024-01-12,1048,2022,East,5,788.11,0.05
7648,2024-01-12,1018,2002,North,4,870.44,0.05
7730,2024-01-12,1068,2007,South,9,83.25,0.05
7976,2024-01-12,1097,2005,North,1,1269.71,0.05
8093,2024-01-12,1083,2024,West,2,216.4,0.0
8104,2024-01-12,1011,2044,North,9,4.55,0.0
8157,2024-01-12,1083,2002,West,1,1881.16,0.0
8195,2024-01-12,1100,2015,East,7,540.3,0.0
8567,2024-01-12,1058,2009,South,3,44.78,0.0
8625,2024-01-12,1052,2007,East,2,133.46,0.0
9460,2024-01-12,1064,2007,South,6,31.74,0.0
9766,2024-01-12,1078,2041,East,8,10.08,0.05
7956,2024-01-13,1083,2014,East,7,379.67,0.0
8494,2024-01-13,1060,2024,West,1,973.26,0.0
8768,2024-01-13,1012,2044,South,7,4.14,0.1
9063,2024-01-13,1033,2044,North,2,2.27,0.0
9764,2024-01-13,1078,2041,East,6,11.98,0.1
9878,2024-01-13,1074,2041,East,1,5.42,0.0
9881,2024-01-13,1040,2005,North,1,1409.53,0.05
7812,2024-01-14,1087,2014,South,8,946.74,0.0
8251,2024-01-14,1016,2018,East,4,238.5,0.1
8487,2024-01-14,1081,2002,East,9,1887.62,0.05
8607,2024-01-14,1051,2022,North,7,426.09,0.1
8627,2024-01-14,1035,2038,North,4,23.35,0.05
9213,2024-01-14,1087,2023,South,4,365.62,0.0
9270,2024-01-14,1095,2042,West,4,9.41,0.0
9580,2024-01-14,1045,2015,West,7,732.16,0.1
9730,2024-01-14,1079,2044,West,8,4.31,0.05
10065,2024-01-14,1047,2007,West,6,108.14,0.0
7921,2024-01-15,1042,2037,North,2,6.52,0.0
8491,2024-01-15,1005,2027,West,1,388.28,0.0
8822,2024-01-15,1060,2003,North,3,1602.42,0.0
9197,2024-01-15,1070,2010,East,4,45.76,0.1
9231,2024-01-15,1095,2021,East,6,784.47,0.0
9694,2024-01-15,1047,2026,East,2,267.22,0.05
9864,2024-01-15,1070,2018,West,7,368.99,0.05
7584,2024-01-16,1027,2027,West,5,306.13,0.0
7586,2024-01-16,1042,2022,West,5,851.28,0.1
7675,2024-01-16,1016,2008,West,2,73.92,0.0
7759,2024-01-16,1096,2041,East,7,12.55,0.15
8679,2024-01-16,1038,2015,North,8,1012.4,0.05
9001,2024-01-16,1043,2044,North,6,4.98,0.1
9056,2024-01-16,1067,2001,North,6,1632.4,0.1
9083,2024-01-16,1029,2002,East,9,805.16,0.0
9090,2024-01-16,1080,2045,South,6,11.38,0.0
9435,2024-01-16,1002,2001,West,8,1366.0,0.15
9479,2024-01-16,1033,2018,North,3,93.78,0.0
7589,2024-01-17,1072,2036,North,8,6.77,0.0
7863,2024-01-17,1099,2002,East,3,1881.14,0.0
8027,2024-01-17,1023,2002,West,9,1442.5,0.0
8310,2024-01-17,1020,2017,South,3,250.32,0.0
8351,2024-01-17,1003,2031,West,8,37.06,0.0
8438,2024-01-17,1011,2038,South,1,5.01,0.0
8619,2024-01-17,1003,2019,North,4,162.09,0.0
9032,2024-01-17,1098,2037,West,3,17.18,0.15
9208,2024-01-17,1024,2035,East,3,20.83,0.0
9449,2024-01-17,1100,2038,South,8,15.65,0.0
9519,2024-01-17,1100,2028,West,8,417.39,0.1
7948,2024-01-18,1006,2037,South,8,24.75,0.05
8834,2024-01-18,1081,2023,West,4,1196.52,0.0
8951,2024-01-18,1066,2020,East,8,139.1,0.0
9475,2024-01-18,1057,2009,North,3,77.35,0.15
8199,2024-01-19,1075,2013,West,7,695.98,0.0
9634,2024-01-19,1078,2038,South,7,8.99,0.0
9645,2024-01-19,1043,2006,West,5,50.78,0.0
9729,2024-01-19,1035,2028,South,2,138.48,0.0
10063,2024-01-19,1052,2008,East,7,67.4,0.0
10100,2024-01-19,1068,2040,East,2,5.59,0.1
7817,2024-01-20,1028,2021,East,2,928.37,0.1
8085,2024-01-20,1033,2011,West,9,1145.16,0.0
8362,2024-01-20,1037,2017,West,1,133.51,0.0
8569,2024-01-20,1084,2027,West,8,590.55,0.1
9561,2024-01-20,1098,2039,East,5,10.34,0.0
7936,2024-01-21,1038,2025,South,7,634.5,0.0
8736,2024-01-21,1084,2015,South,9,801.75,0.15
9169,2024-01-21,1028,2011,West,4,841.43,0.0
9777,2024-01-21,1068,2037,West,7,9.96,0.0
7739,2024-01-22,1081,2027,South,4,519.93,0.0
7916,2024-01-22,1026,2012,East,8,729.58,0.0
8369,2024-01-22,1047,2031,North,8,13.55,0.0
8556,2024-01-22,1075,2002,South,9,1897.84,0.1
8754,2024-01-22,1002,2005,North,9,1928.39,0.0
8833,2024-01-22,1035,2028,West,9,473.06,0.1
9021,2024-01-22,1021,2036,East,4,14.73,0.05
9352,2024-01-22,1069,2013,East,7,904.22,0.0
9499,2024-01-22,1066,2030,West,6,536.31,0.1
10028,2024-01-22,1038,2005,North,5,853.16,0.1
8818,2024-01-23,1056,2036,East,2,4.17,0.0
7706,2024-01-24,1023,2013,South,4,438.49,0.05
7787,2024-01-24,1079,2019,East,1,138.73,0.0
8030,2024-01-24,1024,2025,South,5,792.51,0.05
9462,2024-01-24,1053,2031,South,5,31.12,0.0
7873,2024-01-25,1075,2013,North,3,306.83,0.0
8203,2024-01-25,1085,2002,West,8,1231.93,0.0
8307,2024-01-25,1074,2035,East,1,35.33,0.1
8449,2024-01-25,1071,2003,North,4,1246.97,0.1
8519,2024-01-25,1048,2011,North,6,746.73,0.0
9038,2024-01-25,1060,2045,North,1,8.02,0.0
9092,2024-01-25,1004,2036,North,5,6.72,0.0
9424,2024-01-25,1024,2002,West,9,1409.17,0.0
7628,2024-01-26,1001,2016,West,1,467.17,0.05
7697,2024-01-26,1016,2036,South,8,21.84,0.0
8308,2024-01-26,1054,2035,South,5,27.65,0.0
7538,2024-01-27,1044,2024,South,7,239.76,0.0
7655,2024-01-27,1064,2012,East,6,837.41,0.0
7990,2024-01-27,1002,2010,North,5,38.61,0.0
8964,2024-01-27,1010,2016,East,4,255.19,0.15
8985,2024-01-27,1089,2016,South,6,268.5,0.0
9158,2024-01-27,1091,2017,North,3,323.64,0.05
7680,2024-01-28,1039,2033,West,1,7.97,0.05
8244,2024-01-28,1088,2017,East,2,221.24,0.1
8835,2024-01-28,1100,2029,East,6,102.54,0.0
8887,2024-01-28,1001,2038,East,8,21.16,0.05
9639,2024-01-28,1047,2035,East,2,15.29,0.05
8129,2024-01-29,1033,2012,North,7,860.83,0.0
8394,2024-01-29,1097,2022,North,6,926.89,0.0
8423,2024-01-29,1089,2023,East,6,517.26,0.05
8608,2024-01-29,1096,2040,West,2,19.02,0.05
9606,2024-01-29,1097,2030,West,6,505.21,0.15
8450,2024-01-30,1035,2007,North,8,147.85,0.05
8528,2024-01-30,1066,2010,East,5,83.73,0.0
9322,2024-01-30,1029,2030,South,4,595.2,0.0
9666,2024-01-30,1069,2019,South,1,197.41,0.0
9710,2024-01-30,1052,2001,North,6,1598.84,0.0
9845,2024-01-30,1034,2011,South,3,1053.65,0.0
7504,2024-01-31,1055,2013,East,5,887.0,0.15
7989,2024-01-31,1041,2040,West,1,3.7,0.1
8006,2024-01-31,1064,2007,South,6,139.6,0.15
8235,2024-01-31,1035,2016,North,9,189.63,0.0
8311,2024-01-31,1081,2007,South,2,22.16,0.1
9234,2024-01-31,1020,2012,North,3,696.39,0.0
9988,2024-01-31,1098,2012,South,8,952.61,0.0
7874,2024-02-01,1078,2002,East,4,1053.98,0.0
8182,2024-02-01,1024,2006,East,4,91.37,0.0
9562,2024-02-01,1003,2020,South,7,431.47,0.1
9851,2024-02-01,1069,2032,North,8,31.21,0.1
9909,2024-02-01,1072,2015,North,8,1007.56,0.0
7774,2024-02-02,1028,2005,West,9,1349.59,0.0
7892,2024-02-02,1048,2013,West,8,465.59,0.1
7914,2024-02-02,1031,2026,North,2,242.92,0.0
8414,2024-02-02,1050,2001,North,7,1431.52,0.1
8435,2024-02-02,1001,2043,South,3,9.08,0.0
8801,2024-02-02,1054,2025,East,9,751.82,0.1
9381,2024-02-02,1060,2035,South,3,21.53,0.0
9840,2024-02-02,1011,2033,West,1,23.99,0.1
9906,2024-02-02,1068,2036,East,7,11.32,0.1
8140,2024-02-03,1069,2010,West,1,27.38,0.1
8646,2024-02-03,1094,2026,North,6,513.97,0.05
8913,2024-02-03,1084,2001,West,1,971.22,0.0
9173,2024-02-03,1099,2009,East,7,62.75,0.1
9288,2024-02-03,1079,2042,North,9,10.57,0.0
9328,2024-02-03,1040,2024,East,5,573.71,0.0
9538,2024-02-03,1091,2038,East,6,20.17,0.15
10002,2024-02-03,1067,2016,West,6,107.57,0.0
8226,2024-02-04,1091,2037,West,8,22.73,0.1
8638,2024-02-04,1096,2005,West,1,809.3,0.0
9174,2024-02-04,1097,2007,North,8,59.94,0.0
9263,2024-02-04,1083,2039,West,5,14.12,0.0
9476,2024-02-04,1074,2002,West,7,1940.91,0.05
9727,2024-02-04,1065,2003,East,6,839.01,0.0
8332,2024-02-05,1098,2037,South,5,19.04,0.05
8867,2024-02-05,1032,2019,East,1,313.51,0.1
9307,2024-02-05,1002,2005,South,9,1250.82,0.0
9442,2024-02-05,1067,2026,South,2,208.51,0.0
9866,2024-02-05,1005,2005,West,3,1447.66,0.0
7764,2024-02-06,1079,2039,West,1,13.74,0.0
8180,2024-02-06,1041,2039,South,4,8.66,0.0
8762,2024-02-06,1027,2021,South,3,922.96,0.0
8996,2024-02-06,1017,2038,West,9,13.03,0.0
9123,2024-02-06,1062,2010,West,6,49.91,0.0
9128,2024-02-06,1024,2037,South,5,15.89,0.0
9741,2024-02-06,1088,2014,North,9,434.07,0.1
10056,2024-02-06,1018,2024,North,1,207.37,0.0
7820,2024-02-07,1005,2029,East,2,526.61,0.0
7958,2024-02-07,1029,2013,West,1,992.19,0.1
8496,2024-02-07,1094,2004,South,3,1518.96,0.15
8788,2024-02-07,1077,2009,South,5,24.71,0.0
9111,2024-02-07,1035,2035,West,4,6.62,0.0
10051,2024-02-07,1029,2029,East,7,596.79,0.0
7519,2024-02-08,1058,2004,North,2,1210.28,0.05
7677,2024-02-08,1027,2042,South,8,13.88,0.0
7822,2024-02-08,1026,2043,North,3,9.2,0.15
7827,2024-02-08,1090,2009,West,5,129.9,0.0
7830,2024-02-08,1007,2013,South,3,452.39,0.0
8078,2024-02-08,1050,2033,West,1,39.65,0.05
8421,2024-02-08,1015,2009,North,9,118.51,0.0
8510,2024-02-08,1026,2023,North,7,587.19,0.05
9100,2024-02-08,1080,2040,South,6,19.19,0.05
9251,2024-02-08,1084,2036,South,6,4.35,0.1
9663,2024-02-08,1025,2014,North,9,1107.81,0.0
7551,2024-02-09,1035,2017,South,4,200.55,0.0
8605,2024-02-09,1064,2032,South,5,14.54,0.05
9286,2024-02-09,1053,2003,North,7,968.88,0.1
9563,2024-02-09,1087,2017,North,2,378.62,0.1
9829,2024-02-09,1034,2036,South,1,17.65,0.0
9868,2024-02-09,1097,2040,West,2,5.32,0.0
7626,2024-02-10,1095,2010,South,9,122.3,0.0
8121,2024-02-10,1074,2026,North,1,530.85,0.0
9334,2024-02-10,1098,2011,North,2,939.15,0.05
9832,2024-02-10,1085,2001,West,4,894.74,0.0
9854,2024-02-10,1069,2021,South,1,494.81,0.0
9941,2024-02-10,1034,2033,East,5,39.06,0.05
7880,2024-02-11,1014,2010,East,6,54.92,0.0
8033,2024-02-11,1075,2001,West,2,1434.9,0.1
8094,2024-02-11,1011,2044,East,2,9.6,0.1
8520,2024-02-11,1005,2015,East,4,726.2,0.1
8539,2024-02-11,1024,2044,West,5,11.37,0.05
8683,2024-02-11,1100,2015,West,7,1041.85,0.15
8993,2024-02-11,1087,2021,East,7,1020.62,0.05
9259,2024-02-11,1025,2011,North,3,396.73,0.0
9595,2024-02-11,1080,2004,North,7,1333.25,0.15
8228,2024-02-12,1049,2033,North,3,26.93,0.0
8523,2024-02-12,1037,2008,North,5,35.43,0.05
8832,2024-02-12,1095,2015,South,7,520.37,0.1
8946,2024-02-12,1029,2006,North,3,76.03,0.1
9216,2024-02-12,1039,2037,East,3,20.15,0.0
9614,2024-02-12,1045,2028,West,8,116.62,0.1
7614,2024-02-13,1001,2041,North,6,10.44,0.0
8250,2024-02-13,1042,2021,West,6,204.26,0.0
8349,2024-02-13,1013,2029,East,9,286.29,0.0
8371,2024-02-13,1050,2018,South,4,410.95,0.05
8375,2024-02-13,1044,2036,South,9,23.77,0.05
8498,2024-02-13,1062,2010,North,1,34.81,0.1
8513,2024-02-13,1003,2023,South,5,872.25,0.0
8844,2024-02-13,1048,2033,West,6,27.33,0.0
8965,2024-02-13,1081,2028,North,4,154.18,0.0
9052,2024-02-13,1090,2010,North,5,111.58,0.0
9245,2024-02-13,1019,2011,West,5,966.18,0.0
9400,2024-02-13,1031,2010,West,9,37.17,0.1
9839,2024-02-13,1041,2020,West,7,259.07,0.0
8153,2024-02-14,1091,2041,West,5,8.88,0.05
8252,2024-02-14,1025,2043,East,2,2.61,0.0
9627,2024-02-14,1015,2019,East,2,85.79,0.0
9708,2024-02-14,1084,2025,East,2,421.66,0.05
8591,2024-02-15,1092,2004,North,1,1080.26,0.05
8878,2024-02-15,1085,2028,East,3,404.69,0.0
9163,2024-02-15,1011,2023,West,2,515.06,0.15
7593,2024-02-16,1075,2042,East,6,5.88,0.0
8577,2024-02-16,1064,2035,West,2,6.01,0.0
8697,2024-02-16,1036,2037,South,9,17.62,0.0
8781,2024-02-16,1072,2007,South,9,149.79,0.1
9325,2024-02-16,1078,2011,North,7,399.54,0.0
9397,2024-02-16,1036,2007,East,3,138.93,0.0
7826,2024-02-17,1038,2036,East,9,6.55,0.05
7902,2024-02-17,1018,2011,East,4,713.06,0.0
8524,2024-02-17,1047,2017,West,1,265.14,0.15
8959,2024-02-17,1083,2006,South,5,130.44,0.0
9064,2024-02-17,1006,2028,East,6,504.91,0.1
9403,2024-02-17,1018,2036,South,9,12.39,0.05
9702,2024-02-17,1015,2035,North,2,35.17,0.0
9985,2024-02-17,1002,2030,East,7,304.09,0.1
10089,2024-02-17,1033,2013,North,4,590.7,0.05
7755,2024-02-18,1086,2023,North,3,213.13,0.1
7960,2024-02-18,1018,2014,South,8,1136.88,0.05
7994,2024-02-18,1072,2006,North,6,55.49,0.0
8071,2024-02-18,1035,2037,East,3,9.72,0.05
8978,2024-02-18,1004,2018,East,3,160.38,0.1
9009,2024-02-18,1069,2038,West,1,17.81,0.0
9410,2024-02-18,1030,2002,East,4,1104.95,0.1
9974,2024-02-18,1025,2005,West,1,1876.97,0.1
8040,2024-02-19,1100,2017,South,2,80.36,0.0
8799,2024-02-19,1080,2009,South,2,15.96,0.05
9502,2024-02-19,1009,2030,West,3,119.02,0.15
9542,2024-02-19,1004,2022,North,9,220.33,0.1
9665,2024-02-19,1086,2005,South,4,1065.93,0.0
9817,2024-02-19,1045,2015,South,5,1115.11,0.0
7546,2024-02-20,1026,2015,South,2,533.08,0.15
8017,2024-02-20,1021,2011,East,8,958.04,0.0
8209,2024-02-20,1065,2044,South,5,11.71,0.1
8340,2024-02-20,1072,2042,East,8,9.8,0.1
8475,2024-02-20,1086,2039,South,4,21.5,0.0
9212,2024-02-20,1015,2012,North,1,624.85,0.1
9311,2024-02-20,1053,2029,South,7,220.66,0.0
9512,2024-02-20,1053,2045,West,7,13.93,0.0
9814,2024-02-20,1037,2009,South,3,92.52,0.1
9836,2024-02-20,1001,2005,West,1,1377.29,0.0
7549,2024-02-21,1044,2011,South,7,1036.91,0.1
7732,2024-02-21,1070,2015,East,6,325.07,0.1
7823,2024-02-21,1076,2025,West,2,1184.37,0.0
7841,2024-02-21,1098,2044,West,1,7.32,0.05
7996,2024-02-21,1093,2029,West,6,410.22,0.0
8145,2024-02-21,1092,2003,North,8,1156.2,0.0
8720,2024-02-21,1090,2010,West,6,137.47,0.0
8892,2024-02-21,1081,2008,South,1,105.54,0.1
8958,2024-02-21,1010,2013,West,5,489.12,0.1
9229,2024-02-21,1016,2007,North,9,88.23,0.0
9756,2024-02-21,1038,2038,South,2,7.82,0.15
9828,2024-02-21,1037,2022,West,7,796.81,0.0
10022,2024-02-21,1100,2016,East,6,211.61,0.0
10067,2024-02-21,1044,2002,West,6,842.59,0.05
7742,2024-02-22,1090,2008,East,8,23.63,0.15
7849,2024-02-22,1039,2036,North,9,5.81,0.0
8211,2024-02-22,1060,2037,South,5,7.69,0.0
8624,2024-02-22,1016,2022,East,2,903.05,0.0
8672,2024-02-22,1027,2007,West,3,82.13,0.0
8848,2024-02-22,1050,2030,East,5,264.17,0.0
8989,2024-02-22,1085,2037,North,6,15.78,0.1
8264,2024-02-23,1016,2040,South,5,18.8,0.1
8729,2024-02-23,1078,2043,East,9,9.8,0.05
9007,2024-02-23,1031,2007,West,5,24.49,0.05
9084,2024-02-23,1030,2023,South,4,251.74,0.1
9671,2024-02-23,1044,2004,West,3,1462.63,0.0
9707,2024-02-23,1015,2029,West,2,114.46,0.0
9718,2024-02-23,1084,2028,West,4,151.7,0.0
9967,2024-02-23,1046,2002,West,1,1690.84,0.0
9995,2024-02-23,1026,2015,South,8,875.81,0.0
10075,2024-02-23,1045,2041,South,3,3.83,0.0
7523,2024-02-24,1091,2038,North,3,9.94,0.0
8359,2024-02-24,1036,2015,West,1,1143.15,0.05
9025,2024-02-24,1073,2028,East,6,538.19,0.05
9438,2024-02-24,1072,2011,North,8,990.74,0.0
9529,2024-02-24,1022,2029,South,6,328.09,0.0
9560,2024-02-24,1031,2020,East,4,373.02,0.05
9615,2024-02-24,1069,2044,West,8,9.88,0.0
10074,2024-02-24,1065,2038,North,5,11.55,0.05
7813,2024-02-25,1050,2027,North,4,209.23,0.05
8393,2024-02-25,1073,2020,North,6,386.77,0.0
8460,2024-02-25,1005,2006,East,6,89.18,0.15
9564,2024-02-25,1065,2005,West,1,1354.78,0.1
7811,2024-02-26,1086,2034,East,5,33.72,0.05
7998,2024-02-26,1045,2042,West,7,9.17,0.15
8138,2024-02-26,1067,2032,South,9,38.99,0.15
8433,2024-02-26,1022,2018,South,9,497.58,0.0
9315,2024-02-26,1060,2024,South,9,721.07,0.0
9861,2024-02-26,1020,2036,East,1,8.7,0.15
9918,2024-02-26,1026,2008,South,5,79.86,0.15
9982,2024-02-26,1087,2034,North,1,23.48,0.05
8442,2024-02-27,1078,2001,East,3,1976.73,0.1
9500,2024-02-27,1095,2017,North,1,170.98,0.0
9640,2024-02-27,1030,2003,South,7,1912.98,0.15
9737,2024-02-27,1034,2018,West,8,157.76,0.05
9971,2024-02-27,1019,2039,East,8,19.49,0.0
7583,2024-02-28,1006,2010,South,1,27.58,0.0
7754,2024-02-28,1079,2021,West,8,1121.58,0.0
7883,2024-02-28,1087,2016,North,1,414.8,0.0
7950,2024-02-28,1064,2040,West,6,3.53,0.0
7972,2024-02-28,1083,2044,South,2,6.56,0.05
8728,2024-02-28,1029,2039,West,3,15.78,0.0
8790,2024-02-28,1052,2042,East,1,4.61,0.05
9037,2024-02-28,1011,2039,South,5,4.3,0.05
9759,2024-02-28,1027,2030,North,4,266.19,0.0
7931,2024-02-29,1097,2044,West,8,12.31,0.0
8278,2024-02-29,1014,2028,South,8,243.63,0.1
8969,2024-02-29,1071,2036,West,7,10.23,0.1
9331,2024-02-29,1011,2007,West,4,107.27,0.1
9687,2024-02-29,1025,2019,North,1,394.02,0.05
9725,2024-02-29,1096,2038,North,4,24.64,0.0
10058,2024-02-29,1034,2016,North,3,303.89,0.0
7807,2024-03-01,1027,2041,South,3,9.23,0.0
8014,2024-03-01,1062,2006,East,3,107.57,0.05
8075,2024-03-01,1012,2018,South,5,83.08,0.0
8179,2024-03-01,1084,2027,West,6,314.27,0.1
8210,2024-03-01,1082,2022,South,9,987.41,0.1
8928,2024-03-01,1095,2041,West,7,3.58,0.05
9513,2024-03-01,1051,2040,South,6,11.01,0.05
9731,2024-03-01,1086,2021,North,4,593.75,0.0
9994,2024-03-01,1035,2011,East,8,498.23,0.0
10024,2024-03-01,1032,2009,East,9,63.82,0.1
8776,2024-03-02,1020,2019,West,3,238.6,0.0
8916,2024-03-02,1037,2023,West,1,393.51,0.0
9497,2024-03-02,1083,2028,West,5,223.13,0.05
8167,2024-03-03,1097,2042,East,5,9.28,0.0
8214,2024-03-03,1005,2037,West,5,13.98,0.0
8333,2024-03-03,1064,2026,South,8,266.59,0.1
8401,2024-03-03,1092,2014,North,6,1085.44,0.0
8448,2024-03-03,1025,2040,East,7,24.52,0.0
9042,2024-03-03,1068,2038,North,3,11.89,0.0
9121,2024-03-03,1021,2010,West,9,132.39,0.1
10040,2024-03-03,1050,2043,East,3,10.8,0.05
7970,2024-03-04,1038,2006,West,2,57.81,0.15
8090,2024-03-04,1059,2001,North,8,1807.41,0.0
8841,2024-03-04,1068,2029,North,3,566.64,0.1
8847,2024-03-04,1066,2036,North,6,10.4,0.05
8900,2024-03-04,1047,2006,West,8,99.71,0.1
8976,2024-03-04,1077,2025,North,9,274.1,0.0
7897,2024-03-05,1054,2023,North,3,1058.75,0.1
8015,2024-03-05,1078,2016,West,2,251.36,0.15
8151,2024-03-05,1065,2018,North,2,136.28,0.0
8169,2024-03-05,1029,2004,South,1,1369.08,0.1
8372,2024-03-05,1079,2011,West,2,1086.02,0.1
8464,2024-03-05,1077,2001,West,8,1697.24,0.05
8641,2024-03-05,1014,2026,East,8,126.51,0.0
8749,2024-03-05,1020,2035,North,4,38.62,0.0
9036,2024-03-05,1056,2021,North,5,721.82,0.15
7785,2024-03-06,1019,2019,East,4,258.25,0.0
7798,2024-03-06,1053,2017,East,9,221.99,0.05
8481,2024-03-06,1018,2005,North,5,1340.59,0.05
8742,2024-03-06,1067,2010,South,1,68.87,0.1
9020,2024-03-06,1010,2028,South,4,532.38,0.05
9431,2024-03-06,1032,2004,South,2,1568.68,0.0
9896,2024-03-06,1006,2024,East,4,1077.41,0.0
7644,2024-03-07,1003,2036,East,7,6.03,0.0
9010,2024-03-07,1006,2019,East,6,205.09,0.1
9141,2024-03-07,1056,2036,West,2,18.24,0.1
9550,2024-03-07,1093,2039,South,8,17.96,0.0
9691,2024-03-07,1036,2044,South,4,2.71,0.0
8025,2024-03-08,1086,2015,West,2,386.63,0.1
8330,2024-03-08,1012,2036,South,3,4.73,0.0
8404,2024-03-08,1085,2021,North,4,1046.96,0.05
8455,2024-03-08,1040,2040,West,9,13.36,0.0
8549,2024-03-08,1005,2025,North,6,230.26,0.15
8724,2024-03-08,1095,2004,West,3,927.46,0.15
8726,2024-03-08,1086,2005,West,2,1317.95,0.05
9058,2024-03-08,1038,2039,West,6,20.78,0.0
9161,2024-03-08,1009,2004,West,4,1367.79,0.1
7762,2024-03-09,1017,2043,West,1,4.26,0.0
8512,2024-03-09,1034,2015,West,2,471.82,0.1
8662,2024-03-09,1057,2013,South,5,905.88,0.1
9242,2024-03-09,1089,2004,North,5,1033.32,0.1
9485,2024-03-09,1048,2040,South,9,19.66,0.0
7884,2024-03-10,1032,2014,North,8,321.64,0.05
8547,2024-03-10,1052,2028,South,2,303.56,0.15
8763,2024-03-10,1091,2029,West,4,377.72,0.0
9043,2024-03-10,1032,2007,West,9,22.99,0.0
9798,2024-03-10,1008,2043,South,8,2.44,0.1
7905,2024-03-11,1009,2012,North,9,903.81,0.0
8479,2024-03-11,1098,2008,North,1,107.09,0.1
8490,2024-03-11,1083,2024,North,5,968.16,0.15
9390,2024-03-11,1047,2007,East,3,119.95,0.0
9891,2024-03-11,1012,2001,South,4,1044.3,0.05
7524,2024-03-12,1099,2008,North,6,62.87,0.0
7766,2024-03-12,1040,2006,South,7,76.82,0.15
8247,2024-03-12,1001,2007,South,6,120.43,0.15
8413,2024-03-12,1018,2017,East,2,133.11,0.1
8840,2024-03-12,1069,2008,North,5,15.59,0.0
8905,2024-03-12,1059,2002,North,6,1100.66,0.0
9177,2024-03-12,1082,2023,East,7,353.45,0.1
9370,2024-03-12,1099,2005,North,1,1338.18,0.1
8673,2024-03-13,1040,2009,East,1,126.31,0.0
8765,2024-03-13,1046,2011,West,7,313.7,0.0
9107,2024-03-13,1016,2027,West,4,334.81,0.15
9594,2024-03-13,1011,2014,East,5,729.06,0.0
9776,2024-03-13,1078,2038,East,5,11.94,0.15
7735,2024-03-14,1072,2004,North,4,1503.36,0.0
7866,2024-03-14,1085,2003,North,4,1342.61,0.15
8279,2024-03-14,1040,2040,South,5,20.23,0.0
8678,2024-03-14,1089,2029,East,6,247.9,0.0
9411,2024-03-14,1097,2006,South,4,67.41,0.1
9468,2024-03-14,1090,2036,East,6,23.03,0.0
9735,2024-03-14,1025,2006,East,3,40.58,0.05
8010,2024-03-15,1087,2005,North,7,1779.09,0.0
8024,2024-03-15,1093,2009,East,5,106.72,0.05
8046,2024-03-15,1088,2001,West,5,852.42,0.0
8432,2024-03-15,1090,2001,West,4,1233.79,0.0
10025,2024-03-15,1090,2028,North,4,174.83,0.0
8753,2024-03-16,1068,2006,South,2,117.1,0.15
9791,2024-03-16,1036,2044,South,8,14.03,0.05
7975,2024-03-17,1014,2017,North,3,349.88,0.05
8118,2024-03-17,1065,2023,South,7,938.47,0.0
8587,2024-03-17,1041,2018,East,6,429.54,0.05
8664,2024-03-17,1017,2021,South,1,1059.1,0.0
8747,2024-03-17,1099,2029,North,6,189.88,0.15
10068,2024-03-17,1076,2011,West,8,832.51,0.0
7819,2024-03-18,1005,2021,West,5,247.56,0.05
8207,2024-03-18,1041,2013,East,6,1087.98,0.0
8501,2024-03-18,1025,2039,North,9,20.36,0.15
8974,2024-03-18,1006,2001,South,1,1794.62,0.0
7526,2024-03-19,1017,2020,South,6,489.01,0.1
7702,2024-03-19,1014,2036,South,7,10.86,0.0
8294,2024-03-19,1077,2021,South,2,626.24,0.1
8325,2024-03-19,1023,2012,North,4,345.43,0.0
8852,2024-03-19,1085,2005,East,1,893.36,0.05
9418,2024-03-19,1036,2031,West,1,20.07,0.1
9855,2024-03-19,1061,2019,South,5,304.65,0.0
9898,2024-03-19,1085,2011,East,6,991.66,0.0
8507,2024-03-20,1040,2010,North,8,82.52,0.15
9068,2024-03-20,1035,2043,South,9,5.2,0.15
9185,2024-03-20,1065,2039,West,1,11.86,0.0
9240,2024-03-20,1022,2001,South,9,1463.69,0.0
9378,2024-03-20,1008,2025,West,3,752.67,0.1
9548,2024-03-20,1060,2031,North,6,38.24,0.0
9692,2024-03-20,1071,2037,North,7,8.08,0.0
9957,2024-03-20,1016,2045,East,8,2.27,0.0
7632,2024-03-21,1042,2036,North,9,17.52,0.05
7688,2024-03-21,1013,2002,North,5,1970.43,0.1
8074,2024-03-21,1004,2010,West,5,132.8,0.0
8326,2024-03-21,1059,2013,East,9,319.47,0.0
8557,2024-03-21,1065,2040,North,9,9.0,0.1
9199,2024-03-21,1087,2022,North,9,831.64,0.1
9223,2024-03-21,1097,2020,North,3,461.27,0.0
9241,2024-03-21,1081,2017,West,5,428.78,0.1
9425,2024-03-21,1016,2028,East,8,169.35,0.1
9443,2024-03-21,1035,2020,South,6,108.16,0.0
9661,2024-03-21,1064,2012,South,4,1008.63,0.0
9823,2024-03-21,1026,2029,South,1,179.19,0.15
7670,2024-03-22,1091,2007,North,8,49.87,0.0
8971,2024-03-22,1037,2037,North,2,6.74,0.05
8353,2024-03-23,1076,2032,South,8,8.48,0.05
9120,2024-03-23,1082,2024,North,5,407.24,0.05
9929,2024-03-23,1075,2007,West,2,81.23,0.1
7536,2024-03-24,1022,2015,North,3,984.43,0.05
7750,2024-03-24,1083,2016,East,6,219.2,0.15
8598,2024-03-24,1005,2022,South,5,239.43,0.05
9700,2024-03-24,1045,2004,East,8,1836.49,0.1
9977,2024-03-24,1045,2010,West,4,79.22,0.0
10012,2024-03-24,1036,2036,West,8,13.49,0.05
7585,2024-03-25,1068,2025,South,2,840.62,0.0
8038,2024-03-25,1006,2022,South,9,744.47,0.0
8127,2024-03-25,1036,2015,East,1,827.55,0.05
8682,2024-03-25,1031,2040,South,4,21.98,0.0
8777,2024-03-25,1069,2035,East,4,9.45,0.1
9755,2024-03-25,1071,2017,South,9,386.25,0.0
9826,2024-03-25,1057,2030,West,3,139.63,0.1
9944,2024-03-25,1095,2008,West,3,134.02,0.15
9991,2024-03-25,1038,2009,West,1,44.66,0.0
7681,2024-03-26,1065,2011,West,7,907.86,0.0
8003,2024-03-26,1055,2022,South,6,1045.86,0.1
8692,2024-03-26,1096,2029,North,7,570.01,0.05
8990,2024-03-26,1081,2035,West,7,25.18,0.05
9285,2024-03-26,1096,2020,East,2,199.41,0.0
9375,2024-03-26,1066,2024,South,3,905.64,0.0
9392,2024-03-26,1026,2042,West,9,7.23,0.05
9690,2024-03-26,1056,2020,North,4,364.41,0.0
7718,2024-03-27,1029,2038,East,7,5.33,0.0
7966,2024-03-27,1042,2007,South,7,75.42,0.0
8052,2024-03-27,1013,2003,South,4,1287.66,0.0
8425,2024-03-27,1060,2021,West,5,913.24,0.15
9264,2024-03-27,1063,2003,South,7,963.7,0.0
9279,2024-03-27,1042,2040,East,1,21.61,0.0
9306,2024-03-27,1048,2038,North,1,6.18,0.0
9427,2024-03-27,1089,2010,South,5,23.55,0.0
9747,2024-03-27,1080,2028,North,8,380.93,0.15
8192,2024-03-28,1006,2039,South,3,19.26,0.1
8446,2024-03-28,1089,2016,West,5,285.72,0.0
8515,2024-03-28,1047,2005,West,7,1735.33,0.0
8979,2024-03-28,1069,2003,South,4,1859.2,0.0
9272,2024-03-28,1011,2004,South,7,1888.64,0.0
9617,2024-03-28,1074,2015,West,2,993.82,0.0
8142,2024-03-29,1014,2037,East,1,24.52,0.1
8285,2024-03-29,1053,2006,East,3,48.97,0.1
9003,2024-03-29,1087,2024,North,1,1068.38,0.15
9641,2024-03-29,1051,2004,East,8,929.61,0.0
9644,2024-03-29,1036,2018,North,2,405.08,0.15
9681,2024-03-29,1027,2001,West,3,1867.71,0.0
10050,2024-03-29,1026,2018,North,8,167.96,0.0
8201,2024-03-30,1073,2010,West,8,78.55,0.0
9154,2024-03-30,1072,2031,North,1,36.76,0.0
9405,2024-03-30,1069,2007,East,7,55.24,0.0
10048,2024-03-30,1096,2036,South,1,22.46,0.0
7540,2024-03-31,1080,2016,North,4,321.47,0.0
8039,2024-03-31,1049,2018,West,2,360.23,0.0
8083,2024-03-31,1087,2043,South,3,3.65,0.0
8550,2024-03-31,1087,2023,South,1,441.27,0.0
8970,2024-03-31,1043,2023,North,9,927.03,0.0
9575,2024-03-31,1092,2019,East,3,161.88,0.1
10045,2024-03-31,1054,2016,East,6,231.32,0.05
8303,2024-04-01,1009,2023,North,9,801.29,0.15
8623,2024-04-01,1057,2016,North,5,126.58,0.0
8903,2024-04-01,1012,2033,South,3,13.6,0.0
7731,2024-04-02,1014,2044,South,3,7.18,0.0
7771,2024-04-02,1019,2043,South,5,12.13,0.1
8079,2024-04-02,1035,2026,South,4,113.58,0.0
8225,2024-04-02,1044,2022,West,1,589.83,0.05
8230,2024-04-02,1028,2044,South,5,14.53,0.0
8782,2024-04-02,1034,2013,North,7,1183.3,0.0
8795,2024-04-02,1058,2019,North,7,337.5,0.0
8838,2024-04-02,1008,2002,South,2,835.22,0.1
8898,2024-04-02,1091,2040,South,6,16.17,0.1
9109,2024-04-02,1040,2025,North,2,548.93,0.0
9323,2024-04-02,1024,2011,West,4,533.88,0.0
10029,2024-04-02,1057,2022,South,3,719.39,0.0
7720,2024-04-03,1052,2025,North,8,409.79,0.0
8158,2024-04-03,1023,2020,East,7,247.76,0.0
8268,2024-04-03,1077,2024,East,7,211.41,0.0
8286,2024-04-03,1025,2020,North,5,244.77,0.0
8544,2024-04-03,1056,2044,West,1,14.93,0.1
8926,2024-04-03,1093,2021,East,6,668.97,0.0
8987,2024-04-03,1036,2022,North,8,483.66,0.1
9203,2024-04-03,1015,2005,North,7,1513.77,0.0
9414,2024-04-03,1008,2021,East,7,236.39,0.1
9559,2024-04-03,1010,2043,West,7,14.31,0.1
9608,2024-04-03,1091,2041,East,1,10.92,0.15
7786,2024-04-04,1017,2001,West,6,837.81,0.0
7831,2024-04-04,1085,2018,East,1,171.47,0.0
7973,2024-04-04,1078,2039,North,6,3.87,0.1
7997,2024-04-04,1046,2003,North,5,1491.33,0.15
8312,2024-04-04,1059,2037,North,2,13.27,0.15
9882,2024-04-04,1029,2015,South,1,592.95,0.0
8862,2024-04-05,1056,2028,South,6,277.82,0.1
8883,2024-04-05,1018,2002,East,3,1091.59,0.0
8893,2024-04-05,1025,2005,South,9,1183.41,0.0
8894,2024-04-05,1027,2040,South,8,22.1,0.1
8952,2024-04-05,1054,2035,South,6,29.56,0.0
9222,2024-04-05,1071,2009,East,8,37.54,0.0
9379,2024-04-05,1080,2029,South,8,259.79,0.0
9806,2024-04-05,1082,2041,East,7,5.05,0.1
9927,2024-04-05,1054,2018,East,5,351.7,0.0
9943,2024-04-05,1095,2025,South,9,839.32,0.05
9976,2024-04-05,1050,2022,West,8,908.92,0.0
7828,2024-04-06,1055,2039,South,9,13.48,0.0
8068,2024-04-06,1082,2001,South,3,1474.88,0.1
8831,2024-04-06,1002,2028,North,8,410.1,0.0
8998,2024-04-06,1026,2002,South,6,995.46,0.05
9350,2024-04-06,1097,2037,West,6,23.81,0.15
9819,2024-04-06,1038,2024,East,5,879.98,0.0
9870,2024-04-06,1063,2007,South,4,120.37,0.15
9883,2024-04-06,1015,2010,West,6,63.7,0.1
7606,2024-04-07,1096,2045,East,2,12.57,0.0
7620,2024-04-07,1006,2036,North,9,16.0,0.0
8477,2024-04-07,1020,2021,East,9,691.93,0.0
9151,2024-04-07,1039,2033,South,1,36.29,0.0
9430,2024-04-07,1003,2022,East,9,1042.98,0.1
7696,2024-04-08,1050,2008,East,8,84.57,0.05
8047,2024-04-08,1067,2019,South,9,151.54,0.0
8249,2024-04-08,1039,2010,West,6,46.31,0.05
9012,2024-04-08,1081,2014,East,8,870.97,0.05
9296,2024-04-08,1018,2002,East,1,1082.05,0.05
9649,2024-04-08,1071,2014,North,3,1045.64,0.0
9698,2024-04-08,1022,2019,South,7,253.97,0.0
9869,2024-04-08,1096,2025,South,6,605.87,0.05
7705,2024-04-09,1053,2044,West,2,13.27,0.0
8107,2024-04-09,1007,2014,South,4,343.9,0.0
8164,2024-04-09,1094,2027,West,1,521.67,0.1
8899,2024-04-09,1065,2011,West,5,1161.73,0.0
8186,2024-04-10,1027,2021,South,9,1004.46,0.15
8223,2024-04-10,1003,2040,South,2,12.11,0.15
8227,2024-04-10,1017,2015,North,2,651.31,0.0
8674,2024-04-10,1030,2016,North,8,165.85,0.0
8798,2024-04-10,1080,2039,East,6,5.28,0.0
9142,2024-04-10,1076,2015,West,8,575.87,0.0
9807,2024-04-10,1037,2038,West,3,8.81,0.05
8323,2024-04-11,1059,2018,North,8,153.3,0.05
8374,2024-04-11,1012,2028,North,1,131.7,0.0
8451,2024-04-11,1087,2043,South,7,8.46,0.0
8778,2024-04-11,1027,2029,North,5,166.83,0.1
9217,2024-04-11,1047,2028,East,1,204.36,0.0
7694,2024-04-12,1094,2028,East,9,133.7,0.0
8116,2024-04-12,1045,2034,East,6,19.74,0.0
8865,2024-04-12,1038,2010,East,9,27.37,0.0
9181,2024-04-12,1100,2004,North,9,986.31,0.0
9490,2024-04-12,1075,2016,South,8,282.68,0.1
9612,2024-04-12,1041,2020,South,5,361.93,0.0
10042,2024-04-12,1068,2035,South,2,14.2,0.0
8357,2024-04-13,1002,2020,South,5,280.89,0.0
8389,2024-04-13,1026,2027,South,6,426.92,0.05
8588,2024-04-13,1060,2002,West,7,1368.3,0.1
8780,2024-04-13,1024,2026,North,9,543.72,0.0
9209,2024-04-13,1094,2035,West,9,13.31,0.0
7926,2024-04-14,1044,2022,West,4,204.3,0.0
8134,2024-04-14,1012,2029,North,8,255.05,0.0
8594,2024-04-14,1015,2039,North,9,3.18,0.15
8934,2024-04-14,1016,2040,South,3,18.09,0.0
9198,2024-04-14,1083,2012,West,7,541.07,0.05
9329,2024-04-14,1061,2001,West,1,1805.72,0.0
9619,2024-04-14,1065,2008,South,1,86.64,0.0
8023,2024-04-15,1093,2014,East,1,342.51,0.0
8190,2024-04-15,1043,2044,North,3,10.23,0.05
8604,2024-04-15,1031,2014,North,6,561.51,0.1
8688,2024-04-15,1038,2003,East,7,1479.18,0.0
9327,2024-04-15,1061,2032,South,1,11.08,0.0
10039,2024-04-15,1085,2014,East,3,439.22,0.0
7684,2024-04-16,1076,2043,South,5,9.46,0.0
7749,2024-04-16,1072,2017,South,4,358.27,0.0
7752,2024-04-16,1060,2010,North,7,48.4,0.1
7770,2024-04-16,1009,2020,South,3,215.82,0.1
8431,2024-04-16,1027,2021,West,9,360.31,0.0
9838,2024-04-16,1010,2042,North,5,14.34,0.0
7890,2024-04-17,1044,2015,East,8,481.53,0.0
8266,2024-04-17,1074,2025,South,8,765.27,0.0
8345,2024-04-17,1059,2005,East,5,934.71,0.0
8559,2024-04-17,1022,2015,East,8,786.35,0.0
8851,2024-04-17,1090,2009,South,6,95.41,0.0
9429,2024-04-17,1033,2008,South,4,21.38,0.0
9732,2024-04-17,1021,2025,West,9,339.54,0.0
7765,2024-04-18,1022,2013,North,2,1032.83,0.0
8091,2024-04-18,1059,2036,East,6,3.83,0.0
8465,2024-04-18,1029,2023,West,1,895.93,0.15
9205,2024-04-18,1044,2016,South,2,369.91,0.15
9433,2024-04-18,1017,2021,North,1,534.58,0.1
9744,2024-04-18,1022,2025,West,5,1032.29,0.1
9887,2024-04-18,1078,2008,South,6,114.22,0.0
8595,2024-04-19,1026,2042,South,9,5.41,0.1
8766,2024-04-19,1027,2029,South,6,565.69,0.1
8772,2024-04-19,1027,2032,North,5,22.19,0.05
9040,2024-04-19,1008,2025,West,5,1074.86,0.05
9675,2024-04-19,1069,2019,North,7,303.01,0.15
8184,2024-04-20,1096,2018,East,9,140.73,0.0
8810,2024-04-20,1069,2006,South,8,119.34,0.05
8839,2024-04-20,1046,2017,East,3,90.82,0.1
8972,2024-04-20,1011,2028,North,5,351.89,0.0
9172,2024-04-20,1082,2014,West,4,888.8,0.0
9236,2024-04-20,1025,2040,East,8,13.97,0.15
9760,2024-04-20,1002,2031,West,8,13.06,0.05
9998,2024-04-20,1033,2019,East,9,269.97,0.05
7767,2024-04-21,1049,2036,West,7,5.42,0.0
8474,2024-04-21,1040,2044,South,9,6.29,0.0
8824,2024-04-21,1013,2017,South,4,331.88,0.1
7796,2024-04-22,1048,2024,West,2,616.49,0.0
7943,2024-04-22,1027,2018,West,6,434.77,0.05
7982,2024-04-22,1048,2014,South,6,1010.09,0.05
8139,2024-04-22,1076,2005,West,9,1013.38,0.0
8676,2024-04-22,1060,2033,North,9,27.6,0.05
9106,2024-04-22,1100,2007,West,3,148.08,0.1
9833,2024-04-22,1012,2003,West,6,1413.39,0.0
7852,2024-04-23,1050,2001,North,9,1569.87,0.15
7927,2024-04-23,1083,2007,East,7,79.66,0.0
8109,2024-04-23,1026,2007,West,9,46.4,0.0
8240,2024-04-23,1074,2029,South,5,380.46,0.0
8453,2024-04-23,1006,2029,North,9,322.66,0.05
9417,2024-04-23,1061,2004,South,9,1551.78,0.05
9596,2024-04-23,1069,2045,West,6,8.1,0.05
8358,2024-04-24,1038,2042,East,1,8.84,0.0
8458,2024-04-24,1071,2026,West,4,153.49,0.1
9376,2024-04-24,1029,2038,South,9,23.53,0.0
9482,2024-04-24,1043,2001,South,7,1629.93,0.15
9638,2024-04-24,1014,2036,West,7,22.53,0.15
9954,2024-04-24,1099,2033,East,6,36.23,0.15
10008,2024-04-24,1098,2003,North,9,1618.82,0.0
8516,2024-04-25,1037,2011,South,1,952.08,0.0
8576,2024-04-25,1007,2025,West,1,523.03,0.0
8750,2024-04-25,1034,2026,East,3,402.27,0.15
9326,2024-04-25,1045,2024,South,1,443.72,0.1
9537,2024-04-25,1011,2020,South,7,297.05,0.0
7788,2024-04-26,1025,2032,East,5,13.96,0.0
7845,2024-04-26,1015,2001,East,9,846.82,0.0
8572,2024-04-26,1096,2018,South,5,296.26,0.1
8667,2024-04-26,1049,2044,North,5,11.8,0.1
8829,2024-04-26,1002,2013,North,5,697.23,0.05
8911,2024-04-26,1068,2009,North,4,93.53,0.0
7777,2024-04-27,1033,2026,West,2,256.01,0.0
7984,2024-04-27,1072,2007,West,5,104.94,0.05
8759,2024-04-27,1047,2030,South,1,112.62,0.15
9000,2024-04-27,1087,2006,South,7,18.5,0.05
9078,2024-04-27,1097,2027,South,4,203.14,0.0
9176,2024-04-27,1082,2040,West,7,11.98,0.0
9233,2024-04-27,1045,2032,East,9,28.29,0.0
9335,2024-04-27,1051,2026,South,4,504.77,0.05
7539,2024-04-28,1003,2037,East,8,7.07,0.1
8043,2024-04-28,1100,2040,East,1,22.85,0.0
8242,2024-04-28,1088,2020,East,7,337.41,0.0
8706,2024-04-28,1100,2029,North,3,240.21,0.0
9131,2024-04-28,1087,2021,East,3,614.15,0.05
9289,2024-04-28,1087,2029,West,4,124.13,0.0
9365,2024-04-28,1074,2038,South,5,19.03,0.0
9549,2024-04-28,1042,2032,West,5,35.26,0.0
9590,2024-04-28,1063,2013,West,9,822.54,0.0
9643,2024-04-28,1060,2001,South,9,1557.04,0.05
9680,2024-04-28,1009,2019,East,9,341.95,0.1
9754,2024-04-28,1096,2025,East,9,227.43,0.1
10018,2024-04-28,1052,2033,North,1,7.63,0.0
7574,2024-04-29,1099,2040,West,6,6.39,0.15
7713,2024-04-29,1006,2014,East,5,300.98,0.0
8639,2024-04-29,1024,2023,South,5,506.03,0.1
8072,2024-04-30,1024,2022,West,1,1010.76,0.0
9916,2024-04-30,1013,2016,West,6,220.13,0.0
7576,2024-05-01,1099,2005,North,4,1442.67,0.15
7633,2024-05-01,1027,2019,North,7,198.64,0.1
8084,2024-05-01,1030,2019,East,5,160.35,0.05
8259,2024-05-01,1061,2044,East,4,10.79,0.1
8593,2024-05-01,1084,2004,West,5,1529.34,0.0
8920,2024-05-01,1064,2004,East,6,1526.16,0.0
9600,2024-05-01,1044,2005,West,1,1081.15,0.1
9715,2024-05-01,1020,2020,South,2,419.76,0.05
8113,2024-05-02,1084,2024,East,6,1166.19,0.05
8806,2024-05-02,1081,2005,South,8,1559.62,0.1
8902,2024-05-02,1058,2023,North,4,1003.58,0.1
9897,2024-05-02,1098,2002,East,4,1088.81,0.1
7638,2024-05-03,1052,2003,North,9,1464.25,0.0
7758,2024-05-03,1082,2007,South,3,94.85,0.05
7992,2024-05-03,1001,2045,West,6,6.09,0.05
8101,2024-05-03,1088,2029,South,1,162.19,0.1
8202,2024-05-03,1089,2045,West,1,5.45,0.0
8204,2024-05-03,1034,2008,East,4,77.42,0.1
8589,2024-05-03,1088,2010,East,1,34.1,0.0
9359,2024-05-03,1064,2018,East,7,193.63,0.1
9534,2024-05-03,1044,2024,North,4,776.23,0.05
9785,2024-05-03,1012,2010,North,9,45.77,0.1
9963,2024-05-03,1083,2019,West,9,96.84,0.05
10021,2024-05-03,1012,2043,West,5,4.58,0.0
10052,2024-05-03,1090,2020,West,5,103.03,0.0
10072,2024-05-03,1067,2004,South,1,1385.77,0.0
8058,2024-05-04,1008,2040,East,1,3.81,0.0
8130,2024-05-04,1058,2001,South,7,1438.32,0.0
8530,2024-05-04,1048,2005,North,9,1540.64,0.0
8546,2024-05-04,1078,2003,South,9,1809.79,0.0
8767,2024-05-04,1030,2009,South,2,28.05,0.05
9420,2024-05-04,1022,2001,South,3,1624.42,0.05
9467,2024-05-04,1086,2030,East,8,550.67,0.1
9821,2024-05-04,1095,2007,South,9,56.38,0.05
7959,2024-05-05,1087,2041,West,6,2.47,0.05
8942,2024-05-05,1010,2022,North,4,410.82,0.05
9672,2024-05-05,1100,2022,North,7,1068.83,0.15
10044,2024-05-05,1008,2009,North,8,83.42,0.1
7510,2024-05-06,1025,2011,South,3,826.3,0.1
8002,2024-05-06,1026,2007,South,9,78.98,0.1
8387,2024-05-06,1084,2023,North,9,708.77,0.0
8538,2024-05-06,1075,2035,South,5,14.8,0.0
8611,2024-05-06,1099,2024,North,4,597.21,0.1
9024,2024-05-06,1006,2024,East,7,1161.84,0.1
9114,2024-05-06,1031,2036,South,7,13.97,0.0
9152,2024-05-06,1028,2039,West,1,9.16,0.1
9945,2024-05-06,1085,2031,North,5,18.98,0.1
10096,2024-05-06,1040,2038,West,2,4.28,0.05
8350,2024-05-07,1039,2021,North,6,551.09,0.1
9082,2024-05-07,1061,2023,West,8,416.58,0.0
9340,2024-05-07,1094,2024,South,2,651.63,0.05
9657,2024-05-07,1094,2002,West,4,1587.89,0.0
9746,2024-05-07,1014,2044,West,5,2.77,0.0
10023,2024-05-07,1048,2021,South,9,410.72,0.1
8793,2024-05-08,1050,2036,North,9,3.06,0.15
8980,2024-05-08,1093,2032,North,1,24.01,0.1
9355,2024-05-08,1038,2012,South,1,698.59,0.0
9358,2024-05-08,1051,2018,North,8,244.26,0.0
9394,2024-05-08,1095,2045,South,7,13.82,0.05
9858,2024-05-08,1071,2035,West,1,35.82,0.1
10098,2024-05-08,1014,2036,South,9,3.18,0.0
7772,2024-05-09,1009,2025,West,8,200.79,0.1
7909,2024-05-09,1087,2026,South,7,448.66,0.0
8114,2024-05-09,1059,2043,South,6,3.8,0.1
8277,2024-05-09,1034,2003,South,1,1090.93,0.0
8495,2024-05-09,1027,2033,North,3,28.74,0.0
9421,2024-05-09,1013,2018,South,1,348.25,0.1
9920,2024-05-09,1052,2018,East,8,426.46,0.05
9999,2024-05-09,1058,2025,West,9,940.81,0.05
7625,2024-05-10,1025,2027,South,6,531.94,0.0
7981,2024-05-10,1064,2038,East,6,9.71,0.15
8185,2024-05-10,1067,2012,East,7,731.64,0.05
8648,2024-05-10,1033,2021,West,2,1188.85,0.0
9215,2024-05-11,1051,2020,North,6,82.96,0.0
9524,2024-05-11,1063,2024,South,1,1166.33,0.1
9647,2024-05-11,1048,2025,South,7,1102.93,0.1
9716,2024-05-11,1055,2009,East,2,58.01,0.1
9939,2024-05-11,1054,2021,South,3,607.15,0.0
10000,2024-05-11,1042,2032,South,1,5.43,0.05
7726,2024-05-12,1091,2025,East,8,480.57,0.15
7939,2024-05-12,1010,2019,North,3,342.14,0.0
8380,2024-05-12,1034,2003,West,4,832.79,0.1
8467,2024-05-12,1099,2040,East,9,14.27,0.05
8542,2024-05-12,1066,2030,South,8,330.51,0.0
8632,2024-05-12,1025,2030,West,8,262.42,0.0
8670,2024-05-12,1028,2030,South,4,565.35,0.0
8963,2024-05-12,1044,2003,West,1,1261.91,0.15
9047,2024-05-12,1044,2001,North,3,1850.41,0.0
9457,2024-05-12,1022,2034,West,9,31.53,0.05
9709,2024-05-12,1055,2017,South,8,485.22,0.05
9846,2024-05-12,1044,2010,West,2,71.03,0.1
7501,2024-05-13,1042,2041,West,1,9.02,0.1
8505,2024-05-13,1069,2014,East,5,795.1,0.0
8792,2024-05-13,1010,2002,North,5,1295.24,0.05
9494,2024-05-13,1087,2009,North,4,118.95,0.0
9668,2024-05-13,1032,2037,South,9,15.39,0.15
9714,2024-05-13,1066,2028,South,2,163.15,0.1
9743,2024-05-13,1023,2004,East,6,1193.81,0.15
10053,2024-05-13,1066,2014,West,8,813.0,0.0
7558,2024-05-14,1067,2014,East,5,963.34,0.0
7683,2024-05-14,1052,2034,South,9,11.68,0.05
8402,2024-05-14,1048,2004,West,9,1636.98,0.05
8574,2024-05-14,1079,2021,North,7,210.57,0.1
8680,2024-05-14,1027,2009,South,7,41.76,0.05
8764,2024-05-14,1033,2001,West,5,1376.92,0.1
8820,2024-05-14,1012,2022,North,4,718.37,0.1
7947,2024-05-15,1043,2014,South,9,628.38,0.0
8115,2024-05-15,1004,2042,South,8,8.19,0.0
8148,2024-05-16,1077,2035,West,7,8.44,0.15
8189,2024-05-16,1063,2017,West,7,326.02,0.0
8797,2024-05-16,1021,2003,South,7,1410.7,0.05
9103,2024-05-16,1095,2017,North,4,197.07,0.1
9165,2024-05-16,1051,2003,West,4,1800.99,0.0
9491,2024-05-16,1026,2025,North,2,534.58,0.1
9722,2024-05-16,1031,2023,East,8,838.73,0.0
10090,2024-05-16,1048,2017,North,6,309.32,0.0
7515,2024-05-17,1017,2020,North,9,91.19,0.15
7861,2024-05-17,1038,2014,West,3,854.37,0.05
8073,2024-05-17,1038,2016,West,9,119.54,0.0
8298,2024-05-17,1001,2022,South,3,426.84,0.15
8391,2024-05-17,1012,2021,North,5,1192.7,0.05
8881,2024-05-17,1049,2004,West,1,1750.69,0.1
9312,2024-05-17,1050,2004,West,3,1504.89,0.1
9933,2024-05-17,1067,2038,North,4,23.58,0.0
9965,2024-05-17,1036,2022,South,2,588.8,0.1
10091,2024-05-17,1071,2017,South,8,490.54,0.05
7695,2024-05-18,1069,2018,East,8,248.34,0.1
8220,2024-05-18,1028,2021,East,8,689.05,0.0
8663,2024-05-18,1076,2023,North,9,289.81,0.0
8967,2024-05-18,1043,2014,West,2,527.78,0.05
9045,2024-05-18,1059,2004,West,4,868.24,0.0
9147,2024-05-18,1093,2023,South,7,1099.04,0.0
9461,2024-05-18,1013,2020,West,5,430.54,0.05
9495,2024-05-18,1014,2041,West,9,11.64,0.0
9651,2024-05-18,1098,2008,South,2,104.09,0.0
9762,2024-05-18,1024,2010,North,8,32.49,0.0
7651,2024-05-19,1033,2019,East,8,226.5,0.15
7814,2024-05-19,1078,2010,South,7,18.72,0.1
7858,2024-05-19,1097,2001,North,7,1266.21,0.0
8088,2024-05-19,1078,2035,West,9,27.18,0.1
8188,2024-05-19,1034,2039,South,8,24.71,0.0
8221,2024-05-19,1010,2042,East,2,12.41,0.1
8314,2024-05-19,1068,2022,South,4,1118.41,0.0
8954,2024-05-19,1083,2038,West,5,3.36,0.0
9194,2024-05-19,1022,2010,East,8,108.88,0.15
9361,2024-05-19,1041,2005,South,7,1760.96,0.1
9554,2024-05-19,1086,2009,East,7,68.06,0.05
9802,2024-05-19,1089,2039,West,7,11.59,0.0
10066,2024-05-19,1074,2012,North,6,679.09,0.15
7530,2024-05-20,1056,2006,East,8,37.4,0.1
8177,2024-05-20,1063,2003,East,3,1519.64,0.15
8803,2024-05-20,1053,2045,West,4,5.81,0.15
8991,2024-05-20,1006,2039,East,8,14.35,0.1
8291,2024-05-21,1033,2016,East,7,229.31,0.05
8324,2024-05-21,1030,2010,West,4,28.31,0.0
8709,2024-05-21,1057,2021,South,1,1104.71,0.0
9244,2024-05-21,1037,2010,South,4,71.64,0.0
9343,2024-05-21,1016,2035,North,1,36.48,0.15
9466,2024-05-21,1042,2010,South,4,79.86,0.1
9628,2024-05-21,1091,2014,South,2,1172.29,0.0
9667,2024-05-21,1046,2042,North,6,8.51,0.15
7579,2024-05-22,1096,2012,West,5,1162.73,0.0
7672,2024-05-22,1067,2006,West,4,23.81,0.0
7685,2024-05-22,1091,2010,West,8,109.36,0.1
7707,2024-05-22,1100,2036,West,9,14.89,0.0
7933,2024-05-22,1019,2006,North,2,16.16,0.0
8060,2024-05-22,1062,2027,North,9,440.04,0.1
8880,2024-05-22,1079,2008,North,7,124.09,0.0
8931,2024-05-22,1011,2005,West,8,1354.2,0.1
9088,2024-05-22,1075,2004,North,3,902.47,0.15
9416,2024-05-22,1040,2015,North,7,395.36,0.1
9459,2024-05-22,1091,2008,North,4,133.22,0.0
9750,2024-05-22,1082,2040,North,4,14.98,0.05
9783,2024-05-22,1038,2018,South,2,484.63,0.0
7509,2024-05-23,1005,2001,North,5,1884.94,0.1
7910,2024-05-23,1054,2019,West,3,448.22,0.0
8175,2024-05-23,1094,2008,West,9,58.73,0.0
8261,2024-05-23,1070,2043,North,6,14.93,0.0
8463,2024-05-23,1064,2030,West,4,408.71,0.0
8579,2024-05-23,1059,2035,North,2,28.58,0.0
8610,2024-05-23,1078,2006,South,8,72.31,0.0
9539,2024-05-23,1080,2014,North,6,455.62,0.15
9711,2024-05-23,1054,2030,North,3,509.95,0.1
9862,2024-05-23,1060,2012,North,8,970.79,0.05
8239,2024-05-24,1006,2021,East,3,836.51,0.15
9091,2024-05-24,1078,2005,West,1,1430.93,0.1
9369,2024-05-24,1074,2018,North,1,332.49,0.05
9522,2024-05-24,1083,2013,West,5,900.25,0.0
9527,2024-05-24,1096,2024,North,6,985.85,0.05
9688,2024-05-24,1001,2016,East,6,413.31,0.15
9799,2024-05-24,1080,2041,South,6,11.06,0.0
7843,2024-05-25,1020,2037,North,9,8.05,0.0
7945,2024-05-25,1050,2018,West,9,241.45,0.15
8076,2024-05-25,1074,2021,North,7,1179.87,0.15
8089,2024-05-25,1055,2041,East,7,5.23,0.1
8914,2024-05-25,1025,2005,East,6,839.33,0.0
9115,2024-05-25,1040,2031,East,2,32.44,0.1
9952,2024-05-25,1024,2005,West,1,1363.8,0.15
9238,2024-05-26,1069,2014,South,9,475.9,0.0
9273,2024-05-26,1084,2003,South,3,955.44,0.05
9679,2024-05-26,1064,2009,West,3,15.98,0.15
8842,2024-05-27,1068,2032,South,1,36.85,0.15
8854,2024-05-27,1019,2018,East,2,449.34,0.0
9571,2024-05-27,1069,2009,West,2,17.66,0.0
9946,2024-05-27,1100,2030,South,8,579.78,0.1
7607,2024-05-28,1009,2037,North,7,24.8,0.0
7668,2024-05-28,1052,2022,West,3,986.13,0.0
7783,2024-05-28,1013,2041,East,3,10.78,0.0
9101,2024-05-28,1055,2034,North,7,27.6,0.0
9373,2024-05-28,1037,2005,East,8,1781.73,0.05
9406,2024-05-28,1082,2013,West,3,789.94,0.05
9487,2024-05-28,1035,2033,West,7,6.26,0.05
9586,2024-05-28,1063,2031,North,2,26.56,0.0
7575,2024-05-29,1076,2021,North,5,733.89,0.05
7906,2024-05-29,1067,2041,East,1,12.68,0.1
7999,2024-05-29,1045,2024,East,4,423.44,0.05
8502,2024-05-29,1007,2011,East,3,1163.99,0.0
8698,2024-05-29,1054,2021,East,1,986.89,0.05
9774,2024-05-29,1003,2011,South,1,1178.65,0.0
7595,2024-05-30,1017,2026,South,7,224.96,0.05
7838,2024-05-30,1011,2013,East,1,644.5,0.0
8070,2024-05-30,1091,2029,East,3,114.39,0.0
9305,2024-05-30,1085,2020,West,5,108.23,0.0
9362,2024-05-30,1012,2041,South,6,10.92,0.05
9367,2024-05-30,1045,2036,West,3,14.52,0.0
9407,2024-05-30,1071,2007,North,2,68.05,0.0
9546,2024-05-30,1083,2028,East,3,178.31,0.0
7592,2024-05-31,1002,2005,North,8,1616.56,0.1
7687,2024-05-31,1056,2033,South,4,25.9,0.0
7836,2024-05-31,1065,2038,South,7,23.66,0.0
9124,2024-05-31,1001,2008,South,8,29.91,0.05
9473,2024-05-31,1098,2022,West,6,941.29,0.0
9633,2024-05-31,1098,2031,North,4,23.34,0.0
7769,2024-06-01,1012,2039,South,7,18.08,0.1
8426,2024-06-01,1066,2004,North,1,1274.32,0.0
8613,2024-06-01,1028,2028,South,9,427.98,0.0
9547,2024-06-01,1080,2045,East,7,14.46,0.0
9558,2024-06-01,1077,2041,North,3,10.6,0.05
10071,2024-06-01,1071,2001,North,9,1505.65,0.0
10087,2024-06-01,1086,2018,East,9,103.81,0.0
7550,2024-06-02,1023,2021,East,8,1035.89,0.05
8318,2024-06-02,1056,2005,East,1,1475.32,0.1
8329,2024-06-02,1087,2031,West,3,14.57,0.1
8923,2024-06-02,1033,2029,East,8,243.76,0.0
9196,2024-06-02,1086,2040,North,6,24.06,0.0
9247,2024-06-02,1081,2006,North,9,100.29,0.1
9813,2024-06-02,1062,2003,West,1,1789.79,0.0
10033,2024-06-02,1028,2012,West,8,872.32,0.1
8131,2024-06-03,1039,2011,South,9,528.0,0.0
8949,2024-06-03,1086,2025,West,5,278.88,0.0
9153,2024-06-03,1001,2040,South,8,17.07,0.0
9308,2024-06-03,1088,2024,North,6,799.12,0.1
9316,2024-06-03,1075,2024,South,2,877.34,0.1
9664,2024-06-03,1032,2007,North,8,133.03,0.0
7691,2024-06-04,1091,2042,West,4,3.79,0.1
7736,2024-06-04,1085,2012,West,9,501.51,0.05
7825,2024-06-04,1018,2006,West,5,93.7,0.15
8367,2024-06-04,1037,2038,West,7,6.09,0.05
9626,2024-06-04,1060,2001,North,5,819.7,0.0
7608,2024-06-05,1009,2014,East,3,1136.95,0.1
8124,2024-06-05,1094,2039,North,5,20.33,0.0
8200,2024-06-05,1082,2023,East,5,925.28,0.05
8796,2024-06-05,1056,2039,South,3,5.6,0.1
9014,2024-06-05,1040,2002,East,8,1573.07,0.0
9026,2024-06-05,1036,2038,North,7,8.25,0.1
9346,2024-06-05,1073,2013,West,1,890.89,0.1
9464,2024-06-05,1043,2025,East,3,940.58,0.1
9703,2024-06-05,1047,2003,East,5,939.21,0.1
9792,2024-06-05,1058,2015,East,7,709.12,0.0
10007,2024-06-05,1094,2006,South,8,18.55,0.05
9630,2024-06-06,1078,2019,South,1,89.7,0.15
9779,2024-06-06,1003,2008,South,2,23.08,0.0
7517,2024-06-07,1059,2026,North,8,171.32,0.0
7656,2024-06-07,1018,2011,South,7,511.26,0.0
7876,2024-06-07,1077,2008,South,2,109.5,0.05
7953,2024-06-07,1001,2010,North,9,46.7,0.0
8026,2024-06-07,1070,2018,North,4,122.05,0.0
8522,2024-06-07,1058,2013,West,7,876.0,0.0
8746,2024-06-07,1080,2036,East,6,3.02,0.1
8774,2024-06-07,1060,2001,South,9,1976.67,0.0
9372,2024-06-07,1026,2045,West,6,9.5,0.1
9736,2024-06-07,1087,2012,West,5,929.58,0.0
8077,2024-06-08,1041,2012,South,2,858.9,0.1
8376,2024-06-08,1040,2018,East,8,347.2,0.1
9035,2024-06-08,1089,2021,West,5,1092.5,0.0
9268,2024-06-08,1061,2025,South,4,1048.62,0.0
9293,2024-06-08,1049,2024,West,7,654.92,0.0
9533,2024-06-08,1077,2010,East,4,119.2,0.0
9689,2024-06-08,1011,2003,North,7,1608.0,0.0
10062,2024-06-08,1077,2035,North,9,27.84,0.1
7761,2024-06-09,1018,2019,North,7,495.78,0.0
7846,2024-06-09,1100,2006,West,6,141.36,0.05
8712,2024-06-09,1016,2026,West,1,419.24,0.0
8906,2024-06-09,1093,2039,North,8,16.84,0.1
8981,2024-06-09,1018,2009,North,4,127.54,0.15
9404,2024-06-09,1069,2008,East,7,23.06,0.0
9875,2024-06-09,1090,2042,North,1,14.41,0.0
7569,2024-06-10,1004,2012,West,9,926.74,0.1
7617,2024-06-10,1080,2008,South,2,45.45,0.05
7622,2024-06-10,1029,2004,North,9,830.81,0.0
7686,2024-06-10,1080,2036,East,9,8.67,0.0
8128,2024-06-10,1003,2021,West,3,929.99,0.05
8476,2024-06-10,1025,2044,East,2,14.44,0.1
9385,2024-06-10,1015,2040,North,2,11.04,0.1
9841,2024-06-10,1011,2041,South,1,14.92,0.15
9877,2024-06-10,1082,2011,West,8,556.17,0.1
9893,2024-06-10,1095,2008,South,4,106.53,0.0
9900,2024-06-10,1060,2016,East,3,420.95,0.0
9934,2024-06-10,1083,2034,North,3,30.45,0.1
8135,2024-06-11,1054,2032,North,6,5.3,0.05
8412,2024-06-11,1047,2014,South,4,1153.82,0.05
8933,2024-06-11,1082,2039,South,1,9.73,0.15
9366,2024-06-11,1068,2036,North,5,15.2,0.0
9693,2024-06-11,1038,2004,West,8,902.86,0.0
9712,2024-06-11,1061,2007,South,2,55.9,0.1
7747,2024-06-12,1079,2023,West,2,1014.4,0.0
8290,2024-06-12,1060,2006,North,5,22.5,0.0
8740,2024-06-12,1067,2009,South,5,31.67,0.05
9005,2024-06-12,1096,2022,East,5,553.3,0.05
9283,2024-06-12,1095,2005,South,3,1657.4,0.0
9493,2024-06-12,1010,2018,East,2,255.09,0.0
9593,2024-06-12,1073,2028,South,7,579.05,0.0
9597,2024-06-12,1002,2005,South,1,848.59,0.15
9610,2024-06-12,1057,2001,North,7,1685.4,0.05
7728,2024-06-13,1009,2019,South,8,394.56,0.05
7882,2024-06-13,1083,2026,West,3,162.51,0.05
8032,2024-06-13,1078,2005,East,1,1238.22,0.1
8144,2024-06-13,1009,2003,West,6,1859.18,0.0
8256,2024-06-13,1076,2008,East,4,88.02,0.1
8422,2024-06-13,1004,2007,East,5,21.25,0.0
9265,2024-06-13,1091,2009,North,6,24.14,0.05
9720,2024-06-13,1096,2026,West,9,419.49,0.0
9879,2024-06-13,1007,2013,West,4,631.5,0.0
7698,2024-06-14,1054,2032,North,7,19.6,0.0
8098,2024-06-14,1036,2045,West,1,8.72,0.1
8315,2024-06-14,1083,2017,West,4,321.59,0.1
8960,2024-06-14,1043,2043,South,3,12.94,0.0
9149,2024-06-14,1017,2011,North,5,769.73,0.0
9388,2024-06-14,1056,2040,North,2,19.18,0.1
9498,2024-06-14,1003,2045,North,4,3.43,0.0
10014,2024-06-14,1090,2006,East,8,49.42,0.0
10060,2024-06-14,1024,2016,East,2,87.81,0.0
7743,2024-06-15,1015,2043,West,4,13.06,0.0
8701,2024-06-15,1092,2034,West,1,31.88,0.1
8849,2024-06-15,1092,2018,North,5,295.25,0.05
9117,2024-06-15,1095,2003,West,8,1870.44,0.1
9849,2024-06-15,1049,2039,East,3,3.92,0.0
8327,2024-06-16,1017,2001,North,2,1189.04,0.0
8361,2024-06-16,1058,2016,South,7,299.18,0.0
9140,2024-06-16,1019,2029,East,2,432.15,0.0
9189,2024-06-16,1019,2019,West,3,317.54,0.0
7567,2024-06-17,1056,2036,East,9,16.51,0.0
7693,2024-06-17,1008,2037,East,9,7.51,0.05
9738,2024-06-17,1085,2011,North,5,855.85,0.0
9880,2024-06-17,1063,2041,South,9,13.64,0.15
7511,2024-06-18,1084,2002,West,2,1093.61,0.0
7654,2024-06-18,1098,2023,West,5,729.39,0.1
8445,2024-06-18,1095,2015,South,1,717.88,0.05
8950,2024-06-18,1089,2012,North,9,614.77,0.15
9046,2024-06-18,1089,2008,West,8,134.92,0.0
9360,2024-06-18,1021,2018,North,9,297.34,0.0
10037,2024-06-18,1050,2032,West,4,29.66,0.15
10095,2024-06-18,1022,2014,South,8,638.42,0.05
8260,2024-06-19,1058,2003,East,7,1496.17,0.1
8489,2024-06-19,1091,2008,South,1,93.39,0.0
8850,2024-06-19,1031,2037,South,5,17.4,0.0
9616,2024-06-19,1067,2015,North,1,704.91,0.1
10038,2024-06-19,1037,2027,South,8,479.73,0.1
7954,2024-06-20,1009,2036,West,4,6.82,0.0
8048,2024-06-20,1062,2014,West,7,926.87,0.05
8050,2024-06-20,1053,2017,East,2,124.71,0.0
8879,2024-06-20,1091,2009,East,4,125.09,0.15
9008,2024-06-20,1099,2045,South,4,7.24,0.0
9333,2024-06-20,1072,2040,East,7,10.25,0.15
9489,2024-06-20,1024,2004,South,7,1095.81,0.0
9990,2024-06-20,1049,2033,West,1,29.6,0.1
8066,2024-06-21,1095,2002,East,8,810.41,0.05
8493,2024-06-21,1048,2037,East,3,23.83,0.0
8861,2024-06-21,1047,2019,South,1,460.69,0.0
9074,2024-06-21,1050,2013,South,5,939.44,0.15
9297,2024-06-21,1041,2016,East,2,166.43,0.0
9573,2024-06-21,1047,2008,East,2,122.53,0.0
9801,2024-06-21,1046,2014,East,5,532.5,0.15
8561,2024-06-22,1100,2045,East,7,7.06,0.15
8710,2024-06-22,1015,2030,North,2,161.26,0.0
8714,2024-06-22,1076,2003,North,1,1178.78,0.1
8784,2024-06-22,1094,2029,East,9,226.21,0.0
9095,2024-06-22,1055,2004,North,7,1546.43,0.0
9252,2024-06-22,1007,2033,West,3,21.8,0.15
7875,2024-06-23,1024,2012,South,6,937.86,0.0
8059,2024-06-23,1029,2018,South,6,394.89,0.05
8213,2024-06-23,1074,2027,East,2,587.1,0.05
8745,2024-06-23,1020,2032,North,5,16.28,0.0
8968,2024-06-23,1067,2002,North,6,1321.7,0.1
9085,2024-06-23,1067,2037,West,5,22.56,0.15
9093,2024-06-23,1042,2024,West,6,693.62,0.05
9108,2024-06-23,1071,2007,North,3,148.52,0.1
9317,2024-06-23,1002,2039,South,4,23.55,0.0
8504,2024-06-24,1033,2011,East,5,882.06,0.0
9309,2024-06-24,1083,2010,North,4,106.67,0.0
7877,2024-06-25,1100,2015,South,3,1030.71,0.0
8044,2024-06-25,1011,2002,North,4,1383.71,0.0
8331,2024-06-25,1032,2011,North,9,1147.24,0.0
8584,2024-06-25,1080,2023,East,5,713.95,0.1
9338,2024-06-25,1028,2005,East,1,1133.7,0.1
9389,2024-06-25,1039,2019,West,7,214.42,0.0
9884,2024-06-25,1098,2001,South,8,910.25,0.05
8019,2024-06-26,1038,2002,South,8,1477.86,0.0
8162,2024-06-26,1049,2035,South,9,22.22,0.15
8428,2024-06-26,1041,2045,West,6,4.54,0.15
8535,2024-06-26,1020,2036,South,3,22.46,0.05
8661,2024-06-26,1053,2030,North,7,320.13,0.15
8756,2024-06-26,1037,2044,South,6,12.54,0.0
9162,2024-06-26,1057,2021,North,2,421.05,0.05
9239,2024-06-26,1087,2012,West,4,826.98,0.0
9504,2024-06-26,1094,2043,East,2,3.87,0.0
7922,2024-06-27,1076,2007,East,5,65.61,0.0
8809,2024-06-27,1057,2017,North,5,349.51,0.0
9287,2024-06-27,1049,2015,North,8,746.42,0.0
9772,2024-06-27,1005,2006,North,5,24.66,0.1
9857,2024-06-27,1059,2036,East,7,20.52,0.0
10076,2024-06-27,1063,2025,North,1,206.97,0.1
7534,2024-06-28,1024,2041,North,7,12.21,0.0
7559,2024-06-28,1084,2014,South,2,954.97,0.05
7618,2024-06-28,1064,2031,North,8,22.37,0.0
7842,2024-06-28,1016,2021,East,3,671.71,0.0
8265,2024-06-28,1087,2015,South,5,725.39,0.1
9075,2024-06-28,1003,2017,West,4,312.02,0.05
9211,2024-06-28,1095,2007,North,2,39.02,0.05
9470,2024-06-28,1021,2026,South,4,337.73,0.1
7891,2024-06-29,1050,2031,North,5,8.44,0.05
8342,2024-06-29,1088,2025,North,9,673.13,0.1
8721,2024-06-29,1074,2020,North,3,172.4,0.0
8775,2024-06-29,1053,2029,South,8,227.92,0.0
8837,2024-06-29,1052,2022,South,3,221.33,0.15
9062,2024-06-29,1072,2027,West,4,348.42,0.1
9178,2024-06-29,1044,2012,East,3,1173.69,0.0
9277,2024-06-29,1094,2037,West,5,13.69,0.05
9344,2024-06-29,1053,2024,East,2,468.25,0.0
7529,2024-06-30,1056,2012,West,3,1092.56,0.05
8378,2024-06-30,1034,2015,North,4,712.89,0.0
8554,2024-06-30,1030,2008,South,9,61.81,0.0
8628,2024-06-30,1073,2008,South,6,100.3,0.0
8889,2024-06-30,1056,2007,North,1,37.36,0.0
9139,2024-06-30,1074,2037,East,4,17.46,0.1
9314,2024-06-30,1012,2045,East,8,11.81,0.05
9507,2024-06-30,1088,2032,South,5,12.84,0.1
7961,2024-07-01,1053,2028,South,7,169.97,0.05
8219,2024-07-01,1087,2023,North,7,1198.21,0.0
8424,2024-07-01,1022,2042,East,9,12.14,0.0
8482,2024-07-01,1091,2011,East,6,562.82,0.1
8717,2024-07-01,1005,2015,East,7,404.34,0.05
8904,2024-07-01,1053,2024,South,3,1055.89,0.0
9187,2024-07-01,1096,2023,West,7,410.36,0.05
10055,2024-07-01,1050,2001,North,4,1656.08,0.0
7773,2024-07-02,1020,2031,West,8,18.08,0.0
7870,2024-07-02,1016,2003,West,8,904.42,0.05
8337,2024-07-02,1065,2038,East,6,6.38,0.05
8606,2024-07-02,1020,2014,West,8,610.45,0.0
8622,2024-07-02,1034,2013,North,8,1101.24,0.0
8686,2024-07-02,1075,2005,North,9,1492.41,0.0
8730,2024-07-02,1037,2044,North,7,10.23,0.1
9029,2024-07-02,1045,2004,East,5,1470.71,0.0
9444,2024-07-02,1098,2030,West,4,215.02,0.0
9726,2024-07-02,1080,2025,North,8,772.3,0.0
9302,2024-07-03,1100,2012,East,1,610.39,0.0
9763,2024-07-03,1019,2022,South,9,498.55,0.0
9834,2024-07-03,1058,2021,North,8,1187.1,0.0
10030,2024-07-03,1082,2029,North,7,111.65,0.1
8405,2024-07-04,1020,2026,West,7,462.15,0.0
8649,2024-07-04,1059,2011,West,9,1199.42,0.0
8921,2024-07-04,1093,2042,East,2,2.4,0.15
9276,2024-07-04,1088,2043,South,8,2.49,0.1
9654,2024-07-04,1081,2001,North,6,1490.77,0.0
9696,2024-07-04,1031,2007,West,6,64.25,0.0
7563,2024-07-05,1031,2036,South,9,18.35,0.0
7640,2024-07-05,1035,2033,South,8,12.91,0.05
8037,2024-07-05,1048,2009,West,8,139.69,0.05
8280,2024-07-05,1017,2017,South,7,489.26,0.1
8456,2024-07-05,1085,2007,West,6,64.68,0.15
8807,2024-07-05,1004,2013,North,1,1077.18,0.1
8896,2024-07-05,1005,2010,East,2,98.11,0.1
9448,2024-07-05,1040,2010,North,7,20.38,0.0
9486,2024-07-05,1002,2016,West,6,265.0,0.05
8400,2024-07-06,1001,2004,North,7,1900.89,0.0
9034,2024-07-06,1057,2006,North,3,148.27,0.0
9050,2024-07-06,1096,2004,West,8,1741.01,0.05
9146,2024-07-06,1016,2042,West,8,9.02,0.0
7578,2024-07-07,1001,2030,South,6,189.82,0.1
7895,2024-07-07,1091,2019,East,5,147.09,0.1
8631,2024-07-07,1069,2004,East,4,1692.49,0.0
8668,2024-07-07,1062,2013,South,3,431.97,0.0
9399,2024-07-07,1044,2005,South,2,1100.85,0.15
9818,2024-07-07,1008,2036,West,4,20.81,0.05
7794,2024-07-08,1052,2036,West,3,10.36,0.15
7928,2024-07-08,1067,2003,North,1,1773.21,0.0
8488,2024-07-08,1033,2004,North,6,1468.95,0.0
8582,2024-07-08,1073,2023,South,8,553.45,0.0
8743,2024-07-08,1051,2010,North,7,95.26,0.0
8869,2024-07-08,1014,2003,North,9,1246.17,0.0
9125,2024-07-08,1040,2012,West,2,819.06,0.0
9182,2024-07-08,1082,2008,North,4,135.49,0.05
9800,2024-07-08,1017,2010,West,9,108.42,0.0
9889,2024-07-08,1087,2004,West,4,1804.84,0.0
10073,2024-07-08,1082,2018,South,1,82.28,0.0
8013,2024-07-09,1079,2010,South,4,129.86,0.05
8748,2024-07-09,1035,2002,North,2,1196.55,0.0
8853,2024-07-09,1035,2028,West,8,323.51,0.05
9135,2024-07-09,1041,2003,East,9,1101.91,0.0
9556,2024-07-09,1074,2026,South,6,209.01,0.1
9867,2024-07-09,1029,2042,South,7,11.33,0.1
7901,2024-07-10,1018,2023,South,8,1110.71,0.1
8187,2024-07-10,1031,2036,South,6,21.45,0.1
8196,2024-07-10,1062,2041,North,2,10.66,0.05
8919,2024-07-10,1070,2007,East,8,131.45,0.0
9465,2024-07-10,1020,2008,East,8,49.91,0.05
9936,2024-07-10,1051,2034,South,4,32.08,0.0
7643,2024-07-11,1074,2042,East,3,13.35,0.0
8461,2024-07-11,1077,2037,East,4,6.99,0.0
9284,2024-07-11,1062,2020,East,4,223.1,0.05
9697,2024-07-11,1097,2001,West,3,980.09,0.1
9844,2024-07-11,1043,2039,East,6,4.09,0.0
7553,2024-07-12,1029,2011,South,5,448.96,0.1
7637,2024-07-12,1050,2027,West,4,139.43,0.05
7760,2024-07-12,1054,2024,West,3,907.08,0.0
7865,2024-07-12,1073,2013,West,1,712.68,0.0
7949,2024-07-12,1086,2027,North,7,110.4,0.05
9484,2024-07-12,1029,2035,North,6,6.12,0.0
9589,2024-07-12,1053,2016,West,8,193.27,0.0
9907,2024-07-12,1035,2035,East,3,6.64,0.0
10043,2024-07-12,1094,2017,East,3,109.65,0.15
7829,2024-07-13,1085,2016,West,8,95.75,0.0
8029,2024-07-13,1032,2007,East,2,87.56,0.05
8267,2024-07-13,1088,2001,South,1,1709.85,0.05
8348,2024-07-13,1056,2021,North,8,460.21,0.0
8571,2024-07-13,1044,2029,South,8,534.72,0.0
9540,2024-07-13,1075,2025,East,7,622.52,0.05
9899,2024-07-13,1056,2016,East,4,406.85,0.1
7599,2024-07-14,1005,2014,North,4,670.0,0.15
8149,2024-07-14,1089,2003,West,2,1621.32,0.0
8234,2024-07-14,1034,2030,West,5,489.3,0.1
8366,2024-07-14,1072,2013,North,8,994.19,0.05
8687,2024-07-14,1061,2016,North,6,177.07,0.0
9330,2024-07-14,1089,2008,South,3,118.54,0.1
8045,2024-07-15,1008,2017,North,2,407.38,0.05
8081,2024-07-15,1069,2029,North,3,399.97,0.05
8086,2024-07-15,1023,2028,East,3,505.97,0.0
8096,2024-07-15,1013,2018,North,9,112.16,0.0
8927,2024-07-15,1085,2022,West,3,610.67,0.15
9254,2024-07-15,1088,2003,East,4,1884.91,0.1
9304,2024-07-15,1011,2036,South,5,16.02,0.1
9477,2024-07-15,1037,2004,South,8,1127.25,0.0
9778,2024-07-15,1014,2021,East,9,289.18,0.0
9970,2024-07-15,1043,2026,West,4,496.49,0.05
10001,2024-07-15,1028,2018,West,4,86.7,0.1
10047,2024-07-15,1067,2021,West,9,877.36,0.1
8178,2024-07-16,1068,2023,South,2,286.99,0.1
8395,2024-07-16,1028,2010,West,7,93.79,0.05
8677,2024-07-16,1085,2023,South,2,952.74,0.0
9097,2024-07-16,1063,2028,North,5,556.65,0.15
9455,2024-07-16,1019,2040,West,7,23.18,0.0
9652,2024-07-16,1044,2001,South,4,1028.4,0.0
9820,2024-07-16,1039,2019,East,5,230.04,0.1
10094,2024-07-16,1037,2036,West,1,6.01,0.1
7547,2024-07-17,1085,2003,South,4,939.57,0.0
7601,2024-07-17,1068,2007,North,1,33.21,0.15
8111,2024-07-17,1018,2009,South,7,77.31,0.0
8805,2024-07-17,1084,2043,East,5,9.73,0.1
9345,2024-07-17,1097,2027,East,3,354.07,0.15
9371,2024-07-17,1081,2014,South,8,911.44,0.0
9453,2024-07-17,1013,2039,East,7,20.64,0.15
7674,2024-07-18,1017,2038,East,6,21.96,0.1
7729,2024-07-18,1081,2020,West,9,207.05,0.15
7919,2024-07-18,1067,2022,North,2,683.73,0.0
7932,2024-07-18,1065,2008,South,3,33.93,0.1
8065,2024-07-18,1041,2002,North,9,1667.99,0.0
8444,2024-07-18,1003,2001,North,5,1105.09,0.15
8665,2024-07-18,1096,2012,North,4,657.48,0.0
8707,2024-07-18,1046,2015,North,2,596.98,0.0
8741,2024-07-18,1098,2019,North,8,134.38,0.15
8961,2024-07-18,1033,2006,South,2,138.12,0.1
9157,2024-07-18,1024,2038,West,2,15.26,0.0
9393,2024-07-18,1086,2042,East,7,8.03,0.0
7627,2024-07-19,1080,2028,East,8,547.6,0.0
8975,2024-07-19,1067,2008,East,7,109.75,0.05
9261,2024-07-19,1071,2030,North,3,580.96,0.0
9398,2024-07-19,1001,2042,West,4,14.13,0.0
9478,2024-07-19,1003,2045,South,1,4.05,0.05
9656,2024-07-19,1020,2040,South,1,23.3,0.0
9678,2024-07-19,1086,2007,West,1,18.53,0.0
9986,2024-07-19,1024,2018,North,1,178.53,0.1
7645,2024-07-20,1007,2009,North,7,15.8,0.05
7797,2024-07-20,1098,2008,West,8,36.5,0.1
7802,2024-07-20,1013,2015,North,4,974.17,0.05
7804,2024-07-20,1013,2031,East,4,17.41,0.05
8229,2024-07-20,1040,2040,West,3,15.49,0.1
8381,2024-07-20,1030,2025,North,4,649.78,0.0
8786,2024-07-20,1089,2012,South,4,1129.26,0.1
7871,2024-07-21,1001,2024,West,4,582.45,0.0
8034,2024-07-21,1079,2028,South,6,280.9,0.0
8525,2024-07-21,1097,2042,West,4,7.96,0.1
9262,2024-07-21,1080,2035,West,3,24.18,0.0
9319,2024-07-21,1048,2007,East,6,32.78,0.15
9436,2024-07-21,1068,2004,West,9,1433.45,0.05
9831,2024-07-21,1080,2002,North,8,1306.8,0.05
9987,2024-07-21,1099,2024,West,8,894.39,0.0
9167,2024-07-22,1057,2041,North,8,10.21,0.05
9179,2024-07-22,1063,2023,North,4,1039.18,0.0
9341,2024-07-22,1099,2014,North,8,799.9,0.1
7790,2024-07-23,1065,2009,South,6,106.7,0.0
8275,2024-07-23,1001,2044,East,5,9.36,0.1
8346,2024-07-23,1099,2004,North,1,1418.92,0.15
8621,2024-07-23,1005,2023,North,4,298.26,0.05
8669,2024-07-23,1027,2005,West,1,1040.13,0.0
9349,2024-07-23,1093,2041,East,2,11.19,0.1
8036,2024-07-24,1046,2045,North,3,8.51,0.1
8143,2024-07-24,1093,2004,North,5,1885.52,0.0
8356,2024-07-24,1064,2036,East,9,17.65,0.1
8418,2024-07-24,1082,2017,East,3,490.55,0.1
8779,2024-07-24,1005,2043,East,7,10.37,0.05
8895,2024-07-24,1001,2036,East,3,20.15,0.0
8901,2024-07-24,1014,2011,West,3,835.8,0.1
9230,2024-07-24,1089,2043,East,6,12.67,0.1
9243,2024-07-24,1028,2012,West,6,529.88,0.0
9440,2024-07-24,1015,2023,West,4,204.75,0.05
9782,2024-07-24,1059,2007,North,3,119.88,0.1
7560,2024-07-25,1030,2034,South,3,34.72,0.05
7781,2024-07-25,1002,2006,West,5,65.26,0.0
7854,2024-07-25,1031,2036,West,8,7.88,0.0
7944,2024-07-25,1074,2012,North,2,622.34,0.05
7809,2024-07-26,1045,2003,East,3,1805.99,0.0
8384,2024-07-26,1078,2036,West,1,18.08,0.0
8486,2024-07-26,1057,2014,South,1,909.3,0.1
8827,2024-07-26,1097,2006,East,2,81.05,0.1
10092,2024-07-26,1096,2024,West,4,387.93,0.0
8103,2024-07-27,1032,2034,South,4,31.62,0.05
8732,2024-07-27,1096,2006,South,9,142.09,0.1
9357,2024-07-27,1076,2023,West,5,690.38,0.1
9842,2024-07-27,1081,2041,West,6,9.44,0.05
7987,2024-07-28,1084,2015,West,5,1110.98,0.0
8334,2024-07-28,1036,2037,North,9,6.82,0.05
8503,2024-07-28,1063,2008,West,6,82.94,0.0
8711,2024-07-28,1071,2010,West,7,125.18,0.1
9347,2024-07-28,1062,2018,South,5,159.68,0.1
9919,2024-07-28,1062,2024,West,1,426.03,0.0
7545,2024-07-29,1026,2007,West,2,130.75,0.0
8028,2024-07-29,1082,2041,East,7,13.46,0.05
8254,2024-07-29,1045,2024,North,8,281.45,0.1
8483,2024-07-29,1006,2004,North,1,1984.03,0.15
8533,2024-07-29,1074,2028,South,3,398.23,0.0
8633,2024-07-29,1025,2010,North,6,26.48,0.0
9027,2024-07-29,1004,2030,South,2,191.35,0.05
9853,2024-07-29,1009,2044,North,8,8.63,0.0
7507,2024-07-30,1047,2020,East,1,262.64,0.0
8416,2024-07-30,1009,2024,East,6,706.74,0.15
8599,2024-07-30,1087,2026,East,9,378.03,0.1
8875,2024-07-30,1020,2017,South,7,392.0,0.0
8973,2024-07-30,1022,2044,South,4,13.72,0.05
9256,2024-07-30,1081,2029,West,1,157.12,0.0
9292,2024-07-30,1093,2001,South,4,837.7,0.15
9904,2024-07-30,1084,2014,East,1,424.75,0.05
7568,2024-07-31,1074,2010,West,1,124.13,0.0
8053,2024-07-31,1097,2028,West,8,516.4,0.1
8407,2024-07-31,1010,2006,South,1,105.08,0.0
9336,2024-07-31,1021,2010,East,3,56.0,0.05
9351,2024-07-31,1004,2001,East,5,1495.01,0.0
9852,2024-07-31,1085,2026,East,2,264.2,0.0
9865,2024-07-31,1028,2012,North,7,608.02,0.1
9955,2024-07-31,1003,2008,East,8,22.54,0.1
9984,2024-07-31,1048,2021,West,2,676.86,0.0
10069,2024-07-31,1054,2003,East,4,912.04,0.0
8163,2024-08-01,1007,2030,South,4,411.72,0.0
8339,2024-08-01,1037,2006,North,1,115.6,0.0
8553,2024-08-01,1051,2012,West,8,801.84,0.05
8856,2024-08-01,1089,2003,South,5,1519.81,0.05
9650,2024-08-01,1086,2023,West,5,935.94,0.1
9757,2024-08-01,1053,2007,North,1,44.21,0.0
7541,2024-08-02,1006,2004,North,4,912.38,0.0
7577,2024-08-02,1079,2040,West,2,18.23,0.0
7859,2024-08-02,1029,2006,North,3,68.87,0.0
7983,2024-08-02,1085,2008,West,7,66.41,0.1
8095,2024-08-02,1046,2010,South,8,50.2,0.0
8708,2024-08-02,1040,2004,North,9,876.2,0.05
8910,2024-08-02,1011,2033,East,5,14.54,0.1
9271,2024-08-02,1080,2040,North,7,16.92,0.0
9441,2024-08-02,1056,2013,East,8,734.84,0.0
9790,2024-08-02,1062,2024,East,8,951.94,0.0
7590,2024-08-03,1023,2027,West,8,412.45,0.0
7940,2024-08-03,1032,2011,South,6,712.79,0.1
8570,2024-08-03,1075,2004,North,9,1965.28,0.1
8617,2024-08-03,1074,2008,West,2,63.07,0.0
9077,2024-08-03,1057,2022,West,9,993.14,0.15
7544,2024-08-04,1035,2026,North,6,107.36,0.0
7746,2024-08-04,1030,2019,West,5,321.29,0.0
7806,2024-08-04,1079,2002,South,1,1730.02,0.15
7907,2024-08-04,1028,2019,West,9,423.18,0.0
8338,2024-08-04,1089,2024,East,2,660.58,0.0
9006,2024-08-04,1075,2041,South,3,2.92,0.0
9492,2024-08-04,1064,2033,East,1,23.55,0.05
9555,2024-08-04,1050,2026,North,3,329.73,0.0
9951,2024-08-04,1017,2022,North,5,266.03,0.0
7564,2024-08-05,1035,2026,South,1,268.73,0.0
7925,2024-08-05,1035,2038,East,2,15.31,0.05
8218,2024-08-05,1075,2008,West,4,93.07,0.05
8492,2024-08-05,1019,2022,West,7,600.31,0.1
8804,2024-08-05,1085,2012,West,3,644.41,0.05
9098,2024-08-05,1014,2003,West,4,1525.73,0.1
9138,2024-08-05,1051,2035,South,2,20.97,0.05
9170,2024-08-05,1066,2011,North,4,899.04,0.05
9255,2024-08-05,1002,2036,East,2,24.73,0.15
9620,2024-08-05,1051,2040,North,7,23.44,0.0
7557,2024-08-06,1087,2026,North,4,390.78,0.0
7745,2024-08-06,1046,2017,East,5,177.49,0.1
8016,2024-08-06,1015,2008,North,8,124.2,0.0
8181,2024-08-06,1077,2044,South,2,6.04,0.05
8434,2024-08-06,1092,2015,South,2,772.29,0.0
8470,2024-08-06,1022,2028,East,1,238.55,0.0
9354,2024-08-06,1080,2006,West,3,142.37,0.0
9989,2024-08-06,1039,2013,North,3,852.88,0.0
10011,2024-08-06,1082,2015,North,5,365.35,0.0
10084,2024-08-06,1003,2005,East,1,1953.13,0.0
7612,2024-08-07,1055,2017,West,4,178.08,0.0
7663,2024-08-07,1028,2040,South,5,11.75,0.1
7791,2024-08-07,1056,2010,East,1,74.77,0.0
7857,2024-08-07,1070,2036,East,6,18.17,0.1
8233,2024-08-07,1057,2005,East,9,1790.64,0.0
8636,2024-08-07,1050,2008,East,6,124.53,0.0
9280,2024-08-07,1098,2045,East,3,11.77,0.05
9332,2024-08-07,1088,2022,East,4,212.87,0.1
9386,2024-08-07,1059,2037,North,9,20.32,0.1
9451,2024-08-07,1041,2001,East,2,1152.01,0.1
9658,2024-08-07,1058,2014,North,3,522.71,0.1
9930,2024-08-07,1020,2023,East,7,204.07,0.0
7988,2024-08-08,1094,2037,West,5,17.45,0.0
8005,2024-08-08,1078,2039,North,1,6.52,0.0
8161,2024-08-08,1046,2023,South,2,404.24,0.15
9290,2024-08-08,1084,2008,South,9,52.99,0.05
9503,2024-08-08,1038,2023,North,3,618.02,0.15
9585,2024-08-08,1089,2019,West,3,322.41,0.0
9758,2024-08-08,1009,2024,East,4,413.16,0.0
9892,2024-08-08,1025,2021,South,7,767.49,0.0
7676,2024-08-09,1098,2008,North,4,147.93,0.05
7963,2024-08-09,1031,2022,North,9,858.2,0.1
8051,2024-08-09,1002,2036,West,9,15.16,0.05
8080,2024-08-09,1049,2037,South,3,3.78,0.0
8789,2024-08-09,1023,2020,West,9,89.86,0.05
9126,2024-08-09,1093,2024,West,7,951.84,0.15
9132,2024-08-09,1054,2023,North,7,234.7,0.1
9530,2024-08-09,1040,2023,South,2,386.7,0.15
9773,2024-08-09,1035,2039,West,1,16.86,0.05
9780,2024-08-09,1081,2001,South,2,1327.03,0.1
9993,2024-08-09,1007,2009,West,1,30.04,0.0
7554,2024-08-10,1067,2035,North,5,24.87,0.05
7775,2024-08-10,1084,2008,South,6,16.89,0.0
7985,2024-08-10,1028,2030,West,3,572.35,0.1
8506,2024-08-10,1007,2005,South,6,1127.1,0.0
8637,2024-08-10,1046,2016,East,8,492.01,0.1
9582,2024-08-10,1064,2024,South,8,686.48,0.1
7690,2024-08-11,1058,2007,North,1,48.95,0.1
7715,2024-08-11,1069,2001,South,8,1072.83,0.05
8336,2024-08-11,1059,2039,West,3,8.22,0.0
8436,2024-08-11,1009,2030,West,9,247.46,0.0
8771,2024-08-11,1059,2017,South,3,128.55,0.05
9116,2024-08-11,1059,2011,West,7,894.29,0.0
9613,2024-08-11,1019,2028,East,7,197.9,0.0
10026,2024-08-11,1042,2003,West,8,1757.22,0.1
7763,2024-08-12,1027,2028,West,9,406.86,0.0
8061,2024-08-12,1014,2032,West,6,10.09,0.1
9094,2024-08-12,1080,2016,North,2,326.83,0.0
9258,2024-08-12,1035,2021,West,1,585.76,0.0
9890,2024-08-12,1006,2001,North,1,1250.57,0.0
7659,2024-08-13,1068,2011,North,2,680.84,0.0
7898,2024-08-13,1079,2044,East,4,4.33,0.1
9364,2024-08-13,1051,2006,South,9,75.85,0.05
7571,2024-08-14,1093,2020,South,2,257.49,0.05
7660,2024-08-14,1040,2022,East,2,455.66,0.0
7678,2024-08-14,1004,2026,East,7,577.47,0.15
7808,2024-08-14,1099,2003,South,4,1277.88,0.05
8011,2024-08-14,1048,2027,South,5,153.53,0.0
8560,2024-08-14,1017,2042,West,7,13.28,0.05
8601,2024-08-14,1013,2012,East,9,588.84,0.1
8695,2024-08-14,1003,2013,West,7,793.84,0.0
9249,2024-08-14,1065,2018,East,5,357.46,0.0
9437,2024-08-14,1001,2007,South,5,79.65,0.05
7641,2024-08-15,1011,2016,West,3,442.69,0.15
7879,2024-08-15,1032,2036,East,7,9.27,0.0
8271,2024-08-15,1096,2014,East,4,429.88,0.05
8388,2024-08-15,1010,2016,North,8,466.97,0.1
8529,2024-08-15,1046,2008,North,3,82.95,0.0
8962,2024-08-15,1011,2022,West,5,863.61,0.0
9835,2024-08-15,1090,2019,North,1,499.55,0.0
7535,2024-08-16,1039,2002,West,7,1223.2,0.0
8035,2024-08-16,1057,2011,North,8,840.04,0.0
8110,2024-08-16,1016,2011,North,1,729.1,0.0
9105,2024-08-16,1066,2013,North,4,335.35,0.0
9969,2024-08-16,1083,2038,North,4,19.16,0.15
9978,2024-08-16,1042,2027,North,3,369.53,0.1
8723,2024-08-17,1092,2034,South,9,22.36,0.05
9621,2024-08-17,1046,2014,South,6,727.32,0.15
9624,2024-08-17,1068,2030,West,9,132.35,0.15
9749,2024-08-17,1010,2010,East,2,43.23,0.0
9795,2024-08-17,1097,2015,South,1,746.6,0.05
10061,2024-08-17,1085,2012,North,9,440.49,0.05
10085,2024-08-17,1018,2024,West,6,395.8,0.0
7604,2024-08-18,1064,2005,South,7,1681.76,0.05
7757,2024-08-18,1063,2021,North,5,905.23,0.1
7917,2024-08-18,1063,2019,South,6,296.85,0.0
8858,2024-08-18,1022,2033,North,4,17.74,0.0
9030,2024-08-18,1005,2023,West,6,955.76,0.0
9320,2024-08-18,1073,2017,South,3,114.24,0.05
9765,2024-08-18,1004,2009,North,8,123.95,0.05
9803,2024-08-18,1088,2033,West,6,5.92,0.15
9981,2024-08-18,1046,2007,North,8,118.53,0.15
7748,2024-08-19,1047,2030,West,2,430.95,0.0
8814,2024-08-19,1069,2001,East,3,855.07,0.0
8873,2024-08-19,1053,2018,West,8,199.0,0.05
9377,2024-08-19,1052,2034,West,1,22.83,0.0
7779,2024-08-20,1098,2014,North,6,867.78,0.0
8377,2024-08-20,1050,2024,West,5,201.36,0.1
8908,2024-08-20,1050,2006,North,2,146.15,0.1
9102,2024-08-20,1028,2040,West,8,8.2,0.05
9275,2024-08-20,1061,2018,East,3,180.97,0.1
9412,2024-08-20,1043,2023,East,5,506.03,0.1
9822,2024-08-20,1011,2007,East,8,133.02,0.1
7778,2024-08-21,1071,2022,East,1,831.31,0.0
8031,2024-08-21,1002,2001,West,2,1108.37,0.1
8146,2024-08-21,1041,2039,West,9,10.93,0.0
8441,2024-08-21,1026,2017,East,3,361.26,0.1
8551,2024-08-21,1039,2044,North,7,2.88,0.05
8735,2024-08-21,1089,2028,West,9,514.32,0.0
9016,2024-08-21,1096,2011,South,4,479.35,0.0
9604,2024-08-21,1061,2044,East,7,13.08,0.0
9910,2024-08-21,1068,2016,South,6,339.48,0.1
7800,2024-08-22,1083,2040,North,2,6.32,0.0
8812,2024-08-22,1029,2010,North,5,20.79,0.1
7669,2024-08-23,1051,2005,North,6,1905.87,0.0
7719,2024-08-23,1022,2038,West,7,18.9,0.1
7964,2024-08-23,1021,2028,West,7,112.29,0.1
8106,2024-08-23,1063,2010,West,3,131.05,0.15
9419,2024-08-23,1002,2045,West,5,4.54,0.1
9856,2024-08-23,1016,2019,South,2,244.4,0.05
7525,2024-08-24,1076,2013,South,1,513.99,0.05
8125,2024-08-24,1036,2021,East,7,710.73,0.05
8304,2024-08-24,1091,2014,East,4,954.86,0.1
8581,2024-08-24,1048,2033,East,6,37.41,0.05
8819,2024-08-24,1076,2025,East,7,527.9,0.0
8917,2024-08-24,1013,2027,East,8,325.42,0.0
9310,2024-08-24,1010,2045,South,1,11.07,0.1
9532,2024-08-24,1037,2028,West,1,188.17,0.1
7710,2024-08-25,1006,2004,South,9,1531.27,0.0
8067,2024-08-25,1069,2040,West,5,12.43,0.0
8257,2024-08-25,1059,2015,West,9,532.98,0.0
9044,2024-08-25,1022,2008,West,6,108.06,0.0
9447,2024-08-25,1058,2038,West,8,8.99,0.0
7878,2024-08-26,1060,2027,East,2,471.45,0.15
7968,2024-08-26,1062,2030,East,3,367.73,0.0
8671,2024-08-26,1030,2013,West,3,927.44,0.1
8715,2024-08-26,1046,2040,West,1,3.25,0.0
9207,2024-08-26,1015,2008,East,8,53.43,0.0
9232,2024-08-26,1062,2002,South,8,1748.18,0.0
9903,2024-08-26,1088,2020,North,5,307.64,0.0
7587,2024-08-27,1083,2017,North,6,296.86,0.15
7714,2024-08-27,1003,2040,South,3,16.21,0.0
7721,2024-08-27,1012,2031,West,9,18.0,0.15
7924,2024-08-27,1013,2030,East,3,181.55,0.0
8205,2024-08-27,1047,2028,South,8,447.12,0.0
8427,2024-08-27,1063,2007,East,6,99.04,0.05
8681,2024-08-27,1078,2020,South,1,169.62,0.0
9065,2024-08-27,1033,2035,East,4,34.91,0.0
7700,2024-08-28,1033,2038,West,6,22.55,0.0
8537,2024-08-28,1037,2045,West,3,13.24,0.15
8566,2024-08-28,1075,2026,South,4,227.34,0.0
9267,2024-08-28,1074,2022,East,1,793.03,0.0
9391,2024-08-28,1093,2001,West,6,1206.8,0.1
9599,2024-08-28,1095,2003,West,5,1910.67,0.0
10005,2024-08-28,1031,2012,South,6,894.6,0.15
10082,2024-08-28,1096,2003,East,3,1149.76,0.1
7565,2024-08-29,1052,2016,North,8,246.47,0.05
7580,2024-08-29,1054,2016,East,2,372.9,0.0
7724,2024-08-29,1030,2025,West,1,1145.84,0.15
7793,2024-08-29,1080,2027,South,9,238.36,0.05
7881,2024-08-29,1085,2029,South,7,584.6,0.0
8685,2024-08-29,1054,2021,South,8,603.27,0.0
9087,2024-08-29,1008,2040,North,9,6.29,0.1
9180,2024-08-29,1080,2018,North,7,140.45,0.0
9511,2024-08-29,1003,2042,West,3,12.33,0.1
9676,2024-08-29,1029,2019,North,3,314.0,0.0
9810,2024-08-29,1088,2039,North,7,7.25,0.05
10054,2024-08-29,1096,2015,East,1,983.32,0.0
7520,2024-08-30,1036,2018,South,7,177.49,0.0
7805,2024-08-30,1027,2037,North,2,18.28,0.0
7986,2024-08-30,1059,2045,East,3,6.07,0.0
8521,2024-08-30,1078,2015,East,8,1111.1,0.0
8634,2024-08-30,1025,2041,East,9,5.13,0.05
8760,2024-08-30,1051,2025,South,3,1162.18,0.0
8877,2024-08-30,1071,2022,East,6,642.34,0.05
8955,2024-08-30,1076,2001,West,3,818.77,0.1
8982,2024-08-30,1058,2008,West,9,36.46,0.0
9235,2024-08-30,1072,2025,East,3,844.33,0.05
9557,2024-08-30,1002,2028,South,7,366.01,0.0
10019,2024-08-30,1098,2007,South,8,147.75,0.15
7566,2024-08-31,1053,2026,North,3,374.0,0.0
8269,2024-08-31,1071,2044,South,9,2.88,0.0
8770,2024-08-31,1012,2025,East,2,916.94,0.1
9073,2024-08-31,1017,2002,East,4,1519.64,0.0
9156,2024-08-31,1046,2013,North,7,531.53,0.0
9913,2024-08-31,1074,2009,East,6,55.18,0.15
7740,2024-09-01,1068,2029,East,1,438.06,0.0
8000,2024-09-01,1011,2004,South,2,1972.16,0.05
8176,2024-09-01,1011,2029,East,2,267.36,0.0
8309,2024-09-01,1030,2030,South,2,243.54,0.0
8722,2024-09-01,1028,2005,North,5,1845.84,0.0
8943,2024-09-01,1095,2037,East,7,3.87,0.05
9299,2024-09-01,1065,2001,South,2,1183.79,0.1
9674,2024-09-01,1079,2036,East,9,11.68,0.0
9685,2024-09-01,1031,2009,West,7,44.25,0.15
9808,2024-09-01,1029,2019,South,7,333.33,0.1
8429,2024-09-02,1009,2007,North,8,49.41,0.0
8802,2024-09-02,1049,2008,South,8,105.93,0.0
9171,2024-09-02,1016,2024,East,5,1084.71,0.0
9541,2024-09-02,1091,2040,East,8,23.76,0.05
8282,2024-09-03,1010,2011,South,3,505.82,0.0
8352,2024-09-03,1062,2013,South,4,685.67,0.0
8915,2024-09-03,1041,2012,North,7,501.84,0.0
9206,2024-09-03,1066,2033,West,9,34.75,0.0
9321,2024-09-03,1068,2045,East,7,12.91,0.05
9797,2024-09-03,1062,2029,West,5,342.47,0.1
9859,2024-09-03,1062,2003,East,7,1235.11,0.0
10070,2024-09-03,1047,2001,West,7,1066.76,0.0
7624,2024-09-04,1012,2011,West,9,1179.71,0.1
8018,2024-09-04,1056,2020,East,6,457.95,0.0
8562,2024-09-04,1065,2004,North,1,1686.54,0.1
8651,2024-09-04,1086,2023,West,3,1170.07,0.0
8863,2024-09-04,1085,2040,West,4,24.04,0.0
9324,2024-09-04,1018,2041,West,3,7.49,0.0
9724,2024-09-04,1090,2027,North,6,518.05,0.1
7642,2024-09-05,1054,2031,East,6,33.8,0.1
8099,2024-09-05,1030,2033,East,7,32.35,0.1
8751,2024-09-05,1069,2028,North,2,554.39,0.0
8816,2024-09-05,1018,2044,West,1,13.23,0.0
8988,2024-09-05,1023,2016,North,9,263.48,0.05
9143,2024-09-05,1015,2010,South,7,53.33,0.05
9202,2024-09-05,1022,2031,North,1,15.19,0.05
9901,2024-09-05,1027,2024,North,4,1152.36,0.0
7738,2024-09-06,1002,2027,East,4,598.27,0.0
8206,2024-09-06,1082,2038,West,6,5.28,0.0
8243,2024-09-06,1097,2018,East,1,414.36,0.15
8287,2024-09-06,1068,2024,North,6,204.49,0.0
8344,2024-09-06,1092,2019,West,1,153.96,0.0
8575,2024-09-06,1005,2040,South,5,17.9,0.15
8922,2024-09-06,1010,2039,East,9,16.34,0.0
10081,2024-09-06,1037,2031,South,7,33.99,0.1
7893,2024-09-07,1032,2038,West,6,9.95,0.0
7991,2024-09-07,1095,2020,South,1,398.56,0.1
8383,2024-09-07,1045,2014,East,2,615.53,0.1
9048,2024-09-07,1002,2005,North,1,1803.16,0.05
9266,2024-09-07,1028,2040,East,6,9.01,0.05
9446,2024-09-07,1078,2043,South,1,11.16,0.0
9543,2024-09-07,1042,2034,South,1,28.37,0.0
9602,2024-09-07,1068,2022,West,2,703.77,0.05
9642,2024-09-07,1040,2035,East,8,17.41,0.1
9740,2024-09-07,1024,2039,East,4,13.88,0.0
9997,2024-09-07,1097,2017,East,9,142.82,0.0
7616,2024-09-08,1040,2013,West,1,1064.62,0.0
8500,2024-09-08,1042,2027,East,1,327.01,0.0
8644,2024-09-08,1085,2002,West,8,1609.4,0.1
8699,2024-09-08,1097,2043,South,9,10.3,0.0
8859,2024-09-08,1020,2016,West,2,237.75,0.1
9019,2024-09-08,1059,2030,East,9,570.47,0.05
9110,2024-09-08,1043,2011,West,9,306.22,0.1
9248,2024-09-08,1035,2013,West,2,367.13,0.0
9257,2024-09-08,1067,2013,West,3,846.42,0.1
8596,2024-09-09,1024,2024,South,8,891.9,0.0
9071,2024-09-09,1014,2030,North,3,537.92,0.0
9528,2024-09-09,1098,2005,North,3,1071.17,0.0
9706,2024-09-09,1012,2001,East,1,1030.47,0.1
9886,2024-09-09,1001,2008,West,1,28.75,0.15
9968,2024-09-09,1095,2008,West,5,37.4,0.0
7824,2024-09-10,1012,2011,East,8,371.85,0.0
7980,2024-09-10,1042,2037,East,5,13.33,0.15
8021,2024-09-10,1072,2032,East,7,32.16,0.1
8457,2024-09-10,1057,2018,South,6,389.31,0.05
8739,2024-09-10,1037,2024,North,6,804.82,0.0
8876,2024-09-10,1022,2008,East,9,77.52,0.0
8885,2024-09-10,1042,2019,West,5,286.61,0.1
9471,2024-09-10,1051,2006,South,4,54.62,0.15
9789,2024-09-10,1065,2015,West,5,439.2,0.05
9843,2024-09-10,1036,2009,East,4,69.84,0.1
9962,2024-09-10,1099,2027,North,6,165.0,0.0
8193,2024-09-11,1087,2043,West,4,14.61,0.05
8284,2024-09-11,1067,2040,North,9,20.84,0.1
8744,2024-09-11,1047,2009,North,5,125.91,0.0
8937,2024-09-11,1094,2023,North,9,741.34,0.0
9219,2024-09-11,1030,2022,South,7,747.75,0.15
9576,2024-09-11,1079,2017,South,3,229.86,0.05
9719,2024-09-11,1002,2038,West,4,17.1,0.05
7598,2024-09-12,1058,2010,East,2,88.82,0.0
8565,2024-09-12,1058,2004,West,3,1008.18,0.1
8984,2024-09-12,1090,2024,West,8,908.33,0.0
9113,2024-09-12,1004,2010,West,8,149.73,0.1
9118,2024-09-12,1070,2015,South,2,693.41,0.05
9605,2024-09-12,1073,2015,South,7,952.26,0.1
9699,2024-09-12,1011,2014,South,5,558.79,0.05
9947,2024-09-12,1055,2007,South,5,95.07,0.0
7596,2024-09-13,1033,2003,West,6,850.43,0.0
7821,2024-09-13,1034,2037,West,2,9.42,0.15
7872,2024-09-13,1021,2003,North,4,1701.83,0.0
8626,2024-09-13,1051,2038,North,6,11.34,0.15
9022,2024-09-13,1095,2011,South,2,547.42,0.05
9041,2024-09-13,1077,2017,South,2,295.64,0.1
9129,2024-09-13,1072,2020,North,9,341.75,0.05
9669,2024-09-13,1002,2045,West,1,12.45,0.05
7679,2024-09-14,1080,2011,South,1,514.24,0.0
8174,2024-09-14,1064,2013,South,7,913.36,0.0
9253,2024-09-14,1004,2045,West,6,4.23,0.1
8693,2024-09-15,1037,2014,East,3,484.4,0.0
9160,2024-09-15,1043,2002,East,9,1367.06,0.15
9401,2024-09-15,1021,2002,West,4,1216.59,0.0
8452,2024-09-16,1041,2016,West,6,116.51,0.1
8462,2024-09-16,1086,2007,North,7,51.76,0.05
8473,2024-09-16,1058,2026,West,7,331.03,0.0
9591,2024-09-16,1039,2015,East,9,697.1,0.05
9804,2024-09-16,1087,2009,East,3,32.65,0.0
10017,2024-09-16,1045,2009,East,2,50.64,0.05
7532,2024-09-17,1003,2009,West,8,110.93,0.0
7962,2024-09-17,1013,2026,East,8,302.77,0.0
8236,2024-09-17,1001,2034,North,4,10.91,0.15
8704,2024-09-17,1052,2028,East,5,222.76,0.0
9134,2024-09-17,1015,2027,North,1,220.91,0.1
9505,2024-09-17,1080,2029,West,1,488.66,0.0
7733,2024-09-18,1013,2015,West,7,770.7,0.1
7737,2024-09-18,1059,2021,East,6,442.61,0.0
7850,2024-09-18,1017,2028,West,2,221.29,0.05
8004,2024-09-18,1016,2031,South,7,11.08,0.0
8580,2024-09-18,1022,2034,South,3,21.04,0.05
8890,2024-09-18,1088,2003,North,1,1013.09,0.0
9515,2024-09-18,1070,2003,South,8,1808.48,0.05
9632,2024-09-18,1042,2014,South,3,563.59,0.1
9655,2024-09-18,1008,2043,East,7,2.09,0.15
7692,2024-09-19,1009,2037,East,8,10.5,0.1
7704,2024-09-19,1003,2007,West,7,42.21,0.15
7860,2024-09-19,1003,2020,North,1,457.55,0.0
8600,2024-09-19,1005,2012,West,2,405.32,0.05
8658,2024-09-19,1081,2031,North,8,33.38,0.05
8874,2024-09-19,1039,2018,East,3,449.88,0.1
9885,2024-09-19,1012,2012,East,2,1185.05,0.1
7965,2024-09-20,1089,2032,East,7,11.44,0.0
8102,2024-09-20,1039,2029,West,3,313.92,0.1
8173,2024-09-20,1066,2032,South,6,10.4,0.0
8408,2024-09-20,1081,2012,West,5,805.66,0.15
8640,2024-09-20,1036,2004,North,9,1653.92,0.0
8966,2024-09-20,1050,2032,South,2,10.79,0.0
9545,2024-09-20,1046,2021,South,1,863.8,0.0
7561,2024-09-21,1048,2026,North,5,283.87,0.1
7609,2024-09-21,1027,2036,North,2,22.16,0.0
7885,2024-09-21,1082,2006,North,3,87.79,0.0
8536,2024-09-21,1074,2027,West,6,104.33,0.0
8620,2024-09-21,1036,2003,South,9,1326.77,0.0
9567,2024-09-21,1039,2009,South,8,74.49,0.1
9748,2024-09-21,1007,2006,South,9,72.27,0.0
8363,2024-09-22,1048,2009,North,2,130.17,0.0
8531,2024-09-22,1090,2010,West,2,29.75,0.0
8731,2024-09-22,1001,2001,West,1,969.18,0.1
8755,2024-09-22,1060,2037,South,3,21.95,0.15
9011,2024-09-22,1018,2001,South,1,1647.71,0.05
9514,2024-09-22,1005,2018,South,4,439.2,0.05
7717,2024-09-23,1083,2016,South,3,290.36,0.1
8420,2024-09-23,1088,2007,South,7,57.26,0.1
8527,2024-09-23,1047,2039,East,8,19.87,0.0
8568,2024-09-23,1053,2003,South,3,850.11,0.0
10015,2024-09-23,1096,2016,South,1,94.06,0.0
7605,2024-09-24,1007,2024,East,2,212.36,0.0
7699,2024-09-24,1086,2004,South,7,1621.26,0.15
8555,2024-09-24,1088,2023,West,1,279.9,0.0
8808,2024-09-25,1096,2015,East,9,882.71,0.1
8936,2024-09-25,1093,2004,South,7,1228.31,0.0
8956,2024-09-25,1014,2003,West,3,1809.79,0.0
9536,2024-09-25,1058,2025,South,7,1150.26,0.1
9745,2024-09-25,1032,2007,East,3,45.8,0.15
9812,2024-09-25,1003,2020,East,4,294.04,0.0
9914,2024-09-25,1057,2016,East,9,303.11,0.0
8150,2024-09-26,1090,2040,West,1,5.05,0.1
8758,2024-09-26,1060,2002,North,6,953.91,0.0
8843,2024-09-26,1076,2020,West,8,230.74,0.05
9150,2024-09-26,1077,2013,South,1,313.04,0.05
9396,2024-09-26,1053,2009,East,8,90.64,0.1
9577,2024-09-26,1053,2007,West,7,62.35,0.0
9625,2024-09-26,1006,2005,East,6,1150.35,0.1
9915,2024-09-26,1095,2008,North,4,110.32,0.0
10057,2024-09-26,1041,2016,East,4,209.54,0.1
7894,2024-09-27,1034,2039,West,7,9.91,0.05
8411,2024-09-27,1034,2037,South,4,17.82,0.0
8828,2024-09-27,1059,2036,North,5,21.01,0.0
8846,2024-09-27,1054,2010,South,6,61.34,0.0
9523,2024-09-27,1016,2021,East,3,942.98,0.15
9953,2024-09-27,1047,2018,East,8,350.17,0.05
7701,2024-09-28,1054,2016,West,8,242.29,0.0
7912,2024-09-28,1045,2036,North,6,4.7,0.0
8008,2024-09-28,1100,2021,North,4,1147.64,0.0
8191,2024-09-28,1091,2008,East,2,99.25,0.0
8409,2024-09-28,1025,2007,East,9,15.16,0.05
8656,2024-09-28,1086,2043,West,7,7.97,0.0
8794,2024-09-28,1029,2036,West,2,9.86,0.0
9303,2024-09-28,1034,2019,North,3,402.73,0.0
9787,2024-09-28,1039,2013,South,2,1181.22,0.1
7862,2024-09-29,1002,2009,West,3,131.06,0.0
8041,2024-09-29,1051,2016,North,5,237.33,0.05
9623,2024-09-29,1089,2037,North,1,10.78,0.0
7650,2024-09-30,1080,2010,North,3,102.65,0.15
8454,2024-09-30,1046,2015,West,4,828.8,0.0
8573,2024-09-30,1046,2010,East,3,129.5,0.0
9439,2024-09-30,1017,2020,South,9,329.57,0.05
9531,2024-09-30,1099,2034,South,4,11.64,0.05
9895,2024-09-30,1014,2028,West,4,290.74,0.1
7573,2024-10-01,1073,2030,North,9,390.68,0.1
7929,2024-10-01,1001,2037,North,9,3.1,0.0
8100,2024-10-01,1090,2003,South,9,1881.49,0.0
8299,2024-10-01,1044,2029,West,9,392.75,0.0
9053,2024-10-01,1041,2028,West,8,257.29,0.1
9112,2024-10-01,1056,2044,East,4,6.4,0.0
9214,2024-10-01,1060,2009,South,2,75.2,0.0
9683,2024-10-01,1065,2033,East,6,22.13,0.0
9775,2024-10-01,1038,2018,West,8,185.81,0.0
7741,2024-10-02,1066,2022,South,5,716.58,0.0
8042,2024-10-02,1049,2034,South,1,14.17,0.1
8882,2024-10-02,1085,2039,West,9,12.2,0.0
9023,2024-10-02,1015,2021,North,8,845.2,0.1
9031,2024-10-02,1068,2045,West,8,10.81,0.0
9454,2024-10-02,1034,2012,North,5,669.16,0.1
9517,2024-10-02,1054,2037,North,7,23.94,0.05
9942,2024-10-02,1071,2012,West,6,757.51,0.0
7527,2024-10-03,1090,2037,East,5,18.58,0.05
7610,2024-10-03,1079,2037,North,9,22.82,0.0
7727,2024-10-03,1070,2009,East,6,82.01,0.0
8703,2024-10-03,1097,2013,East,8,966.14,0.0
9226,2024-10-03,1035,2019,East,2,416.83,0.0
9291,2024-10-03,1071,2001,South,4,1556.55,0.0
9686,2024-10-03,1032,2038,South,5,17.26,0.1
9767,2024-10-03,1054,2038,East,9,3.25,0.0
9911,2024-10-03,1041,2018,South,9,456.9,0.0
7531,2024-10-04,1095,2015,East,6,1007.05,0.1
7725,2024-10-04,1092,2021,South,7,908.43,0.0
8262,2024-10-04,1015,2045,North,8,5.95,0.1
8292,2024-10-04,1095,2004,South,9,866.48,0.15
8614,2024-10-04,1090,2004,South,9,1205.17,0.1
8618,2024-10-04,1064,2043,North,3,8.75,0.1
8643,2024-10-04,1020,2003,South,4,1008.48,0.0
8823,2024-10-04,1090,2029,North,8,267.06,0.0
9816,2024-10-04,1014,2023,North,5,620.53,0.0
10099,2024-10-04,1087,2012,South,6,590.1,0.0
8281,2024-10-05,1058,2005,East,7,1831.57,0.05
8368,2024-10-05,1069,2002,North,5,1759.09,0.1
8752,2024-10-05,1098,2017,South,8,365.98,0.1
9133,2024-10-05,1012,2002,North,2,1760.12,0.0
9788,2024-10-05,1044,2038,South,1,3.44,0.05
9894,2024-10-05,1005,2023,North,7,572.83,0.05
9905,2024-10-05,1055,2040,East,3,23.56,0.05
7613,2024-10-06,1073,2030,South,9,571.64,0.15
7803,2024-10-06,1098,2035,West,4,21.46,0.05
9104,2024-10-06,1057,2015,West,5,1198.51,0.15
9168,2024-10-06,1058,2017,East,1,273.96,0.1
9402,2024-10-06,1097,2013,South,1,900.96,0.0
7603,2024-10-07,1094,2018,East,3,238.32,0.05
7653,2024-10-07,1092,2005,East,9,908.68,0.0
7712,2024-10-07,1081,2012,East,1,815.73,0.1
8578,2024-10-07,1042,2040,East,6,7.92,0.0
10046,2024-10-07,1022,2005,North,5,1259.98,0.0
7751,2024-10-08,1009,2032,East,7,15.5,0.1
8297,2024-10-08,1020,2013,West,3,366.25,0.0
8655,2024-10-08,1027,2021,East,7,348.4,0.0
8944,2024-10-08,1036,2003,East,3,1013.52,0.0
9193,2024-10-08,1065,2025,South,7,248.2,0.1
9635,2024-10-08,1093,2043,East,9,6.64,0.0
10036,2024-10-08,1075,2016,North,6,441.92,0.0
8733,2024-10-09,1100,2041,South,8,10.99,0.15
8997,2024-10-09,1033,2008,West,6,138.11,0.0
9278,2024-10-09,1096,2028,West,3,138.02,0.15
9753,2024-10-09,1034,2008,West,9,58.46,0.05
10064,2024-10-09,1074,2039,East,5,6.45,0.0
7505,2024-10-10,1022,2014,South,6,707.31,0.1
8702,2024-10-10,1012,2006,West,7,103.99,0.0
9483,2024-10-10,1047,2030,East,2,472.71,0.0
9611,2024-10-10,1076,2014,East,6,448.13,0.05
9629,2024-10-10,1083,2021,South,5,242.09,0.0
9860,2024-10-10,1023,2039,North,2,5.89,0.05
9928,2024-10-10,1083,2026,East,6,130.2,0.0
9980,2024-10-10,1026,2023,South,7,515.57,0.0
10013,2024-10-10,1045,2039,East,1,4.1,0.0
7709,2024-10-11,1020,2030,South,3,538.82,0.1
7930,2024-10-11,1029,2042,West,1,13.52,0.05
8341,2024-10-11,1032,2018,South,7,415.68,0.05
8653,2024-10-11,1099,2003,East,3,1917.71,0.0
9395,2024-10-11,1088,2027,North,4,576.34,0.05
9496,2024-10-11,1006,2020,East,2,382.63,0.05
9574,2024-10-11,1042,2017,East,6,370.94,0.1
9975,2024-10-11,1094,2017,North,7,452.59,0.15
10080,2024-10-11,1033,2029,West,3,492.29,0.0
7635,2024-10-12,1078,2021,East,7,962.09,0.0
7969,2024-10-12,1025,2005,East,7,1803.14,0.0
8147,2024-10-12,1016,2029,West,5,218.69,0.0
8343,2024-10-12,1052,2041,South,1,14.91,0.05
8696,2024-10-12,1099,2007,South,5,70.8,0.15
9648,2024-10-12,1060,2015,West,2,1018.35,0.1
9847,2024-10-12,1072,2042,North,8,8.48,0.0
9925,2024-10-12,1030,2003,East,9,925.06,0.0
10049,2024-10-12,1043,2034,East,7,5.9,0.05
7942,2024-10-13,1045,2002,North,1,1302.87,0.05
8155,2024-10-13,1035,2022,East,1,345.77,0.15
8373,2024-10-13,1053,2044,East,3,14.43,0.1
8397,2024-10-13,1026,2042,North,8,5.55,0.1
8783,2024-10-13,1040,2007,East,2,78.14,0.0
8872,2024-10-13,1009,2020,East,9,347.24,0.0
9282,2024-10-13,1008,2002,South,6,1597.73,0.0
9445,2024-10-13,1077,2014,North,9,337.59,0.15
9872,2024-10-13,1084,2005,West,8,1327.03,0.1
8410,2024-10-14,1091,2039,East,1,21.31,0.1
9428,2024-10-14,1031,2007,West,7,80.66,0.1
9488,2024-10-14,1041,2008,East,9,140.33,0.05
7666,2024-10-15,1013,2021,West,4,742.06,0.1
7816,2024-10-15,1006,2022,North,5,1157.0,0.05
7911,2024-10-15,1012,2026,South,3,533.54,0.0
8484,2024-10-15,1047,2002,West,5,1301.72,0.0
9809,2024-10-15,1037,2030,South,5,228.02,0.05
9902,2024-10-15,1006,2005,West,3,1729.56,0.0
9949,2024-10-15,1014,2045,West,9,8.25,0.0
9972,2024-10-15,1099,2041,East,9,4.23,0.0
8642,2024-10-16,1035,2023,North,2,648.47,0.1
9059,2024-10-16,1036,2004,West,8,1390.81,0.0
9618,2024-10-16,1025,2001,South,1,1375.33,0.1
10086,2024-10-16,1004,2022,West,2,612.83,0.0
7896,2024-10-17,1017,2034,South,6,26.89,0.0
8396,2024-10-17,1028,2030,West,8,338.81,0.0
8419,2024-10-17,1080,2042,South,4,6.95,0.0
8471,2024-10-17,1046,2013,South,4,556.33,0.0
8592,2024-10-17,1075,2043,East,3,11.34,0.0
8787,2024-10-17,1047,2014,South,7,659.77,0.05
9301,2024-10-17,1056,2010,South,1,76.24,0.0
9598,2024-10-17,1042,2009,South,6,46.07,0.05
10004,2024-10-17,1008,2041,West,8,10.33,0.0
7594,2024-10-18,1035,2032,East,4,21.05,0.0
7602,2024-10-18,1059,2010,South,1,98.68,0.0
7887,2024-10-18,1032,2001,South,4,1926.75,0.0
8152,2024-10-18,1080,2004,West,7,1227.01,0.0
8941,2024-10-18,1012,2005,North,7,947.71,0.1
9081,2024-10-18,1050,2026,East,5,228.73,0.15
9250,2024-10-18,1083,2012,South,9,590.89,0.1
9374,2024-10-18,1089,2021,North,9,728.05,0.0
9966,2024-10-18,1058,2015,West,4,790.81,0.15
7615,2024-10-19,1056,2021,West,7,648.57,0.0
7855,2024-10-19,1076,2018,West,6,312.07,0.15
7957,2024-10-19,1098,2027,South,7,592.52,0.05
8321,2024-10-19,1035,2016,West,8,388.58,0.15
8705,2024-10-19,1066,2001,North,6,1274.09,0.0
8924,2024-10-19,1043,2003,West,6,1913.69,0.1
8929,2024-10-19,1036,2012,North,1,692.4,0.05
9137,2024-10-19,1058,2019,North,9,377.15,0.0
9188,2024-10-19,1022,2033,East,3,16.74,0.0
9409,2024-10-19,1037,2036,East,5,14.34,0.1
9521,2024-10-19,1098,2040,South,1,9.52,0.0
9570,2024-10-19,1066,2002,North,2,1060.27,0.0
7503,2024-10-20,1021,2012,West,8,1192.18,0.0
7552,2024-10-20,1050,2033,East,6,17.09,0.1
7711,2024-10-20,1002,2009,East,8,116.49,0.0
8054,2024-10-20,1012,2015,East,8,669.47,0.15
8390,2024-10-20,1014,2044,North,2,8.86,0.15
9384,2024-10-20,1078,2045,South,6,3.9,0.0
9584,2024-10-20,1036,2007,South,4,141.36,0.0
9684,2024-10-20,1081,2020,South,9,192.67,0.0
9923,2024-10-20,1023,2033,North,7,24.68,0.0
7671,2024-10-21,1003,2013,East,1,886.54,0.0
8216,2024-10-21,1035,2044,West,7,11.75,0.0
8891,2024-10-21,1081,2016,South,3,443.49,0.0
9422,2024-10-21,1059,2017,North,2,355.96,0.05
9660,2024-10-21,1020,2045,East,8,14.6,0.1
7913,2024-10-22,1066,2026,East,1,370.45,0.0
8087,2024-10-22,1003,2045,North,1,6.29,0.0
8165,2024-10-22,1011,2018,South,5,282.44,0.05
8399,2024-10-22,1036,2036,West,2,8.74,0.15
8635,2024-10-22,1085,2034,South,8,11.05,0.15
7920,2024-10-23,1046,2029,South,8,156.41,0.1
7923,2024-10-23,1032,2022,North,4,745.43,0.0
8245,2024-10-23,1019,2003,West,2,1470.38,0.0
8365,2024-10-23,1028,2014,West,9,339.1,0.1
8612,2024-10-23,1004,2011,North,6,743.84,0.05
8866,2024-10-23,1081,2003,North,9,1616.59,0.0
9423,2024-10-23,1098,2036,South,9,6.76,0.1
9992,2024-10-23,1020,2019,West,2,377.92,0.05
10097,2024-10-23,1075,2045,West,3,9.54,0.0
7600,2024-10-24,1048,2025,North,7,1170.16,0.0
7967,2024-10-24,1038,2010,North,9,106.26,0.15
8543,2024-10-24,1018,2041,East,1,5.06,0.0
8694,2024-10-24,1013,2025,North,7,1179.69,0.05
8897,2024-10-24,1038,2015,East,8,540.54,0.15
9054,2024-10-24,1079,2037,North,6,18.84,0.0
9450,2024-10-24,1070,2028,West,8,110.62,0.0
10083,2024-10-24,1047,2009,West,6,141.58,0.0
7768,2024-10-25,1046,2013,East,7,961.56,0.1
8208,2024-10-25,1087,2003,West,6,1960.09,0.05
8263,2024-10-25,1077,2001,North,5,1827.73,0.0
8302,2024-10-25,1031,2043,South,5,13.89,0.05
8727,2024-10-25,1046,2042,North,4,13.37,0.0
9368,2024-10-25,1012,2013,North,3,889.27,0.0
9888,2024-10-25,1074,2009,South,3,69.97,0.1
7853,2024-10-26,1072,2040,North,1,17.13,0.05
8160,2024-10-26,1065,2041,North,1,11.33,0.0
7647,2024-10-27,1028,2013,North,9,1053.68,0.05
8166,2024-10-27,1067,2016,East,2,167.07,0.1
8328,2024-10-27,1007,2001,West,6,1238.77,0.0
8800,2024-10-27,1001,2039,West,3,7.52,0.1
8845,2024-10-27,1017,2022,South,3,964.69,0.0
8957,2024-10-27,1081,2040,North,2,12.14,0.0
9318,2024-10-27,1027,2021,North,2,895.6,0.1
9456,2024-10-27,1099,2012,North,2,794.3,0.05
10035,2024-10-27,1076,2024,West,8,411.54,0.0
7630,2024-10-28,1027,2035,North,2,10.24,0.1
7784,2024-10-28,1095,2034,South,2,21.81,0.0
7952,2024-10-28,1005,2037,North,2,20.86,0.15
8092,2024-10-28,1058,2045,South,7,10.39,0.05
8168,2024-10-28,1031,2006,North,4,144.2,0.0
8945,2024-10-28,1086,2035,South,3,9.34,0.05
9793,2024-10-28,1011,2029,East,7,312.55,0.1
7556,2024-10-29,1100,2038,North,7,6.84,0.1
7971,2024-10-29,1018,2034,East,9,16.54,0.05
8212,2024-10-29,1086,2009,West,2,100.54,0.0
8355,2024-10-29,1038,2008,West,1,60.5,0.05
8821,2024-10-29,1068,2009,West,6,131.4,0.0
8939,2024-10-29,1075,2020,South,9,208.9,0.0
9069,2024-10-29,1064,2022,West,4,885.68,0.0
9796,2024-10-29,1094,2003,North,7,1814.86,0.1
7514,2024-10-30,1021,2007,South,5,133.14,0.1
8283,2024-10-30,1027,2010,West,6,145.79,0.05
8657,2024-10-30,1002,2001,West,4,1794.93,0.05
9055,2024-10-30,1048,2036,South,4,7.03,0.0
9863,2024-10-30,1045,2035,West,2,28.73,0.0
9932,2024-10-30,1086,2036,South,2,3.14,0.0
9979,2024-10-30,1015,2028,East,5,530.56,0.0
10041,2024-10-30,1073,2001,East,7,1470.8,0.0
7508,2024-10-31,1022,2031,West,2,24.1,0.05
7844,2024-10-31,1076,2003,West,9,1839.59,0.0
8022,2024-10-31,1022,2017,West,5,392.81,0.05
9380,2024-10-31,1015,2007,East,7,71.38,0.0
9566,2024-10-31,1021,2040,East,3,12.14,0.0
9701,2024-10-31,1068,2005,West,9,1357.51,0.05
7649,2024-11-01,1090,2017,East,8,402.3,0.1
7708,2024-11-01,1061,2035,West,7,5.42,0.05
7734,2024-11-01,1092,2041,South,8,10.44,0.0
8272,2024-11-01,1071,2006,North,4,142.76,0.15
8485,2024-11-01,1085,2014,East,3,400.04,0.0
8497,2024-11-01,1010,2017,East,4,397.06,0.05
9017,2024-11-01,1030,2019,North,3,399.13,0.05
9553,2024-11-01,1074,2040,East,7,3.66,0.0
7789,2024-11-02,1094,2025,North,2,578.83,0.1
7848,2024-11-02,1006,2036,East,6,17.07,0.15
7888,2024-11-02,1045,2037,South,2,22.22,0.0
8064,2024-11-02,1074,2039,South,2,20.84,0.1
8108,2024-11-02,1066,2033,South,4,28.8,0.05
8246,2024-11-02,1009,2009,West,2,52.43,0.15
8276,2024-11-02,1018,2022,South,9,541.02,0.1
8716,2024-11-02,1012,2013,East,7,803.04,0.1
8986,2024-11-02,1087,2006,North,6,134.13,0.1
9164,2024-11-02,1042,2022,East,7,233.6,0.1
9192,2024-11-02,1039,2014,North,2,674.57,0.0
9342,2024-11-02,1021,2005,East,9,1150.53,0.05
7516,2024-11-03,1079,2035,South,6,7.01,0.1
7588,2024-11-03,1093,2019,East,7,306.73,0.15
7864,2024-11-03,1051,2012,West,6,577.03,0.0
7869,2024-11-03,1021,2020,South,8,332.04,0.0
8379,2024-11-03,1061,2038,East,3,13.42,0.0
8811,2024-11-03,1053,2014,North,3,822.31,0.1
9587,2024-11-03,1015,2009,West,6,48.06,0.0
9921,2024-11-03,1015,2043,South,5,7.75,0.0
7856,2024-11-04,1054,2010,East,3,117.54,0.05
8253,2024-11-04,1098,2025,South,1,906.53,0.15
8545,2024-11-04,1067,2016,West,4,494.91,0.0
8888,2024-11-04,1033,2037,South,8,23.16,0.05
9148,2024-11-04,1031,2016,North,6,119.42,0.0
7502,2024-11-05,1029,2010,East,9,113.35,0.0
7548,2024-11-05,1033,2024,East,1,1094.3,0.0
7834,2024-11-05,1050,2025,South,9,475.92,0.15
7868,2024-11-05,1018,2030,West,1,293.44,0.0
7908,2024-11-05,1070,2039,West,9,3.5,0.0
7977,2024-11-05,1053,2023,West,3,349.23,0.0
8112,2024-11-05,1071,2015,West,1,581.85,0.05
8478,2024-11-05,1076,2008,South,4,53.14,0.15
9119,2024-11-05,1093,2004,South,4,1407.09,0.05
9931,2024-11-05,1037,2019,South,1,347.41,0.05
7886,2024-11-06,1020,2023,South,8,614.09,0.0
7918,2024-11-06,1052,2020,East,8,95.62,0.1
8194,2024-11-06,1028,2030,South,3,169.38,0.0
9190,2024-11-06,1070,2029,West,5,222.52,0.1
9274,2024-11-06,1045,2037,North,6,21.8,0.05
9463,2024-11-06,1057,2006,West,7,21.87,0.0
9518,2024-11-06,1095,2009,North,5,60.96,0.0
9728,2024-11-06,1095,2022,West,9,590.57,0.0
9926,2024-11-06,1086,2022,West,3,1189.02,0.1
7621,2024-11-07,1071,2003,South,5,1822.14,0.0
7623,2024-11-07,1097,2041,North,8,10.99,0.0
8141,2024-11-07,1089,2042,North,3,5.37,0.0
8347,2024-11-07,1037,2030,South,6,480.12,0.0
9079,2024-11-07,1028,2044,East,3,4.52,0.1
9136,2024-11-07,1053,2002,South,2,1483.42,0.0
9568,2024-11-07,1050,2026,West,3,337.1,0.1
8097,2024-11-08,1048,2020,East,3,452.46,0.0
8156,2024-11-08,1019,2012,West,4,528.68,0.05
8447,2024-11-08,1084,2023,West,6,295.89,0.0
8532,2024-11-08,1066,2006,South,5,144.89,0.0
8586,2024-11-08,1009,2040,South,2,6.61,0.0
8935,2024-11-08,1086,2005,East,8,1920.5,0.1
9337,2024-11-08,1063,2040,West,1,9.16,0.0
9607,2024-11-08,1021,2018,East,8,357.94,0.1
9794,2024-11-08,1084,2003,East,5,996.42,0.0
10016,2024-11-08,1040,2033,North,7,25.63,0.0
8609,2024-11-09,1074,2009,West,1,146.83,0.15
8666,2024-11-09,1002,2028,North,6,185.92,0.15
8995,2024-11-09,1079,2025,East,5,751.58,0.05
9237,2024-11-09,1004,2019,West,1,454.53,0.0
9592,2024-11-09,1081,2038,North,6,22.87,0.0
9811,2024-11-09,1055,2037,North,2,10.57,0.0
8057,2024-11-10,1061,2012,North,2,679.43,0.1
8241,2024-11-10,1033,2007,West,5,67.26,0.05
8654,2024-11-10,1008,2037,West,7,19.61,0.0
8992,2024-11-10,1067,2008,North,8,137.01,0.1
9294,2024-11-10,1015,2005,West,4,1862.75,0.0
9673,2024-11-10,1062,2007,North,9,23.78,0.0
9950,2024-11-10,1023,2036,South,8,3.48,0.05
7689,2024-11-11,1043,2025,West,2,1005.58,0.05
9281,2024-11-11,1073,2005,East,5,1276.89,0.05
9837,2024-11-11,1071,2030,West,3,185.9,0.0
9996,2024-11-11,1035,2029,East,7,321.58,0.05
7744,2024-11-12,1058,2025,South,1,801.74,0.05
8541,2024-11-12,1084,2034,East,7,35.25,0.05
8603,2024-11-12,1012,2041,West,4,2.15,0.1
9033,2024-11-12,1097,2037,North,1,17.94,0.15
9224,2024-11-12,1010,2001,East,4,1312.61,0.1
9677,2024-11-12,1025,2034,East,5,7.9,0.1
8289,2024-11-13,1064,2008,South,5,55.17,0.0
8320,2024-11-13,1052,2001,South,5,1657.28,0.0
8360,2024-11-13,1066,2024,South,5,514.09,0.0
8737,2024-11-13,1038,2018,East,3,112.83,0.05
9089,2024-11-13,1042,2003,North,1,1484.28,0.0
9260,2024-11-13,1072,2018,South,3,399.85,0.15
9964,2024-11-13,1025,2029,West,6,347.32,0.0
7619,2024-11-14,1043,2015,North,3,985.62,0.15
7722,2024-11-14,1054,2017,East,6,452.27,0.1
8069,2024-11-14,1028,2006,West,9,71.5,0.0
8305,2024-11-14,1039,2028,West,5,248.53,0.0
8540,2024-11-14,1019,2002,South,9,1398.84,0.0
8785,2024-11-14,1010,2030,South,6,503.25,0.05
8918,2024-11-14,1090,2008,South,2,74.51,0.1
9004,2024-11-14,1068,2006,West,2,33.89,0.0
10009,2024-11-14,1010,2029,East,2,379.86,0.15
7513,2024-11-15,1027,2034,South,9,25.33,0.1
8049,2024-11-15,1058,2025,East,8,856.17,0.1
8437,2024-11-15,1021,2020,South,4,373.24,0.05
9295,2024-11-15,1049,2008,North,2,42.28,0.0
9850,2024-11-15,1018,2033,South,5,8.2,0.15
7555,2024-11-16,1044,2031,North,1,39.27,0.05
8170,2024-11-16,1052,2021,West,5,1007.83,0.1
8472,2024-11-16,1043,2013,East,9,524.54,0.0
8757,2024-11-16,1064,2038,West,9,14.05,0.0
9781,2024-11-16,1013,2024,West,7,1056.76,0.1
7851,2024-11-17,1094,2033,South,9,15.08,0.0
8012,2024-11-17,1037,2005,North,6,876.71,0.0
8154,2024-11-17,1071,2035,West,6,13.06,0.05
8224,2024-11-17,1047,2026,North,8,432.1,0.05
8403,2024-11-17,1085,2015,West,8,781.6,0.0
8738,2024-11-17,1098,2009,North,3,137.54,0.0
7810,2024-11-18,1076,2010,East,3,29.7,0.1
8062,2024-11-18,1009,2035,West,3,29.52,0.0
9356,2024-11-18,1075,2029,East,8,280.8,0.0
9474,2024-11-18,1071,2007,North,1,91.88,0.05
9552,2024-11-18,1010,2014,West,5,839.34,0.0
7753,2024-11-19,1096,2009,North,7,110.72,0.0
7935,2024-11-19,1075,2025,East,7,1034.22,0.15
8120,2024-11-19,1005,2017,South,3,463.79,0.15
8370,2024-11-19,1049,2001,South,1,1896.08,0.1
8652,2024-11-19,1016,2039,East,1,13.09,0.0
9508,2024-11-19,1066,2026,West,7,479.51,0.0
9544,2024-11-19,1013,2003,South,1,1840.45,0.05
9565,2024-11-19,1061,2008,East,4,118.29,0.1
9908,2024-11-19,1021,2009,East,2,88.7,0.05
7528,2024-11-20,1064,2036,North,9,9.66,0.0
8295,2024-11-20,1080,2011,East,9,541.1,0.0
8675,2024-11-20,1052,2025,South,9,1087.24,0.0
9228,2024-11-20,1040,2008,East,8,126.98,0.1
9583,2024-11-20,1050,2005,South,9,1773.58,0.15
9659,2024-11-20,1075,2025,West,9,535.74,0.1
10077,2024-11-20,1061,2006,West,3,139.08,0.0
8386,2024-11-21,1082,2015,South,5,660.01,0.1
8511,2024-11-21,1048,2029,East,8,289.0,0.15
9028,2024-11-21,1060,2004,North,1,1875.69,0.0
9159,2024-11-21,1029,2043,South,2,2.77,0.0
9481,2024-11-21,1095,2024,South,5,1170.14,0.05
9769,2024-11-21,1008,2029,South,3,231.77,0.0
9948,2024-11-21,1082,2026,North,8,247.47,0.15
9959,2024-11-21,1060,2018,North,9,402.63,0.05
9973,2024-11-21,1016,2010,North,8,105.49,0.0
10079,2024-11-21,1096,2038,East,7,24.82,0.0
7533,2024-11-22,1100,2015,North,6,1001.03,0.0
8645,2024-11-22,1036,2022,South,3,248.28,0.0
9201,2024-11-22,1051,2016,North,4,232.8,0.0
9225,2024-11-22,1061,2022,North,7,502.85,0.0
9695,2024-11-22,1030,2021,South,6,205.68,0.0
10078,2024-11-22,1087,2004,East,7,912.97,0.05
7795,2024-11-23,1032,2036,South,7,8.89,0.15
7867,2024-11-23,1042,2020,West,3,202.27,0.15
7974,2024-11-23,1045,2012,West,8,770.57,0.05
7978,2024-11-23,1064,2005,North,3,818.81,0.1
9086,2024-11-23,1078,2007,West,8,107.39,0.05
9873,2024-11-23,1007,2020,West,5,464.2,0.1
7518,2024-11-24,1035,2016,West,7,460.69,0.0
7646,2024-11-24,1068,2012,North,1,690.58,0.0
8469,2024-11-24,1088,2024,South,5,787.39,0.1
9246,2024-11-24,1062,2013,East,5,1100.47,0.0
9526,2024-11-24,1011,2022,North,9,941.68,0.0
9581,2024-11-24,1072,2036,North,6,17.31,0.05
9588,2024-11-24,1062,2001,North,3,1103.0,0.1
10003,2024-11-24,1078,2015,South,5,464.26,0.1
7662,2024-11-25,1011,2045,West,8,2.71,0.0
8117,2024-11-25,1005,2004,East,4,1719.84,0.0
8198,2024-11-25,1067,2010,West,9,88.1,0.1
8466,2024-11-25,1047,2025,North,6,1081.93,0.1
8629,2024-11-25,1053,2026,North,1,104.43,0.1
9155,2024-11-25,1081,2002,East,3,1926.44,0.1
9713,2024-11-25,1008,2039,North,9,6.18,0.0
7581,2024-11-26,1044,2029,East,5,417.01,0.05
8300,2024-11-26,1078,2038,West,2,23.12,0.0
8509,2024-11-26,1010,2021,West,1,637.55,0.0
9572,2024-11-26,1081,2011,North,2,923.87,0.05
9805,2024-11-26,1095,2040,West,5,15.78,0.1
9815,2024-11-26,1016,2019,East,6,362.55,0.15
7839,2024-11-27,1066,2038,West,4,5.45,0.0
8517,2024-11-27,1020,2010,South,8,65.35,0.05
8009,2024-11-28,1038,2036,North,6,9.79,0.1
8105,2024-11-28,1079,2042,North,7,7.71,0.05
8684,2024-11-28,1095,2027,West,7,265.81,0.0
7591,2024-11-29,1081,2008,East,4,52.88,0.0
8183,2024-11-29,1061,2037,South,2,21.42,0.1
9096,2024-11-29,1029,2008,West,3,118.57,0.0
9220,2024-11-29,1004,2025,East,1,692.14,0.05
7723,2024-11-30,1029,2029,East,4,563.93,0.0
7837,2024-11-30,1018,2042,South,2,7.83,0.0
8270,2024-11-30,1006,2009,South,8,134.23,0.0
8430,2024-11-30,1051,2029,West,9,105.92,0.0
8440,2024-11-30,1020,2001,South,3,1995.24,0.0
8499,2024-11-30,1030,2006,North,9,131.9,0.0
8690,2024-11-30,1085,2013,South,5,1009.09,0.0
9670,2024-11-30,1053,2019,West,5,228.35,0.0
9983,2024-11-30,1012,2031,West,2,27.62,0.1
7832,2024-12-01,1097,2013,South,6,1032.73,0.0
7915,2024-12-01,1082,2015,North,4,605.94,0.1
7951,2024-12-01,1054,2021,South,4,1079.11,0.15
8932,2024-12-01,1083,2024,South,2,706.52,0.0
9144,2024-12-01,1017,2039,West,1,13.59,0.0
9631,2024-12-01,1029,2018,West,9,390.42,0.15
9705,2024-12-01,1041,2011,South,7,914.15,0.05
9742,2024-12-01,1031,2002,East,2,1184.74,0.05
9956,2024-12-01,1070,2032,West,5,25.68,0.0
7582,2024-12-02,1093,2026,East,5,151.48,0.1
7780,2024-12-02,1075,2040,South,1,17.34,0.0
7899,2024-12-02,1056,2018,North,2,443.92,0.0
8119,2024-12-02,1084,2003,West,9,1212.09,0.15
8548,2024-12-02,1004,2022,West,1,1067.81,0.15
9227,2024-12-02,1081,2009,West,9,91.51,0.05
9501,2024-12-02,1093,2028,East,4,288.33,0.0
7522,2024-12-03,1021,2011,East,4,703.71,0.0
7801,2024-12-03,1028,2039,South,9,23.92,0.15
8215,2024-12-03,1004,2019,East,2,122.32,0.0
8398,2024-12-03,1062,2044,North,4,13.15,0.1
8836,2024-12-03,1077,2012,East,1,1050.06,0.1
8857,2024-12-03,1054,2016,East,3,263.28,0.0
9039,2024-12-03,1049,2022,North,1,985.83,0.0
9184,2024-12-03,1028,2023,South,1,398.14,0.15
9415,2024-12-03,1079,2043,South,1,7.44,0.05
9646,2024-12-03,1088,2031,West,7,17.95,0.0
9958,2024-12-03,1013,2016,East,3,413.54,0.0
10020,2024-12-03,1079,2003,North,3,1820.4,0.0
8237,2024-12-04,1054,2028,East,8,334.36,0.0
8718,2024-12-04,1056,2015,North,7,500.35,0.05
8948,2024-12-04,1089,2028,West,1,518.25,0.0
8983,2024-12-04,1085,2002,East,4,1542.9,0.05
9300,2024-12-04,1033,2019,East,9,482.86,0.15
9452,2024-12-04,1065,2017,West,3,93.31,0.1
10093,2024-12-04,1084,2026,East,9,480.42,0.0
7934,2024-12-05,1089,2003,East,1,1386.63,0.0
8171,2024-12-05,1100,2028,North,3,290.0,0.05
9922,2024-12-05,1044,2023,South,6,1042.5,0.05
7815,2024-12-06,1061,2031,South,4,11.81,0.0
8354,2024-12-06,1034,2033,North,3,24.16,0.0
8392,2024-12-06,1030,2003,North,7,1201.03,0.0
8563,2024-12-06,1024,2018,North,2,263.81,0.15
8871,2024-12-06,1001,2040,North,8,12.54,0.05
9013,2024-12-06,1027,2005,West,8,1527.9,0.1
9516,2024-12-06,1048,2004,North,6,1534.3,0.0
9723,2024-12-06,1013,2025,South,7,668.8,0.1
9825,2024-12-06,1066,2025,North,8,918.7,0.05
7756,2024-12-07,1036,2023,West,2,1091.24,0.0
8406,2024-12-07,1007,2011,North,3,596.34,0.0
8930,2024-12-07,1052,2014,East,4,344.06,0.15
8938,2024-12-07,1080,2013,West,4,749.21,0.0
9313,2024-12-07,1092,2002,East,5,1385.35,0.05
9924,2024-12-07,1056,2027,South,7,167.64,0.0
8296,2024-12-08,1062,2016,West,7,383.39,0.05
8335,2024-12-08,1086,2009,West,7,31.24,0.0
8558,2024-12-08,1011,2043,North,1,7.84,0.0
8585,2024-12-08,1059,2037,West,6,19.26,0.0
9622,2024-12-08,1082,2043,West,1,5.78,0.0
9917,2024-12-08,1062,2021,North,3,483.71,0.15
7664,2024-12-09,1081,2010,East,6,46.73,0.1
7792,2024-12-09,1082,2001,West,6,1675.62,0.0
8322,2024-12-09,1028,2002,South,7,1620.69,0.05
8650,2024-12-09,1099,2033,East,8,35.56,0.0
9061,2024-12-09,1095,2015,South,7,1131.54,0.0
9127,2024-12-09,1065,2009,North,1,146.31,0.05
9363,2024-12-09,1075,2010,North,1,121.31,0.0
9432,2024-12-09,1035,2018,West,6,421.1,0.15
9601,2024-12-09,1075,2007,South,6,133.37,0.05
9682,2024-12-09,1076,2012,North,6,1167.66,0.0
9751,2024-12-09,1008,2037,North,2,14.96,0.0
9848,2024-12-09,1064,2031,North,9,17.92,0.0
7639,2024-12-10,1088,2005,South,1,1587.44,0.0
7995,2024-12-10,1088,2001,West,8,967.12,0.05
8132,2024-12-10,1096,2033,West,5,26.2,0.0
8197,2024-12-10,1027,2003,North,5,1158.72,0.05
8222,2024-12-10,1052,2013,North,5,448.47,0.15
8725,2024-12-10,1063,2021,South,6,1194.68,0.15
8825,2024-12-10,1039,2019,East,6,273.92,0.05
9099,2024-12-10,1072,2044,West,1,7.84,0.0
8884,2024-12-11,1050,2032,North,9,13.06,0.1
8886,2024-12-11,1042,2018,East,6,410.63,0.05
9049,2024-12-11,1010,2010,North,1,42.53,0.0
9509,2024-12-11,1073,2005,West,1,1548.35,0.0
7993,2024-12-12,1005,2019,North,9,137.84,0.15
8137,2024-12-12,1091,2013,East,1,609.35,0.1
8443,2024-12-12,1061,2037,West,7,5.73,0.05
9145,2024-12-12,1041,2044,West,1,12.57,0.05
9183,2024-12-12,1056,2008,North,3,91.65,0.05
9195,2024-12-12,1084,2038,West,4,22.57,0.05
10031,2024-12-12,1018,2042,South,9,6.95,0.0
8868,2024-12-13,1083,2025,East,9,775.75,0.15
8870,2024-12-13,1088,2032,East,1,19.21,0.0
9076,2024-12-13,1038,2002,West,3,1438.28,0.0
9383,2024-12-13,1039,2039,East,3,10.84,0.0
9520,2024-12-13,1011,2007,South,1,135.69,0.0
9771,2024-12-13,1077,2016,East,8,386.33,0.1
9937,2024-12-13,1069,2045,North,1,13.53,0.1
10010,2024-12-13,1055,2035,West,1,25.88,0.05
7658,2024-12-14,1026,2001,South,6,1239.17,0.0
9067,2024-12-14,1030,2019,North,4,405.02,0.0
9191,2024-12-14,1087,2021,North,5,927.66,0.0
7512,2024-12-15,1092,2006,South,4,98.46,0.15
7938,2024-12-15,1049,2022,West,5,1136.17,0.15
8123,2024-12-15,1014,2040,North,6,19.18,0.15
8133,2024-12-15,1069,2010,West,4,79.91,0.1
8459,2024-12-15,1099,2003,South,3,1361.28,0.0
9072,2024-12-15,1019,2017,North,2,264.57,0.05
9784,2024-12-15,1033,2013,West,9,984.97,0.05
9876,2024-12-15,1073,2041,South,8,11.22,0.1
7542,2024-12-16,1015,2042,South,1,8.0,0.0
7631,2024-12-16,1052,2006,East,6,47.2,0.15
8273,2024-12-16,1025,2016,North,3,250.88,0.0
8912,2024-12-16,1081,2004,West,7,1620.08,0.1
9051,2024-12-16,1014,2037,West,7,9.95,0.0
9578,2024-12-16,1059,2029,South,5,233.04,0.05
9579,2024-12-16,1093,2011,West,2,982.37,0.15
7716,2024-12-17,1035,2021,South,2,856.31,0.05
8232,2024-12-17,1003,2028,North,7,142.66,0.15
8616,2024-12-17,1019,2037,West,6,14.54,0.15
8630,2024-12-17,1035,2032,East,9,38.48,0.0
8947,2024-12-17,1036,2024,East,1,535.65,0.1
9057,2024-12-17,1075,2009,East,8,57.68,0.1
9130,2024-12-17,1010,2018,North,5,205.62,0.0
9636,2024-12-17,1002,2039,North,3,13.91,0.1
9662,2024-12-17,1001,2044,East,5,7.32,0.1
9935,2024-12-17,1059,2008,West,9,104.8,0.05
9940,2024-12-17,1087,2008,West,7,117.98,0.0
8122,2024-12-18,1077,2008,North,6,93.96,0.1
8231,2024-12-18,1099,2008,North,2,53.67,0.0
8293,2024-12-18,1031,2042,East,6,2.17,0.05
8700,2024-12-18,1028,2044,East,5,7.66,0.0
8999,2024-12-18,1085,2030,South,5,133.66,0.0
9339,2024-12-18,1017,2016,East,3,357.26,0.1
9472,2024-12-18,1091,2016,East,3,263.88,0.1
9653,2024-12-18,1016,2004,South,2,1663.85,0.0
9739,2024-12-18,1046,2033,East,1,12.92,0.1
9830,2024-12-18,1032,2016,West,3,318.05,0.05
9912,2024-12-18,1065,2007,North,3,67.23,0.0
7667,2024-12-19,1019,2003,West,4,1318.98,0.0
7782,2024-12-19,1083,2001,South,9,1022.02,0.0
8415,2024-12-19,1015,2022,South,3,1028.47,0.0
8439,2024-12-19,1027,2025,West,3,968.58,0.0
8830,2024-12-19,1037,2008,South,7,77.43,0.15
9166,2024-12-19,1021,2002,South,7,1698.5,0.05
9434,2024-12-19,1074,2016,South,8,338.0,0.0
9824,2024-12-19,1032,2022,East,5,477.92,0.05
10027,2024-12-19,1034,2002,South,6,1863.78,0.0
7636,2024-12-20,1070,2030,East,2,184.09,0.05
7946,2024-12-20,1064,2017,West,4,89.64,0.0
8159,2024-12-20,1052,2013,West,8,1062.48,0.0
8534,2024-12-20,1036,2011,North,8,1036.86,0.1
8660,2024-12-20,1089,2010,North,9,46.67,0.0
8815,2024-12-20,1035,2022,East,7,1090.85,0.0
7570,2024-12-21,1016,2036,North,5,21.56,0.05
7652,2024-12-21,1037,2037,West,5,3.96,0.1
7661,2024-12-21,1041,2019,East,6,486.82,0.0
7665,2024-12-21,1032,2021,North,8,574.26,0.0
7903,2024-12-21,1020,2012,East,4,996.75,0.0
8136,2024-12-21,1022,2017,South,9,479.36,0.1
8860,2024-12-21,1015,2013,West,2,477.61,0.15
8977,2024-12-21,1035,2013,South,2,1154.48,0.15
9382,2024-12-21,1013,2015,East,8,1057.37,0.15
7776,2024-12-22,1093,2021,North,6,898.37,0.05
8056,2024-12-22,1088,2006,South,7,82.44,0.15
8301,2024-12-22,1039,2017,West,8,488.91,0.0
8597,2024-12-22,1012,2006,North,3,118.68,0.0
8602,2024-12-22,1092,2034,West,7,35.84,0.0
8909,2024-12-22,1030,2037,North,6,24.38,0.1
8940,2024-12-22,1008,2018,East,1,140.73,0.1
9122,2024-12-22,1085,2006,West,2,77.24,0.0
9458,2024-12-22,1013,2021,East,7,824.52,0.0
9721,2024-12-22,1014,2021,North,9,757.43,0.0
9768,2024-12-22,1096,2043,East,7,5.61,0.0
8001,2024-12-23,1059,2028,North,6,514.4,0.1
8055,2024-12-23,1022,2035,West,1,27.69,0.0
8552,2024-12-23,1070,2037,North,2,21.95,0.0
9204,2024-12-23,1074,2022,South,8,297.68,0.0
10034,2024-12-23,1049,2043,South,8,14.18,0.0
7835,2024-12-24,1081,2015,North,1,498.82,0.0
7900,2024-12-24,1089,2002,South,5,1744.91,0.1
9408,2024-12-24,1027,2002,North,3,1693.06,0.05
9734,2024-12-24,1059,2038,North,7,23.74,0.0
7521,2024-12-25,1019,2015,North,7,866.6,0.0
7537,2024-12-25,1078,2003,West,3,1483.68,0.05
7597,2024-12-25,1052,2039,West,5,20.38,0.05
7941,2024-12-25,1005,2004,West,2,1746.31,0.0
7979,2024-12-25,1034,2008,South,7,121.04,0.05
8514,2024-12-25,1001,2020,East,5,313.67,0.05
8590,2024-12-25,1095,2007,South,5,114.61,0.1
9002,2024-12-25,1054,2014,South,3,1094.61,0.0
9603,2024-12-25,1100,2028,East,9,416.45,0.05
8007,2024-12-26,1087,2003,West,9,1665.32,0.0
8063,2024-12-26,1014,2043,West,7,12.82,0.1
8217,2024-12-26,1051,2015,East,9,460.29,0.0
8564,2024-12-26,1082,2028,West,6,418.86,0.1
9175,2024-12-26,1046,2036,East,8,20.33,0.0
7955,2024-12-27,1034,2027,North,1,412.5,0.05
8319,2024-12-27,1095,2038,South,8,9.62,0.05
8659,2024-12-27,1097,2039,East,4,19.53,0.0
8761,2024-12-27,1042,2026,East,9,366.14,0.05
8813,2024-12-27,1023,2008,South,1,26.79,0.1
9066,2024-12-27,1014,2014,West,6,1156.98,0.05
9510,2024-12-27,1093,2036,South,6,11.75,0.0
7543,2024-12-28,1028,2041,South,7,8.16,0.1
7799,2024-12-28,1026,2045,North,6,9.17,0.1
7833,2024-12-28,1009,2016,East,6,80.85,0.0
8274,2024-12-28,1052,2032,South,4,12.55,0.0
8508,2024-12-28,1010,2005,East,3,963.6,0.1
8719,2024-12-28,1027,2025,North,5,211.47,0.05
8817,2024-12-28,1007,2010,North,2,79.06,0.0
9733,2024-12-28,1089,2003,North,8,1268.21,0.0
7611,2024-12-29,1080,2019,North,3,204.79,0.0
7818,2024-12-29,1084,2005,South,7,909.37,0.0
8480,2024-12-29,1086,2039,South,3,9.93,0.0
8583,2024-12-29,1073,2033,South,4,16.35,0.05
8855,2024-12-29,1008,2042,North,8,8.27,0.05
9018,2024-12-29,1010,2039,West,2,5.87,0.0
9786,2024-12-29,1077,2038,West,5,23.72,0.1
10006,2024-12-29,1010,2032,East,2,9.14,0.0
8126,2024-12-30,1048,2039,North,3,15.05,0.1
8306,2024-12-30,1052,2037,North,7,16.28,0.0
8769,2024-12-30,1095,2043,East,5,4.94,0.05
9070,2024-12-30,1046,2038,West,5,10.39,0.05
9353,2024-12-30,1082,2036,West,1,17.72,0.15
9426,2024-12-30,1030,2023,South,6,1164.86,0.1
9480,2024-12-30,1008,2029,West,3,213.22,0.0
9535,2024-12-30,1054,2012,North,6,1191.7,0.0
9874,2024-12-30,1031,2015,West,5,563.59,0.15
7889,2024-12-31,1069,2024,South,4,579.99,0.0
8258,2024-12-31,1084,2036,South,5,3.21,0.0
8417,2024-12-31,1009,2036,East,3,21.41,0.0
9469,2024-12-31,1025,2006,East,8,122.47,0.0
9704,2024-12-31,1061,2036,West,4,23.14,0.0
9961,2024-12-31,1033,2029,North,3,434.37,0.0
10293,2025-01-01,1032,2016,North,9,442.46,0.05
10474,2025-01-01,1043,2011,West,7,698.96,0.0
10783,2025-01-01,1041,2028,North,3,517.93,0.0
10787,2025-01-01,1013,2024,South,4,1138.01,0.0
11207,2025-01-01,1095,2026,South,1,545.85,0.1
11267,2025-01-01,1002,2001,North,6,1658.1,0.0
11640,2025-01-01,1011,2026,West,1,117.48,0.0
12011,2025-01-01,1019,2011,South,1,756.84,0.0
12436,2025-01-01,1013,2028,East,2,233.68,0.0
12442,2025-01-01,1012,2001,North,6,1519.66,0.0
12617,2025-01-01,1060,2010,South,9,86.38,0.05
10157,2025-01-02,1086,2012,East,1,799.72,0.05
12036,2025-01-02,1066,2016,South,2,312.01,0.1
12149,2025-01-02,1045,2029,South,5,539.91,0.0
12192,2025-01-02,1063,2037,West,8,24.76,0.05
12315,2025-01-02,1059,2022,North,1,672.77,0.0
10666,2025-01-03,1062,2007,East,2,66.64,0.0
10907,2025-01-03,1004,2018,West,5,366.28,0.0
11114,2025-01-03,1083,2003,South,9,1648.64,0.0
12586,2025-01-03,1057,2014,North,1,764.32,0.1
10125,2025-01-04,1044,2045,North,9,11.6,0.1
10182,2025-01-04,1049,2036,West,4,22.19,0.05
10523,2025-01-04,1004,2034,East,4,22.95,0.0
10739,2025-01-04,1017,2022,South,8,333.47,0.05
11061,2025-01-04,1035,2039,West,8,8.01,0.0
11100,2025-01-04,1049,2010,North,7,113.49,0.05
11716,2025-01-04,1075,2007,South,8,75.38,0.0
11829,2025-01-04,1088,2031,North,1,12.96,0.0
12621,2025-01-04,1026,2014,West,9,584.98,0.0
10575,2025-01-05,1062,2027,West,2,164.07,0.0
10841,2025-01-05,1070,2002,West,7,958.72,0.0
10889,2025-01-05,1031,2009,South,4,95.26,0.0
11297,2025-01-05,1040,2013,East,2,670.56,0.0
11567,2025-01-05,1001,2008,East,3,147.86,0.0
11940,2025-01-05,1039,2011,West,4,576.89,0.05
10489,2025-01-06,1091,2004,West,4,1229.66,0.05
10619,2025-01-06,1043,2027,West,7,408.97,0.0
11569,2025-01-06,1066,2012,West,4,855.33,0.0
12056,2025-01-06,1090,2005,West,7,1802.14,0.0
12390,2025-01-06,1054,2042,West,6,10.56,0.1
12667,2025-01-06,1004,2037,East,2,21.06,0.0
12770,2025-01-06,1067,2031,South,7,20.23,0.0
10221,2025-01-07,1026,2037,South,9,18.97,0.0
10313,2025-01-07,1094,2036,West,9,18.45,0.0
10759,2025-01-07,1057,2031,East,3,14.31,0.0
10940,2025-01-07,1008,2019,West,2,458.84,0.05
11034,2025-01-07,1069,2036,South,6,24.93,0.15
11180,2025-01-07,1012,2038,South,8,13.97,0.1
11641,2025-01-07,1072,2002,North,7,1697.01,0.0
12478,2025-01-07,1038,2042,South,1,6.16,0.0
12742,2025-01-07,1097,2012,East,2,349.66,0.1
10153,2025-01-08,1016,2015,South,9,1144.03,0.1
10200,2025-01-08,1009,2032,South,6,35.95,0.0
10360,2025-01-08,1041,2004,South,6,1861.38,0.0
10670,2025-01-08,1034,2014,South,9,582.17,0.0
10835,2025-01-08,1068,2013,East,1,363.88,0.0
11205,2025-01-08,1073,2017,North,9,171.98,0.05
11328,2025-01-08,1004,2011,West,9,751.77,0.0
11542,2025-01-08,1003,2012,West,9,524.21,0.0
12005,2025-01-08,1060,2013,East,2,1168.57,0.05
12153,2025-01-08,1011,2003,South,6,1483.13,0.05
12166,2025-01-08,1085,2019,North,5,198.46,0.1
12746,2025-01-08,1068,2030,North,3,336.2,0.0
10459,2025-01-09,1074,2012,North,4,394.22,0.05
11067,2025-01-09,1059,2037,East,1,17.35,0.1
11184,2025-01-09,1097,2018,West,4,316.3,0.0
11654,2025-01-09,1086,2014,South,6,493.9,0.0
11805,2025-01-09,1035,2014,North,4,863.58,0.0
12186,2025-01-09,1028,2013,East,1,1092.51,0.0
12454,2025-01-09,1026,2008,South,8,119.26,0.1
10102,2025-01-10,1038,2030,West,1,212.49,0.0
11226,2025-01-10,1060,2040,South,5,21.59,0.0
11428,2025-01-10,1013,2011,South,2,351.65,0.0
11439,2025-01-10,1079,2026,West,2,397.54,0.0
12207,2025-01-10,1024,2029,South,2,466.9,0.0
12739,2025-01-10,1012,2040,West,6,15.52,0.05
10251,2025-01-11,1065,2010,West,2,111.32,0.0
11059,2025-01-11,1023,2018,West,4,216.68,0.05
11091,2025-01-11,1028,2021,North,1,217.19,0.05
11164,2025-01-11,1025,2016,South,8,374.32,0.05
11537,2025-01-11,1084,2013,East,1,1086.72,0.05
11675,2025-01-11,1090,2037,West,1,21.04,0.05
11765,2025-01-11,1070,2001,East,9,1360.77,0.0
12118,2025-01-11,1044,2011,West,5,412.03,0.0
12557,2025-01-11,1066,2020,East,3,255.89,0.0
10310,2025-01-12,1085,2029,East,1,428.39,0.1
10517,2025-01-12,1091,2029,South,3,480.68,0.05
10564,2025-01-12,1021,2005,North,3,1375.45,0.05
11218,2025-01-12,1022,2034,North,5,7.18,0.1
11418,2025-01-12,1034,2001,South,2,1134.32,0.0
11433,2025-01-12,1028,2027,North,2,187.92,0.05
11659,2025-01-12,1055,2021,West,2,831.58,0.0
11681,2025-01-12,1024,2011,East,9,1177.97,0.0
12301,2025-01-12,1036,2018,East,9,120.11,0.0
12391,2025-01-12,1047,2013,West,3,1068.63,0.0
12445,2025-01-12,1031,2025,South,9,668.32,0.1
12622,2025-01-12,1023,2007,South,3,140.8,0.0
10395,2025-01-13,1020,2007,West,6,128.58,0.1
10710,2025-01-13,1012,2010,West,6,47.61,0.0
10795,2025-01-13,1005,2032,West,4,14.7,0.1
11008,2025-01-13,1007,2036,West,1,6.41,0.05
11361,2025-01-13,1025,2008,South,2,115.71,0.0
12102,2025-01-13,1038,2001,East,6,1705.75,0.0
12338,2025-01-13,1034,2023,South,1,1070.01,0.0
12712,2025-01-13,1063,2019,West,5,310.24,0.0
10194,2025-01-14,1042,2005,West,1,995.48,0.0
10393,2025-01-14,1065,2001,West,7,971.4,0.0
10446,2025-01-14,1006,2009,South,2,15.14,0.0
10480,2025-01-14,1040,2006,East,5,25.8,0.1
10999,2025-01-14,1002,2037,West,6,14.18,0.05
11030,2025-01-14,1016,2022,North,7,282.65,0.1
11883,2025-01-14,1059,2005,East,1,1946.05,0.05
12661,2025-01-14,1034,2030,East,8,360.44,0.0
10533,2025-01-15,1081,2005,South,2,1296.86,0.0
10743,2025-01-15,1008,2021,West,8,818.45,0.1
11193,2025-01-15,1080,2016,North,3,280.37,0.1
11260,2025-01-15,1079,2009,East,9,129.66,0.0
11988,2025-01-15,1070,2003,South,8,1698.8,0.0
12017,2025-01-15,1088,2007,West,1,144.52,0.05
12298,2025-01-15,1055,2032,East,1,14.2,0.1
10174,2025-01-16,1017,2014,North,8,582.25,0.05
11244,2025-01-16,1090,2013,South,3,957.38,0.15
12197,2025-01-16,1025,2015,West,9,1068.6,0.0
10611,2025-01-17,1027,2037,North,9,22.92,0.0
12312,2025-01-17,1088,2009,West,5,30.46,0.05
11387,2025-01-18,1086,2003,East,1,1122.62,0.0
11807,2025-01-18,1085,2004,West,3,950.52,0.0
12355,2025-01-18,1009,2023,North,7,203.31,0.0
10401,2025-01-19,1030,2023,West,9,481.81,0.0
10402,2025-01-19,1094,2011,East,2,714.18,0.1
10900,2025-01-19,1046,2026,West,8,446.5,0.1
12195,2025-01-19,1005,2032,South,8,39.88,0.05
12346,2025-01-19,1042,2015,North,7,926.78,0.15
10148,2025-01-20,1049,2005,East,3,1851.41,0.0
10361,2025-01-20,1082,2014,West,6,612.31,0.05
10875,2025-01-20,1009,2014,West,3,1038.25,0.0
11198,2025-01-20,1018,2004,West,2,1727.67,0.15
11558,2025-01-20,1076,2002,East,4,1198.88,0.05
10950,2025-01-21,1022,2028,South,5,557.93,0.0
11123,2025-01-21,1069,2004,West,5,1267.76,0.1
11975,2025-01-21,1044,2015,West,3,1135.39,0.0
12323,2025-01-21,1093,2022,West,2,663.44,0.05
12599,2025-01-21,1080,2022,South,2,494.96,0.15
10136,2025-01-22,1023,2019,West,3,327.83,0.0
11029,2025-01-22,1076,2028,West,4,343.76,0.0
11915,2025-01-22,1090,2002,East,8,1048.25,0.0
12053,2025-01-22,1033,2013,North,3,553.08,0.05
10278,2025-01-23,1068,2021,South,8,554.45,0.0
10765,2025-01-23,1064,2012,West,3,760.09,0.0
10816,2025-01-23,1089,2043,West,3,14.22,0.0
11627,2025-01-23,1082,2025,South,2,1133.14,0.0
11813,2025-01-23,1022,2002,North,2,1619.93,0.0
12322,2025-01-23,1093,2008,East,6,91.1,0.0
12529,2025-01-23,1017,2007,South,4,61.26,0.1
10353,2025-01-24,1031,2017,West,6,187.72,0.15
11887,2025-01-24,1086,2016,South,8,465.4,0.0
12080,2025-01-24,1040,2026,North,6,490.99,0.1
12709,2025-01-24,1040,2011,South,3,804.91,0.0
12790,2025-01-24,1056,2003,East,4,1797.61,0.15
10574,2025-01-25,1041,2029,South,2,156.59,0.05
10768,2025-01-25,1021,2018,North,4,298.63,0.0
10807,2025-01-25,1030,2035,West,6,14.43,0.05
11394,2025-01-25,1072,2033,North,9,31.3,0.0
11737,2025-01-25,1079,2019,East,6,481.39,0.05
11867,2025-01-25,1015,2010,East,8,86.0,0.0
11929,2025-01-25,1040,2037,South,1,20.34,0.05
12395,2025-01-25,1083,2025,West,8,780.95,0.15
12431,2025-01-25,1082,2032,East,6,8.01,0.1
12753,2025-01-25,1054,2001,North,6,847.06,0.1
12780,2025-01-25,1026,2026,South,1,172.51,0.0
10143,2025-01-26,1075,2023,East,4,840.62,0.0
10365,2025-01-26,1019,2021,West,2,961.77,0.1
10560,2025-01-26,1016,2036,South,9,3.58,0.05
10630,2025-01-26,1004,2016,North,6,282.16,0.0
10691,2025-01-26,1064,2038,East,5,18.98,0.0
10957,2025-01-26,1023,2040,West,6,18.69,0.0
11065,2025-01-26,1067,2007,West,7,95.29,0.1
11403,2025-01-26,1087,2015,North,6,1016.58,0.1
11625,2025-01-26,1043,2013,North,7,702.17,0.0
12539,2025-01-26,1055,2030,East,1,355.52,0.1
10209,2025-01-27,1034,2008,North,9,17.49,0.1
10817,2025-01-27,1069,2008,East,3,145.96,0.0
11554,2025-01-27,1083,2021,West,5,418.38,0.05
11566,2025-01-27,1066,2039,East,9,16.81,0.1
12009,2025-01-27,1095,2038,North,3,16.61,0.0
12182,2025-01-27,1051,2026,East,2,201.5,0.15
12286,2025-01-27,1063,2028,South,7,497.95,0.0
10404,2025-01-28,1009,2014,South,1,576.65,0.0
10697,2025-01-28,1026,2029,South,1,271.32,0.0
10946,2025-01-28,1079,2014,East,5,1125.64,0.0
11674,2025-01-28,1070,2018,North,1,170.88,0.0
12070,2025-01-28,1021,2015,South,8,1012.85,0.1
12295,2025-01-28,1024,2031,East,8,32.69,0.05
12587,2025-01-28,1011,2041,North,5,14.04,0.0
10427,2025-01-29,1023,2012,South,2,471.9,0.15
11026,2025-01-29,1056,2018,West,7,102.11,0.05
11190,2025-01-29,1033,2014,South,4,843.93,0.1
11590,2025-01-29,1041,2020,North,1,306.8,0.0
11978,2025-01-29,1063,2025,West,4,826.01,0.0
12487,2025-01-29,1095,2023,South,4,269.21,0.0
12523,2025-01-29,1090,2006,East,1,106.21,0.0
10134,2025-01-30,1029,2020,East,9,346.16,0.0
10304,2025-01-30,1086,2002,East,2,1504.42,0.0
10932,2025-01-30,1045,2039,West,5,24.08,0.1
12613,2025-01-30,1006,2029,East,7,588.9,0.0
12657,2025-01-30,1074,2025,North,3,841.06,0.05
12678,2025-01-30,1035,2004,West,3,1948.0,0.1
10443,2025-01-31,1075,2020,West,9,184.07,0.0
10949,2025-01-31,1043,2016,West,3,88.77,0.15
11047,2025-01-31,1069,2012,East,4,793.8,0.0
11499,2025-01-31,1038,2035,South,3,10.56,0.0
11844,2025-01-31,1061,2032,East,8,17.29,0.0
11897,2025-01-31,1075,2012,South,8,1009.35,0.0
12300,2025-01-31,1044,2035,South,7,35.63,0.1
12674,2025-01-31,1080,2012,South,4,370.5,0.0
10149,2025-02-01,1082,2003,South,6,805.22,0.1
10260,2025-02-01,1083,2011,South,1,389.86,0.1
10267,2025-02-01,1068,2008,South,4,125.12,0.0
10469,2025-02-01,1046,2030,North,9,448.01,0.0
10598,2025-02-01,1092,2005,South,8,1286.98,0.0
10674,2025-02-01,1097,2040,West,5,9.47,0.0
10682,2025-02-01,1031,2025,East,3,978.44,0.05
10703,2025-02-01,1070,2040,West,2,5.5,0.05
10879,2025-02-01,1096,2037,South,2,18.29,0.0
11075,2025-02-01,1049,2025,North,5,787.41,0.0
11777,2025-02-01,1039,2004,South,4,1699.47,0.15
11837,2025-02-01,1062,2002,West,4,1039.29,0.1
12187,2025-02-01,1089,2012,West,5,725.38,0.0
12649,2025-02-01,1001,2015,South,2,645.72,0.15
10295,2025-02-02,1070,2027,North,4,125.56,0.0
10363,2025-02-02,1089,2002,South,4,850.56,0.0
10455,2025-02-02,1078,2017,South,8,360.84,0.15
10498,2025-02-02,1026,2019,East,4,434.79,0.1
10740,2025-02-02,1099,2020,South,5,117.72,0.1
10848,2025-02-02,1014,2043,South,7,8.59,0.0
10882,2025-02-02,1096,2037,East,4,14.14,0.1
10892,2025-02-02,1015,2014,North,2,1026.03,0.0
10925,2025-02-02,1048,2043,South,4,6.45,0.15
11455,2025-02-02,1060,2011,West,7,610.16,0.0
11575,2025-02-02,1070,2045,West,4,7.39,0.15
10497,2025-02-03,1021,2026,West,7,270.69,0.0
10506,2025-02-03,1013,2012,West,8,1196.06,0.1
10583,2025-02-03,1081,2021,East,1,719.16,0.0
10644,2025-02-03,1062,2037,South,7,17.11,0.0
11110,2025-02-03,1064,2023,South,2,949.05,0.0
11742,2025-02-03,1074,2024,South,1,468.13,0.0
11842,2025-02-03,1083,2035,North,5,14.07,0.05
11874,2025-02-03,1013,2017,East,4,480.45,0.1
10479,2025-02-04,1050,2014,North,8,913.07,0.0
11057,2025-02-04,1001,2002,East,7,1416.65,0.0
11527,2025-02-04,1099,2030,East,2,361.72,0.1
11695,2025-02-04,1017,2003,West,3,1096.12,0.1
11700,2025-02-04,1099,2016,South,5,351.33,0.1
11946,2025-02-04,1005,2045,West,9,2.02,0.0
12045,2025-02-04,1033,2001,West,4,1804.68,0.05
12051,2025-02-04,1040,2010,East,2,98.39,0.0
12473,2025-02-04,1037,2008,South,9,146.28,0.05
12633,2025-02-04,1011,2006,West,1,112.93,0.0
12778,2025-02-04,1021,2008,West,6,71.64,0.0
10121,2025-02-05,1034,2006,West,1,85.08,0.1
10423,2025-02-05,1043,2029,North,9,547.12,0.0
11642,2025-02-05,1075,2024,West,5,996.16,0.1
12681,2025-02-05,1065,2012,West,1,582.1,0.1
10150,2025-02-06,1070,2010,East,6,38.36,0.1
10230,2025-02-06,1084,2002,East,8,1708.78,0.15
10470,2025-02-06,1041,2027,South,4,556.01,0.15
11972,2025-02-06,1072,2014,North,7,1193.07,0.0
12525,2025-02-06,1064,2025,East,5,968.49,0.0
12743,2025-02-06,1078,2042,West,4,4.62,0.05
10597,2025-02-07,1036,2005,North,3,1693.29,0.0
10713,2025-02-07,1004,2020,East,6,232.12,0.1
11964,2025-02-07,1065,2040,West,5,13.15,0.05
12213,2025-02-07,1081,2021,East,8,866.99,0.0
12644,2025-02-07,1071,2038,South,6,21.56,0.05
10708,2025-02-08,1080,2015,East,4,429.5,0.0
11018,2025-02-08,1019,2012,North,3,306.7,0.05
11360,2025-02-08,1076,2002,South,4,1950.0,0.15
10420,2025-02-09,1040,2035,South,3,9.75,0.05
11270,2025-02-09,1029,2013,West,5,1092.59,0.0
11881,2025-02-09,1077,2010,South,2,50.78,0.0
12035,2025-02-09,1045,2044,North,6,4.22,0.0
12372,2025-02-09,1020,2007,North,6,115.07,0.1
10906,2025-02-10,1057,2001,East,4,1803.82,0.1
10942,2025-02-10,1028,2019,West,3,163.2,0.1
11312,2025-02-10,1030,2003,South,8,1747.92,0.0
11692,2025-02-10,1002,2016,East,8,388.27,0.1
12159,2025-02-10,1038,2004,East,8,864.62,0.0
12243,2025-02-10,1023,2015,West,4,400.13,0.15
11253,2025-02-11,1084,2007,North,8,36.48,0.1
11549,2025-02-11,1057,2029,East,7,477.16,0.0
12265,2025-02-11,1078,2027,East,2,330.3,0.05
12581,2025-02-11,1070,2039,South,2,16.59,0.1
12668,2025-02-11,1008,2022,North,3,1091.09,0.0
12714,2025-02-11,1016,2015,East,3,411.9,0.1
11011,2025-02-12,1099,2001,South,9,1164.45,0.15
11263,2025-02-12,1032,2018,West,5,192.52,0.0
11449,2025-02-12,1001,2037,West,5,10.38,0.15
11492,2025-02-12,1045,2043,West,6,5.5,0.0
11801,2025-02-12,1086,2037,South,1,7.36,0.0
11956,2025-02-12,1022,2018,West,1,315.36,0.0
12204,2025-02-12,1004,2044,South,2,7.66,0.15
12276,2025-02-12,1043,2030,East,8,414.82,0.15
12374,2025-02-12,1078,2017,West,2,166.78,0.0
12401,2025-02-12,1027,2015,West,3,1060.1,0.0
12634,2025-02-12,1016,2026,South,1,260.78,0.05
12725,2025-02-12,1048,2005,South,4,1011.45,0.0
10111,2025-02-13,1071,2027,West,9,574.66,0.0
10507,2025-02-13,1043,2002,West,2,1828.99,0.05
10621,2025-02-13,1012,2029,West,9,104.8,0.1
10658,2025-02-13,1081,2044,South,4,4.99,0.1
10662,2025-02-13,1066,2005,East,2,1301.14,0.1
11304,2025-02-13,1074,2030,East,4,207.62,0.15
11425,2025-02-13,1025,2015,West,4,782.21,0.0
11942,2025-02-13,1005,2033,South,2,12.0,0.0
11945,2025-02-13,1025,2020,West,2,198.54,0.0
12441,2025-02-13,1080,2002,East,3,1180.33,0.0
10809,2025-02-14,1027,2002,West,9,1514.9,0.15
11363,2025-02-14,1073,2033,North,6,11.28,0.1
11413,2025-02-14,1081,2014,South,5,461.59,0.0
11739,2025-02-14,1069,2025,South,4,1116.84,0.0
11999,2025-02-14,1015,2015,West,8,1114.39,0.1
12027,2025-02-14,1005,2045,North,4,13.18,0.0
12044,2025-02-14,1075,2011,West,3,794.64,0.0
12235,2025-02-14,1070,2013,North,4,1118.34,0.0
12317,2025-02-14,1010,2012,West,2,380.45,0.05
12528,2025-02-14,1070,2039,West,8,14.08,0.0
10745,2025-02-15,1038,2016,East,5,86.92,0.0
11725,2025-02-15,1027,2014,North,5,1068.11,0.1
11792,2025-02-15,1081,2031,East,8,15.55,0.0
12127,2025-02-15,1026,2044,North,9,8.62,0.0
12398,2025-02-15,1096,2022,West,5,406.6,0.1
10335,2025-02-16,1095,2025,South,9,412.23,0.0
10767,2025-02-16,1082,2001,South,8,1807.55,0.05
10836,2025-02-16,1010,2007,South,9,35.75,0.1
11386,2025-02-16,1090,2039,South,1,10.64,0.0
11464,2025-02-16,1058,2002,West,3,1021.9,0.0
11607,2025-02-16,1044,2013,West,7,1192.7,0.0
12229,2025-02-16,1033,2021,North,8,236.37,0.15
12351,2025-02-16,1071,2018,East,4,274.29,0.0
12792,2025-02-16,1031,2024,East,7,437.32,0.0
10476,2025-02-17,1046,2006,North,5,51.33,0.0
11182,2025-02-17,1081,2001,North,5,1645.17,0.1
11273,2025-02-17,1027,2008,North,7,96.34,0.05
12202,2025-02-17,1060,2038,South,6,6.63,0.0
12638,2025-02-17,1077,2020,West,8,480.86,0.15
12731,2025-02-17,1062,2024,South,8,1110.39,0.0
11371,2025-02-18,1078,2025,South,3,760.92,0.05
11920,2025-02-18,1096,2024,West,6,978.17,0.1
12451,2025-02-18,1092,2008,South,7,66.13,0.05
10368,2025-02-19,1004,2001,North,3,978.4,0.1
11019,2025-02-19,1074,2019,West,9,443.03,0.15
12015,2025-02-19,1081,2008,West,9,96.52,0.0
12217,2025-02-19,1098,2022,West,6,1031.03,0.1
12537,2025-02-19,1023,2013,East,9,870.31,0.15
10871,2025-02-20,1002,2020,South,6,112.76,0.05
10902,2025-02-20,1027,2023,East,7,491.31,0.0
10945,2025-02-20,1011,2039,East,6,16.62,0.0
11280,2025-02-20,1091,2038,East,9,24.26,0.0
11435,2025-02-20,1054,2011,South,2,376.37,0.0
11689,2025-02-20,1011,2011,South,8,861.66,0.0
12547,2025-02-20,1026,2023,East,3,526.35,0.0
10537,2025-02-21,1038,2018,East,8,454.75,0.1
10842,2025-02-21,1003,2003,East,8,1743.73,0.0
11495,2025-02-21,1072,2020,East,9,489.13,0.05
11505,2025-02-21,1021,2044,West,6,4.35,0.0
12156,2025-02-21,1048,2025,North,3,857.17,0.0
10603,2025-02-22,1010,2018,West,7,133.17,0.0
10732,2025-02-22,1038,2004,North,3,1064.45,0.05
11599,2025-02-22,1097,2011,East,7,330.24,0.0
11605,2025-02-22,1084,2015,South,5,1151.14,0.05
11650,2025-02-22,1023,2033,East,4,34.88,0.0
12591,2025-02-22,1019,2002,North,2,862.64,0.15
10120,2025-02-23,1095,2011,South,9,412.12,0.05
10276,2025-02-23,1060,2006,South,3,70.65,0.0
10328,2025-02-23,1067,2001,West,6,1312.88,0.05
10468,2025-02-23,1077,2026,North,4,272.28,0.0
12205,2025-02-23,1071,2011,West,5,441.27,0.1
12549,2025-02-23,1034,2033,East,7,34.6,0.0
10566,2025-02-24,1032,2018,North,8,342.55,0.05
10770,2025-02-24,1018,2004,North,1,810.43,0.0
11431,2025-02-24,1066,2013,South,4,1095.95,0.0
11992,2025-02-24,1036,2027,West,1,444.3,0.05
12584,2025-02-24,1098,2014,West,7,371.13,0.15
12729,2025-02-24,1010,2044,East,2,9.04,0.0
10331,2025-02-25,1001,2015,North,8,714.24,0.1
10659,2025-02-25,1039,2027,North,9,221.55,0.15
12103,2025-02-25,1096,2024,North,5,630.45,0.0
12652,2025-02-25,1067,2012,West,6,837.18,0.0
10551,2025-02-26,1015,2003,West,5,974.78,0.0
10579,2025-02-26,1009,2021,East,9,803.63,0.1
11373,2025-02-26,1016,2007,West,7,132.61,0.0
11405,2025-02-26,1036,2035,South,8,25.42,0.15
11885,2025-02-26,1061,2030,West,8,575.23,0.1
11969,2025-02-26,1034,2024,North,2,1092.57,0.15
12133,2025-02-26,1008,2005,West,9,962.83,0.15
12224,2025-02-26,1021,2043,West,4,13.82,0.0
12268,2025-02-26,1049,2036,East,4,15.25,0.0
12397,2025-02-26,1004,2001,South,8,1479.95,0.0
12409,2025-02-26,1059,2018,South,4,278.46,0.1
12771,2025-02-26,1045,2019,West,9,359.26,0.0
10383,2025-02-27,1036,2002,West,4,1632.97,0.0
11217,2025-02-27,1074,2029,North,6,320.95,0.1
11317,2025-02-27,1026,2020,East,4,287.08,0.15
11350,2025-02-27,1016,2040,South,5,24.37,0.05
11763,2025-02-27,1051,2011,East,9,523.11,0.15
12357,2025-02-27,1050,2025,West,7,896.2,0.0
12438,2025-02-27,1037,2001,North,2,1961.99,0.05
12710,2025-02-27,1097,2015,East,6,756.61,0.15
12733,2025-02-27,1040,2013,West,2,603.09,0.0
10719,2025-02-28,1046,2044,South,6,4.24,0.1
10930,2025-02-28,1019,2013,South,6,685.1,0.0
11040,2025-02-28,1067,2028,West,2,409.61,0.1
11140,2025-02-28,1074,2012,East,1,747.7,0.15
11469,2025-02-28,1079,2026,North,4,349.33,0.0
11723,2025-02-28,1089,2013,West,8,854.7,0.05
11728,2025-02-28,1074,2009,South,6,15.77,0.05
11886,2025-02-28,1092,2026,East,7,450.83,0.05
11923,2025-02-28,1010,2040,North,8,18.07,0.1
12325,2025-02-28,1041,2043,West,4,13.15,0.0
10315,2025-03-01,1045,2013,West,1,1006.25,0.0
11007,2025-03-01,1002,2003,East,9,1230.01,0.0
11415,2025-03-01,1019,2025,South,7,666.28,0.0
11644,2025-03-01,1074,2027,West,2,277.23,0.0
12239,2025-03-01,1049,2033,West,7,36.41,0.05
12267,2025-03-01,1099,2005,North,5,1402.97,0.1
12655,2025-03-01,1014,2014,North,7,405.64,0.0
10279,2025-03-02,1032,2025,East,5,659.63,0.0
10440,2025-03-02,1012,2001,West,5,1339.9,0.05
10545,2025-03-02,1084,2032,South,1,13.97,0.1
10684,2025-03-02,1091,2010,West,4,55.39,0.0
10699,2025-03-02,1038,2030,East,6,120.51,0.05
11301,2025-03-02,1036,2027,North,5,460.34,0.0
11334,2025-03-02,1089,2024,South,2,1083.96,0.0
11602,2025-03-02,1084,2002,East,2,855.88,0.05
11611,2025-03-02,1092,2023,South,3,247.31,0.0
11794,2025-03-02,1042,2019,East,2,224.7,0.0
10229,2025-03-03,1001,2025,West,9,683.79,0.05
10366,2025-03-03,1087,2034,East,3,8.81,0.0
10499,2025-03-03,1100,2012,South,2,1115.22,0.0
10651,2025-03-03,1026,2032,North,2,15.39,0.1
11577,2025-03-03,1009,2029,South,5,523.37,0.0
11673,2025-03-03,1006,2033,East,1,29.33,0.0
11839,2025-03-03,1032,2003,East,1,1471.65,0.0
12238,2025-03-03,1070,2001,West,6,1585.19,0.0
12275,2025-03-03,1066,2006,West,4,140.25,0.15
12440,2025-03-03,1065,2011,East,3,495.56,0.15
12582,2025-03-03,1076,2023,South,9,1116.04,0.1
12604,2025-03-03,1093,2024,West,5,347.23,0.0
10178,2025-03-04,1039,2019,North,4,297.65,0.05
10196,2025-03-04,1035,2001,South,6,1742.76,0.0
10374,2025-03-04,1025,2002,North,4,1875.35,0.0
10411,2025-03-04,1043,2003,North,9,1734.12,0.0
10483,2025-03-04,1098,2023,West,4,200.15,0.0
10908,2025-03-04,1038,2003,South,8,1777.85,0.1
11291,2025-03-04,1013,2023,East,6,1008.85,0.1
11293,2025-03-04,1026,2024,West,1,916.97,0.0
11743,2025-03-04,1016,2030,East,9,391.53,0.05
12237,2025-03-04,1080,2001,East,5,1851.7,0.15
11911,2025-03-05,1035,2011,East,6,335.18,0.15
11921,2025-03-05,1021,2009,West,6,96.83,0.15
12069,2025-03-05,1046,2002,North,5,1093.64,0.0
12119,2025-03-05,1014,2005,North,9,1093.56,0.0
12121,2025-03-05,1078,2020,North,7,257.65,0.15
12519,2025-03-05,1024,2009,South,3,35.73,0.0
10252,2025-03-06,1062,2012,West,6,354.07,0.05
10634,2025-03-06,1054,2025,East,6,822.1,0.0
10694,2025-03-06,1042,2014,West,1,458.84,0.1
10814,2025-03-06,1050,2032,South,5,39.59,0.0
11494,2025-03-06,1012,2005,West,6,1113.93,0.0
10403,2025-03-07,1039,2003,East,1,1428.45,0.0
11372,2025-03-07,1051,2042,West,3,9.37,0.05
11448,2025-03-07,1027,2042,North,6,13.17,0.0
11544,2025-03-07,1016,2023,West,3,402.53,0.0
12533,2025-03-07,1068,2008,East,8,67.21,0.0
10346,2025-03-08,1005,2012,West,8,484.98,0.0
11529,2025-03-08,1036,2013,East,7,917.89,0.0
11750,2025-03-08,1087,2005,South,8,1321.78,0.1
11888,2025-03-08,1099,2001,South,4,1578.02,0.05
12550,2025-03-08,1025,2029,South,2,481.47,0.0
12596,2025-03-08,1098,2022,North,2,413.35,0.1
11335,2025-03-09,1067,2025,North,9,953.88,0.1
11601,2025-03-09,1090,2015,South,2,528.73,0.1
11649,2025-03-09,1013,2023,West,9,209.53,0.1
11877,2025-03-09,1001,2014,East,1,683.75,0.1
12142,2025-03-09,1010,2001,North,3,1909.05,0.0
12592,2025-03-09,1051,2014,East,1,693.43,0.0
10338,2025-03-10,1009,2011,North,1,876.17,0.1
10362,2025-03-10,1092,2024,West,8,1067.52,0.1
10716,2025-03-10,1007,2002,East,8,1004.07,0.0
10808,2025-03-10,1061,2035,South,9,33.17,0.0
11194,2025-03-10,1057,2004,North,9,1308.17,0.15
11458,2025-03-10,1012,2043,West,5,6.37,0.15
11466,2025-03-10,1041,2045,North,3,10.06,0.15
12092,2025-03-10,1045,2045,North,1,5.75,0.0
12435,2025-03-10,1068,2012,East,1,457.74,0.0
10751,2025-03-11,1017,2022,East,1,684.38,0.1
10847,2025-03-11,1099,2002,South,6,1692.42,0.0
10936,2025-03-11,1059,2042,South,2,5.43,0.0
10962,2025-03-11,1064,2038,West,3,19.01,0.0
11118,2025-03-11,1058,2004,South,3,1105.59,0.0
11145,2025-03-11,1071,2004,West,9,1538.06,0.1
11344,2025-03-11,1027,2039,West,6,3.07,0.0
11620,2025-03-11,1018,2030,North,6,211.96,0.1
11821,2025-03-11,1034,2015,East,8,741.92,0.15
11847,2025-03-11,1047,2037,South,4,19.53,0.05
10852,2025-03-12,1084,2038,West,3,3.04,0.0
11099,2025-03-12,1044,2012,South,9,480.23,0.0
11120,2025-03-12,1036,2003,East,2,831.4,0.0
11379,2025-03-12,1059,2007,East,3,62.55,0.1
11699,2025-03-12,1057,2013,West,4,1159.63,0.15
11810,2025-03-12,1021,2023,East,9,536.26,0.0
11935,2025-03-12,1023,2016,South,2,207.61,0.0
12104,2025-03-12,1067,2006,North,4,94.93,0.0
12364,2025-03-12,1048,2008,West,1,101.86,0.05
11066,2025-03-13,1068,2020,East,2,297.8,0.0
11543,2025-03-13,1071,2019,East,7,305.26,0.05
11697,2025-03-13,1080,2019,South,3,408.3,0.0
11755,2025-03-13,1043,2034,North,7,6.48,0.0
12220,2025-03-13,1012,2004,East,8,1061.85,0.0
12796,2025-03-13,1023,2009,South,9,97.28,0.1
10668,2025-03-14,1058,2004,East,8,1546.15,0.0
11166,2025-03-14,1001,2009,West,3,28.07,0.05
11377,2025-03-14,1061,2005,North,8,1324.06,0.05
11665,2025-03-14,1064,2029,East,7,594.69,0.0
11866,2025-03-14,1050,2020,North,9,478.76,0.1
11899,2025-03-14,1013,2029,North,9,357.37,0.15
12013,2025-03-14,1050,2006,East,9,144.49,0.0
12722,2025-03-14,1085,2006,West,3,111.97,0.0
10608,2025-03-15,1022,2042,South,1,3.02,0.15
10803,2025-03-15,1003,2031,South,1,35.77,0.0
10976,2025-03-15,1075,2008,North,7,80.36,0.1
11966,2025-03-15,1025,2043,West,9,13.87,0.0
12493,2025-03-15,1023,2032,South,3,35.85,0.05
12715,2025-03-15,1029,2028,East,1,545.45,0.0
12763,2025-03-15,1001,2006,East,9,126.02,0.05
10379,2025-03-16,1050,2027,West,4,460.94,0.0
10624,2025-03-16,1018,2022,South,2,996.52,0.0
11016,2025-03-16,1068,2017,East,7,492.23,0.05
12173,2025-03-16,1048,2015,West,4,460.11,0.15
12448,2025-03-16,1049,2045,East,1,3.78,0.0
10612,2025-03-17,1022,2020,South,4,143.17,0.05
10685,2025-03-17,1050,2008,South,1,49.08,0.05
11261,2025-03-17,1054,2021,West,8,773.67,0.05
11331,2025-03-17,1063,2015,South,2,1077.96,0.05
11483,2025-03-17,1082,2007,South,6,43.56,0.0
12573,2025-03-17,1041,2012,North,7,807.24,0.0
10718,2025-03-18,1008,2001,West,8,1075.46,0.0
10869,2025-03-18,1082,2029,South,8,507.98,0.05
11255,2025-03-18,1028,2013,East,8,623.92,0.0
11365,2025-03-18,1044,2021,South,4,1022.26,0.0
11632,2025-03-18,1047,2043,South,2,6.01,0.1
12024,2025-03-18,1059,2003,West,9,1821.48,0.1
12037,2025-03-18,1026,2027,South,9,270.07,0.1
12050,2025-03-18,1048,2019,South,1,448.01,0.05
12422,2025-03-18,1088,2001,South,4,1408.52,0.0
12426,2025-03-18,1095,2018,West,1,156.01,0.0
10330,2025-03-19,1083,2002,South,2,1489.84,0.05
10428,2025-03-19,1058,2024,North,7,585.34,0.05
10504,2025-03-19,1041,2013,North,6,710.49,0.1
10520,2025-03-19,1066,2022,North,2,1074.85,0.0
10593,2025-03-19,1014,2031,West,4,7.49,0.0
10886,2025-03-19,1036,2008,East,5,60.88,0.0
11461,2025-03-19,1049,2014,West,7,1105.95,0.15
12090,2025-03-19,1052,2002,South,5,1674.23,0.0
12183,2025-03-19,1021,2012,East,7,963.73,0.0
10320,2025-03-20,1087,2011,North,5,754.4,0.1
11530,2025-03-20,1069,2012,West,3,965.04,0.0
12000,2025-03-20,1007,2037,North,5,21.08,0.1
12375,2025-03-20,1066,2024,West,1,1021.93,0.0
12625,2025-03-20,1084,2015,West,3,918.44,0.0
10131,2025-03-21,1002,2005,South,8,1173.09,0.1
10539,2025-03-21,1047,2014,East,1,747.85,0.05
10865,2025-03-21,1004,2023,North,4,847.64,0.1
10916,2025-03-21,1088,2039,East,1,4.1,0.1
11732,2025-03-21,1020,2013,East,6,679.76,0.0
10305,2025-03-22,1085,2045,South,7,5.87,0.0
10707,2025-03-22,1085,2015,West,7,1181.77,0.0
10937,2025-03-22,1098,2030,South,7,572.15,0.1
11078,2025-03-22,1098,2039,West,5,11.08,0.1
11158,2025-03-22,1069,2037,South,8,12.66,0.0
11230,2025-03-22,1058,2009,South,1,106.79,0.15
11337,2025-03-22,1073,2019,West,2,249.33,0.0
11397,2025-03-22,1094,2018,North,8,365.07,0.05
11789,2025-03-22,1098,2005,West,4,1624.24,0.0
10112,2025-03-23,1001,2026,South,2,566.3,0.05
10137,2025-03-23,1087,2015,West,2,672.89,0.0
10686,2025-03-23,1048,2003,West,1,1393.55,0.0
10701,2025-03-23,1069,2041,North,3,9.11,0.1
10723,2025-03-23,1051,2008,West,6,90.83,0.15
10778,2025-03-23,1041,2013,South,9,736.49,0.0
10813,2025-03-23,1037,2006,West,6,42.85,0.0
11818,2025-03-23,1085,2007,West,9,125.32,0.0
12164,2025-03-23,1062,2002,North,2,1321.01,0.0
10675,2025-03-24,1042,2024,South,1,877.22,0.0
10970,2025-03-24,1055,2041,East,3,2.02,0.05
11330,2025-03-24,1074,2006,West,4,27.64,0.1
11490,2025-03-24,1053,2014,West,6,1172.27,0.0
11636,2025-03-24,1026,2041,East,7,7.2,0.05
11798,2025-03-24,1029,2044,North,8,9.27,0.0
11995,2025-03-24,1030,2004,West,1,900.64,0.0
12043,2025-03-24,1054,2012,West,5,430.45,0.0
12664,2025-03-24,1076,2008,North,4,136.59,0.1
12723,2025-03-24,1048,2007,East,4,95.94,0.0
10399,2025-03-25,1047,2042,North,2,11.45,0.1
10536,2025-03-25,1027,2008,East,2,58.56,0.05
11214,2025-03-25,1042,2030,North,5,464.45,0.0
11227,2025-03-25,1094,2021,South,4,952.35,0.1
11283,2025-03-25,1057,2003,East,1,1021.11,0.0
11383,2025-03-25,1092,2013,North,8,879.47,0.1
11869,2025-03-25,1076,2035,East,5,15.3,0.0
11931,2025-03-25,1003,2005,South,9,1946.72,0.1
12064,2025-03-25,1038,2010,West,8,16.85,0.05
12273,2025-03-25,1091,2005,South,8,1061.23,0.0
10160,2025-03-26,1089,2037,North,8,24.64,0.0
10213,2025-03-26,1075,2017,North,6,309.76,0.0
11072,2025-03-26,1019,2005,North,8,857.69,0.0
11093,2025-03-26,1017,2017,North,6,144.38,0.15
11526,2025-03-26,1004,2012,West,2,455.96,0.0
11638,2025-03-26,1088,2012,West,5,621.89,0.05
11889,2025-03-26,1013,2002,East,3,1212.39,0.0
11903,2025-03-26,1025,2031,West,2,13.85,0.0
11951,2025-03-26,1076,2007,South,4,143.14,0.05
12701,2025-03-26,1015,2023,South,5,1139.58,0.15
11141,2025-03-27,1039,2008,West,7,31.92,0.0
12553,2025-03-27,1087,2001,North,3,1062.7,0.1
10291,2025-03-28,1002,2014,North,9,875.96,0.0
10452,2025-03-28,1005,2039,East,6,5.3,0.0
10614,2025-03-28,1015,2005,South,5,1278.95,0.0
10655,2025-03-28,1031,2022,East,6,928.74,0.0
11031,2025-03-28,1030,2013,East,5,747.38,0.0
11616,2025-03-28,1018,2020,South,1,371.7,0.0
11890,2025-03-28,1003,2044,West,2,4.42,0.0
10122,2025-03-29,1068,2022,North,7,481.3,0.1
10342,2025-03-29,1014,2006,West,4,120.47,0.0
11395,2025-03-29,1024,2019,East,1,349.37,0.05
11668,2025-03-29,1032,2002,South,8,1637.22,0.0
11852,2025-03-29,1033,2011,West,6,846.98,0.05
12201,2025-03-29,1025,2029,North,5,427.74,0.05
10761,2025-03-30,1023,2025,North,9,845.88,0.1
10927,2025-03-30,1053,2024,East,6,295.64,0.0
11463,2025-03-30,1080,2023,South,8,322.14,0.0
11727,2025-03-30,1066,2045,North,6,3.06,0.0
12717,2025-03-30,1062,2039,North,5,24.26,0.0
10633,2025-03-31,1075,2004,East,3,1146.42,0.05
11219,2025-03-31,1096,2005,North,9,1778.67,0.1
11545,2025-03-31,1100,2020,West,6,88.77,0.1
11876,2025-03-31,1067,2015,North,9,891.01,0.05
12084,2025-03-31,1072,2006,North,3,82.21,0.15
12735,2025-03-31,1070,2007,South,2,32.86,0.15
10280,2025-04-01,1070,2014,East,4,782.2,0.0
10442,2025-04-01,1017,2041,West,8,6.32,0.0
10654,2025-04-01,1085,2028,North,2,321.88,0.0
10717,2025-04-01,1027,2005,North,9,1925.85,0.0
11548,2025-04-01,1017,2007,West,3,148.76,0.0
12034,2025-04-01,1029,2015,North,6,451.22,0.05
12430,2025-04-01,1014,2017,South,6,302.14,0.0
12463,2025-04-01,1092,2015,North,4,758.89,0.0
12693,2025-04-01,1063,2041,South,9,4.19,0.0
10344,2025-04-02,1050,2008,North,8,61.92,0.0
10788,2025-04-02,1070,2027,East,8,583.83,0.0
11085,2025-04-02,1034,2005,East,4,1391.62,0.05
11173,2025-04-02,1008,2032,North,1,10.97,0.1
11242,2025-04-02,1057,2021,East,1,1154.02,0.0
11747,2025-04-02,1075,2010,South,2,91.48,0.0
11861,2025-04-02,1095,2023,South,2,789.71,0.0
12047,2025-04-02,1061,2006,East,8,46.1,0.0
12252,2025-04-02,1096,2011,East,4,1121.48,0.1
12439,2025-04-02,1032,2012,North,6,970.45,0.0
10205,2025-04-03,1034,2002,West,4,1792.83,0.0
10437,2025-04-03,1090,2028,South,2,205.59,0.0
12653,2025-04-03,1044,2017,South,5,159.22,0.15
12702,2025-04-03,1072,2011,South,1,644.58,0.05
10890,2025-04-04,1085,2012,East,6,888.92,0.15
11070,2025-04-04,1059,2004,West,7,1565.78,0.0
11265,2025-04-04,1005,2011,North,2,830.0,0.05
12294,2025-04-04,1043,2009,South,6,29.36,0.1
12455,2025-04-04,1074,2015,West,9,758.61,0.1
10568,2025-04-05,1040,2031,South,4,9.04,0.0
11409,2025-04-05,1085,2009,West,2,99.88,0.0
11726,2025-04-05,1039,2024,North,7,308.79,0.0
11779,2025-04-05,1075,2021,North,5,211.69,0.05
12274,2025-04-05,1066,2011,South,3,890.32,0.0
12499,2025-04-05,1092,2018,South,2,329.76,0.0
12688,2025-04-05,1037,2024,South,7,557.34,0.0
10314,2025-04-06,1091,2015,North,4,400.1,0.0
10880,2025-04-06,1035,2005,South,8,1403.53,0.15
10911,2025-04-06,1008,2025,South,7,1013.63,0.1
11121,2025-04-06,1081,2005,South,7,1639.15,0.05
11315,2025-04-06,1072,2009,East,2,69.4,0.0
12459,2025-04-06,1070,2009,West,6,16.77,0.1
10114,2025-04-07,1010,2002,North,9,1963.99,0.15
10142,2025-04-07,1054,2007,North,8,122.7,0.15
11049,2025-04-07,1061,2001,East,1,1935.49,0.0
11080,2025-04-07,1079,2020,East,6,189.1,0.1
11201,2025-04-07,1031,2023,East,2,660.43,0.0
11224,2025-04-07,1086,2009,West,2,90.89,0.0
12076,2025-04-07,1094,2005,East,2,1387.22,0.05
12284,2025-04-07,1056,2008,South,6,145.46,0.1
12336,2025-04-07,1030,2017,West,2,109.53,0.05
12421,2025-04-07,1014,2030,West,4,594.0,0.05
12569,2025-04-07,1027,2036,North,4,24.67,0.1
12699,2025-04-07,1072,2014,North,5,381.14,0.0
10227,2025-04-08,1064,2031,South,5,27.15,0.15
10397,2025-04-08,1035,2037,West,6,13.53,0.0
11299,2025-04-08,1023,2014,North,1,958.5,0.1
11702,2025-04-08,1080,2027,South,6,274.91,0.0
12058,2025-04-08,1048,2015,East,8,406.5,0.1
12369,2025-04-08,1095,2018,North,7,301.72,0.1
12383,2025-04-08,1052,2019,West,9,242.48,0.1
12386,2025-04-08,1054,2039,North,4,13.0,0.05
12558,2025-04-08,1035,2012,North,8,437.1,0.1
12654,2025-04-08,1012,2030,East,8,179.6,0.0
10233,2025-04-09,1098,2011,West,2,789.34,0.15
10248,2025-04-09,1007,2001,East,3,924.92,0.1
10288,2025-04-09,1085,2013,East,5,738.71,0.0
12262,2025-04-09,1002,2018,East,7,417.97,0.1
12643,2025-04-09,1054,2020,South,8,437.25,0.05
10496,2025-04-10,1059,2004,South,2,1766.26,0.0
10516,2025-04-10,1052,2038,North,9,18.83,0.1
11074,2025-04-10,1013,2045,West,4,8.09,0.1
11459,2025-04-10,1089,2041,West,9,4.32,0.05
12023,2025-04-10,1098,2036,North,8,5.52,0.1
10376,2025-04-11,1059,2013,East,9,589.13,0.05
10378,2025-04-11,1011,2002,East,4,1935.37,0.0
10650,2025-04-11,1035,2036,North,4,21.65,0.0
11048,2025-04-11,1087,2027,North,6,143.35,0.0
11274,2025-04-11,1067,2036,East,6,6.28,0.15
11894,2025-04-11,1089,2007,North,4,23.02,0.1
12786,2025-04-11,1061,2011,West,7,419.1,0.0
10375,2025-04-12,1100,2024,East,3,1039.51,0.0
10618,2025-04-12,1034,2023,North,2,463.54,0.05
11012,2025-04-12,1077,2010,South,2,92.57,0.15
11131,2025-04-12,1056,2003,South,5,1984.31,0.0
11179,2025-04-12,1079,2019,East,8,295.29,0.15
11824,2025-04-12,1079,2038,East,3,13.81,0.0
12516,2025-04-12,1097,2015,North,2,691.9,0.15
12703,2025-04-12,1041,2005,South,8,1368.79,0.0
10345,2025-04-13,1053,2037,East,5,10.32,0.05
10524,2025-04-13,1099,2038,West,9,22.14,0.0
11294,2025-04-13,1051,2003,South,5,863.84,0.1
11688,2025-04-13,1091,2023,East,3,837.55,0.15
11770,2025-04-13,1030,2022,North,1,698.39,0.15
12761,2025-04-13,1063,2014,North,7,1151.5,0.0
10358,2025-04-14,1027,2036,East,6,3.96,0.1
10460,2025-04-14,1021,2005,West,8,999.13,0.05
10897,2025-04-14,1100,2014,North,7,491.63,0.1
11802,2025-04-14,1068,2028,West,1,336.68,0.1
11816,2025-04-14,1056,2029,East,5,502.57,0.1
11817,2025-04-14,1042,2012,West,4,885.47,0.1
12410,2025-04-14,1077,2014,West,5,466.55,0.15
12453,2025-04-14,1042,2036,South,6,8.02,0.15
10444,2025-04-15,1048,2015,South,6,686.41,0.1
10585,2025-04-15,1078,2045,North,5,5.32,0.0
10947,2025-04-15,1084,2037,East,6,20.6,0.0
11589,2025-04-15,1053,2016,North,9,496.64,0.1
11596,2025-04-15,1078,2034,West,9,7.99,0.0
11658,2025-04-15,1098,2017,North,2,403.65,0.0
11809,2025-04-15,1079,2022,West,2,438.21,0.0
12228,2025-04-15,1046,2005,South,9,1599.33,0.15
12555,2025-04-15,1066,2036,East,6,14.99,0.0
12727,2025-04-15,1030,2037,North,7,13.76,0.05
11268,2025-04-16,1006,2029,North,6,349.08,0.0
11944,2025-04-16,1031,2013,North,9,659.44,0.1
10188,2025-04-17,1051,2029,West,4,135.0,0.1
10347,2025-04-17,1036,2019,West,8,81.21,0.0
10471,2025-04-17,1066,2015,West,5,1192.61,0.0
10532,2025-04-17,1064,2013,West,4,868.5,0.05
10554,2025-04-17,1091,2040,North,1,4.94,0.0
11162,2025-04-17,1009,2014,East,3,427.1,0.1
10235,2025-04-18,1035,2034,East,7,15.33,0.1
10576,2025-04-18,1018,2018,East,4,471.41,0.0
10692,2025-04-18,1090,2022,North,3,252.65,0.1
10766,2025-04-18,1036,2022,East,2,1051.85,0.0
10801,2025-04-18,1070,2004,West,2,1484.65,0.0
10985,2025-04-18,1058,2024,East,9,722.0,0.0
11670,2025-04-18,1068,2017,North,7,221.67,0.1
11797,2025-04-18,1062,2016,West,3,464.03,0.1
11960,2025-04-18,1068,2007,South,4,24.69,0.05
10720,2025-04-19,1084,2001,South,8,1572.31,0.1
11153,2025-04-19,1061,2034,North,2,30.78,0.0
11646,2025-04-19,1025,2041,West,5,6.89,0.0
10926,2025-04-20,1050,2012,South,7,588.44,0.05
10938,2025-04-20,1030,2044,West,1,12.63,0.1
11186,2025-04-20,1006,2001,North,2,1542.15,0.05
11384,2025-04-20,1072,2002,West,7,1102.64,0.0
12488,2025-04-20,1048,2010,East,8,142.32,0.0
10711,2025-04-21,1041,2012,South,9,498.16,0.0
10785,2025-04-21,1045,2042,East,5,2.57,0.15
10917,2025-04-21,1076,2011,East,4,648.73,0.05
11366,2025-04-21,1041,2010,North,5,141.43,0.1
11731,2025-04-21,1073,2037,South,5,14.3,0.15
10123,2025-04-22,1059,2013,West,1,923.23,0.15
10173,2025-04-22,1062,2017,East,3,382.2,0.0
10244,2025-04-22,1021,2024,South,9,729.25,0.1
10432,2025-04-22,1027,2034,West,9,5.72,0.0
12072,2025-04-22,1094,2045,South,7,7.53,0.0
12124,2025-04-22,1006,2032,North,1,29.01,0.05
12194,2025-04-22,1074,2028,North,1,224.36,0.15
12719,2025-04-22,1087,2007,West,1,100.42,0.1
10971,2025-04-23,1002,2017,North,5,265.83,0.15
11481,2025-04-23,1009,2005,North,3,911.66,0.0
11803,2025-04-23,1036,2006,North,7,50.62,0.0
11815,2025-04-23,1094,2044,East,2,10.21,0.1
11826,2025-04-23,1038,2008,North,4,132.11,0.1
11892,2025-04-23,1072,2003,East,7,917.05,0.0
12179,2025-04-23,1013,2040,South,7,7.32,0.05
12556,2025-04-23,1019,2024,North,9,1141.72,0.05
10829,2025-04-24,1078,2030,West,2,230.77,0.0
10833,2025-04-24,1010,2002,North,1,1777.58,0.05
11038,2025-04-24,1035,2013,West,1,1078.64,0.15
11865,2025-04-24,1054,2020,South,4,286.07,0.05
12150,2025-04-24,1006,2017,East,1,162.2,0.05
12501,2025-04-24,1002,2030,North,9,222.13,0.05
12759,2025-04-24,1066,2040,West,5,17.57,0.1
10272,2025-04-25,1027,2023,South,3,464.81,0.0
11001,2025-04-25,1096,2026,West,1,535.62,0.0
11835,2025-04-25,1049,2032,North,3,32.69,0.15
12025,2025-04-25,1080,2011,East,6,1085.4,0.05
12259,2025-04-25,1076,2044,East,5,9.1,0.0
11326,2025-04-26,1001,2011,North,8,1108.74,0.0
12106,2025-04-26,1059,2017,East,3,483.29,0.0
12132,2025-04-26,1024,2023,North,3,771.06,0.1
10796,2025-04-27,1083,2019,North,7,174.49,0.0
10955,2025-04-27,1093,2033,West,7,27.09,0.1
11741,2025-04-27,1044,2026,East,8,352.17,0.05
11854,2025-04-27,1063,2008,South,5,79.4,0.05
11910,2025-04-27,1007,2008,South,7,147.46,0.15
12358,2025-04-27,1008,2001,South,9,1464.11,0.0
12524,2025-04-27,1034,2020,South,9,241.97,0.05
12527,2025-04-27,1003,2031,North,3,34.54,0.0
12567,2025-04-27,1041,2034,South,8,18.6,0.05
10116,2025-04-28,1097,2007,East,4,18.4,0.0
10263,2025-04-28,1030,2013,East,6,874.77,0.05
10784,2025-04-28,1024,2027,South,2,237.53,0.0
11128,2025-04-28,1042,2007,East,8,78.07,0.0
12046,2025-04-28,1022,2027,East,2,594.64,0.1
12272,2025-04-28,1096,2043,West,6,12.54,0.15
12663,2025-04-28,1057,2019,East,4,499.48,0.15
11069,2025-04-29,1062,2016,West,1,363.11,0.05
11400,2025-04-29,1005,2042,North,5,6.33,0.15
11631,2025-04-29,1093,2022,South,6,512.06,0.1
11850,2025-04-29,1089,2014,South,4,686.49,0.15
11871,2025-04-29,1050,2045,East,3,7.78,0.05
11902,2025-04-29,1026,2007,West,8,91.73,0.1
12131,2025-04-29,1044,2042,West,9,14.73,0.0
12258,2025-04-29,1017,2027,West,3,408.95,0.0
12706,2025-04-29,1001,2018,East,2,366.71,0.0
11171,2025-04-30,1056,2018,South,9,134.02,0.0
11246,2025-04-30,1045,2008,West,7,27.51,0.1
11511,2025-04-30,1056,2004,West,5,923.86,0.1
11582,2025-04-30,1050,2001,East,4,1641.28,0.0
11772,2025-04-30,1009,2020,West,3,134.53,0.05
11823,2025-04-30,1050,2015,South,9,425.54,0.1
12311,2025-04-30,1097,2038,North,1,16.11,0.1
12532,2025-04-30,1058,2008,South,7,121.61,0.05
12798,2025-04-30,1054,2041,North,1,8.78,0.0
10176,2025-05-01,1016,2035,South,8,9.84,0.0
10819,2025-05-01,1044,2027,South,7,134.55,0.0
11032,2025-05-01,1018,2005,West,7,859.02,0.05
11288,2025-05-01,1046,2021,West,3,240.09,0.0
11519,2025-05-01,1089,2013,West,5,906.87,0.1
12018,2025-05-01,1049,2001,East,6,1650.92,0.0
12094,2025-05-01,1089,2007,South,8,75.83,0.0
12282,2025-05-01,1088,2015,South,4,661.92,0.0
12291,2025-05-01,1004,2033,East,9,35.3,0.0
10640,2025-05-02,1045,2022,South,3,385.37,0.0
11004,2025-05-02,1031,2009,South,2,113.61,0.1
11426,2025-05-02,1090,2012,West,7,650.42,0.0
11454,2025-05-02,1031,2036,West,5,20.09,0.05
11949,2025-05-02,1023,2043,East,1,4.05,0.05
12470,2025-05-02,1066,2020,North,5,203.45,0.15
12768,2025-05-02,1034,2006,North,3,100.36,0.0
10762,2025-05-03,1085,2027,East,1,190.52,0.0
11252,2025-05-03,1070,2014,North,4,1169.4,0.15
11286,2025-05-03,1092,2024,East,5,863.03,0.0
11351,2025-05-03,1049,2027,West,9,246.57,0.05
11800,2025-05-03,1019,2001,North,8,871.53,0.1
12361,2025-05-03,1080,2007,West,2,24.01,0.1
12640,2025-05-03,1070,2011,West,9,809.42,0.0
10556,2025-05-04,1038,2002,South,4,1458.02,0.0
10822,2025-05-04,1066,2006,North,7,110.01,0.1
10994,2025-05-04,1031,2012,North,3,1177.11,0.0
11240,2025-05-04,1051,2027,South,2,263.12,0.05
11918,2025-05-04,1093,2030,East,6,465.76,0.05
12692,2025-05-04,1068,2011,West,2,925.93,0.0
10565,2025-05-05,1083,2039,North,7,24.76,0.0
10510,2025-05-06,1047,2013,West,6,445.22,0.15
10760,2025-05-06,1031,2026,East,9,172.28,0.0
11562,2025-05-06,1092,2002,West,6,1705.24,0.0
12101,2025-05-06,1021,2044,West,7,6.69,0.15
12290,2025-05-06,1002,2021,South,8,646.12,0.0
12718,2025-05-06,1083,2034,West,8,15.03,0.0
10135,2025-05-08,1045,2027,South,9,493.57,0.0
10249,2025-05-08,1088,2037,West,3,4.97,0.15
10319,2025-05-08,1054,2026,East,1,529.33,0.0
10325,2025-05-08,1044,2001,East,6,1010.9,0.0
10394,2025-05-08,1005,2028,South,6,574.83,0.05
10904,2025-05-08,1053,2020,West,1,97.34,0.1
10959,2025-05-08,1063,2011,North,5,493.43,0.0
11028,2025-05-08,1090,2024,South,4,737.83,0.1
11341,2025-05-08,1094,2008,North,7,19.59,0.05
12089,2025-05-08,1027,2003,West,4,1110.43,0.15
12109,2025-05-08,1038,2043,South,6,10.26,0.0
12313,2025-05-08,1065,2022,West,1,756.16,0.1
12502,2025-05-08,1025,2028,North,7,296.88,0.15
10381,2025-05-09,1020,2001,North,6,1006.12,0.15
11058,2025-05-09,1049,2041,East,1,10.72,0.1
11707,2025-05-09,1069,2014,South,1,1047.59,0.1
11808,2025-05-09,1099,2025,East,2,475.99,0.15
12396,2025-05-09,1057,2015,South,1,929.88,0.0
12566,2025-05-09,1081,2045,West,1,5.77,0.0
10274,2025-05-10,1096,2013,West,2,306.32,0.05
10641,2025-05-10,1057,2001,North,4,1270.82,0.1
10980,2025-05-10,1085,2005,North,7,980.83,0.0
11682,2025-05-10,1023,2023,North,8,656.54,0.0
10698,2025-05-11,1099,2017,South,7,97.28,0.1
11254,2025-05-11,1069,2016,East,9,393.62,0.0
11322,2025-05-11,1032,2015,West,6,999.39,0.0
11758,2025-05-11,1056,2030,North,1,346.44,0.1
12367,2025-05-11,1091,2012,West,6,1040.54,0.0
10191,2025-05-12,1032,2018,West,5,174.5,0.0
10308,2025-05-12,1076,2023,South,5,983.2,0.05
10466,2025-05-12,1016,2033,North,7,18.2,0.05
10774,2025-05-12,1076,2015,West,9,374.36,0.0
11271,2025-05-12,1046,2027,East,4,170.16,0.05
11671,2025-05-12,1053,2007,North,4,135.88,0.1
11712,2025-05-12,1067,2013,East,8,565.73,0.0
12389,2025-05-12,1013,2013,South,1,723.53,0.0
12548,2025-05-12,1077,2020,South,7,453.3,0.1
10493,2025-05-13,1079,2033,North,3,15.88,0.1
11493,2025-05-13,1038,2030,North,6,401.27,0.0
11502,2025-05-13,1056,2001,West,4,994.15,0.0
10179,2025-05-14,1038,2020,East,5,96.03,0.05
10268,2025-05-14,1090,2029,North,4,321.46,0.0
10289,2025-05-14,1052,2010,East,3,95.34,0.0
10823,2025-05-14,1055,2013,West,9,1103.17,0.05
11327,2025-05-14,1059,2004,South,7,1846.07,0.0
11476,2025-05-14,1059,2011,North,5,449.57,0.0
11516,2025-05-14,1014,2023,South,5,832.98,0.0
11693,2025-05-14,1083,2030,South,2,206.9,0.0
12304,2025-05-14,1032,2008,North,5,36.1,0.05
10162,2025-05-15,1047,2045,West,6,14.68,0.0
10525,2025-05-15,1064,2008,West,4,43.52,0.0
10730,2025-05-15,1055,2028,West,8,306.42,0.0
11298,2025-05-15,1057,2006,West,2,127.98,0.0
11912,2025-05-15,1043,2032,West,7,14.49,0.05
12269,2025-05-15,1089,2020,East,3,439.49,0.05
12365,2025-05-15,1050,2003,North,5,1530.83,0.1
12481,2025-05-15,1059,2015,South,3,644.79,0.0
10245,2025-05-16,1004,2023,West,4,515.82,0.0
10406,2025-05-16,1008,2005,South,1,1521.14,0.1
10632,2025-05-16,1012,2017,South,4,315.33,0.1
10734,2025-05-16,1037,2002,East,3,1473.29,0.05
10837,2025-05-16,1068,2006,South,8,116.31,0.0
11238,2025-05-16,1031,2008,South,3,26.85,0.0
11370,2025-05-16,1067,2029,North,5,482.96,0.15
11648,2025-05-16,1049,2028,West,9,298.12,0.0
11845,2025-05-16,1016,2008,East,7,61.86,0.0
11904,2025-05-16,1002,2029,North,5,464.42,0.05
12479,2025-05-16,1012,2008,East,6,128.0,0.1
12777,2025-05-16,1087,2002,South,9,1964.74,0.0
10518,2025-05-17,1023,2010,North,3,54.76,0.1
10943,2025-05-17,1065,2024,North,7,481.44,0.1
11783,2025-05-17,1040,2010,West,1,47.0,0.0
11820,2025-05-17,1096,2032,East,1,17.03,0.0
11841,2025-05-17,1100,2020,East,3,299.23,0.0
11998,2025-05-17,1030,2039,South,2,5.41,0.05
10756,2025-05-18,1093,2037,East,6,7.5,0.05
11303,2025-05-18,1083,2018,South,2,331.35,0.05
11687,2025-05-18,1014,2022,West,9,912.45,0.15
11984,2025-05-18,1096,2003,South,7,1571.56,0.15
12456,2025-05-18,1006,2042,South,3,12.65,0.05
12506,2025-05-18,1038,2037,North,1,15.22,0.15
12563,2025-05-18,1088,2002,West,5,1623.55,0.1
10596,2025-05-19,1096,2014,North,7,588.65,0.0
10705,2025-05-19,1040,2008,South,6,75.71,0.0
11176,2025-05-19,1013,2015,East,9,1174.5,0.0
11478,2025-05-19,1087,2030,East,3,179.07,0.0
11619,2025-05-19,1082,2003,North,5,1696.95,0.05
11751,2025-05-19,1050,2024,East,4,798.77,0.0
11924,2025-05-19,1002,2045,East,9,3.92,0.05
12406,2025-05-19,1076,2016,West,2,351.63,0.1
12518,2025-05-19,1032,2011,West,6,1014.0,0.05
10145,2025-05-20,1065,2012,North,6,728.06,0.0
10672,2025-05-20,1070,2004,East,7,1805.51,0.0
10973,2025-05-20,1090,2020,East,5,254.14,0.05
11024,2025-05-20,1040,2001,East,7,1800.42,0.15
11129,2025-05-20,1054,2002,South,3,1909.95,0.0
12379,2025-05-20,1034,2025,South,1,694.94,0.0
12380,2025-05-20,1049,2003,East,9,1922.02,0.1
12632,2025-05-20,1082,2037,North,2,23.89,0.0
10168,2025-05-21,1026,2003,North,2,1153.17,0.05
10306,2025-05-21,1013,2020,East,9,407.91,0.05
11172,2025-05-21,1065,2011,South,5,670.23,0.1
11396,2025-05-21,1076,2037,East,2,10.84,0.0
11532,2025-05-21,1043,2029,South,4,234.61,0.0
12088,2025-05-21,1050,2040,West,5,14.59,0.0
12766,2025-05-21,1082,2007,North,5,34.46,0.0
10181,2025-05-22,1061,2020,North,8,220.3,0.1
11185,2025-05-22,1032,2030,East,9,325.8,0.1
11536,2025-05-22,1097,2004,West,4,1930.41,0.0
11539,2025-05-22,1071,2009,East,7,84.87,0.1
11574,2025-05-22,1004,2022,South,2,1074.22,0.05
11967,2025-05-22,1021,2014,North,5,752.98,0.05
12006,2025-05-22,1049,2015,South,5,490.25,0.05
12137,2025-05-22,1051,2016,North,1,290.53,0.05
12210,2025-05-22,1099,2020,East,2,419.56,0.1
10175,2025-05-23,1089,2038,East,3,17.74,0.05
10815,2025-05-23,1002,2009,South,8,67.63,0.0
11266,2025-05-23,1066,2031,North,9,39.57,0.0
11444,2025-05-23,1017,2021,North,6,604.38,0.1
11538,2025-05-23,1039,2028,North,9,294.69,0.0
11635,2025-05-23,1098,2003,South,4,1105.81,0.1
10242,2025-05-24,1076,2027,South,8,299.23,0.1
10567,2025-05-24,1018,2009,North,6,33.52,0.0
10631,2025-05-24,1003,2003,East,4,816.22,0.1
10690,2025-05-24,1030,2026,North,5,410.73,0.0
10958,2025-05-24,1023,2010,West,5,139.55,0.0
11203,2025-05-24,1027,2010,West,4,114.96,0.1
11719,2025-05-24,1085,2026,North,5,116.77,0.0
11812,2025-05-24,1100,2024,North,2,794.05,0.0
11928,2025-05-24,1039,2025,West,5,778.52,0.05
11963,2025-05-24,1021,2021,West,9,333.63,0.0
12208,2025-05-24,1017,2011,West,2,1005.36,0.1
12468,2025-05-24,1048,2010,North,3,113.82,0.1
10202,2025-05-25,1047,2003,West,7,1561.45,0.0
10285,2025-05-25,1033,2040,South,4,14.14,0.15
10951,2025-05-25,1073,2028,North,4,521.95,0.0
11165,2025-05-25,1037,2029,South,5,476.52,0.05
12402,2025-05-25,1071,2015,East,6,1063.35,0.0
12594,2025-05-25,1064,2012,South,9,966.04,0.0
10158,2025-05-26,1098,2023,East,8,1190.73,0.0
10171,2025-05-26,1007,2012,South,2,697.85,0.05
10445,2025-05-26,1064,2021,East,4,1088.61,0.0
10928,2025-05-26,1026,2027,North,4,243.66,0.1
11142,2025-05-26,1041,2001,South,7,1025.0,0.15
11423,2025-05-26,1004,2027,East,5,234.86,0.05
11506,2025-05-26,1077,2010,North,6,128.38,0.0
11768,2025-05-26,1008,2020,North,3,140.04,0.1
11843,2025-05-26,1093,2027,West,1,248.09,0.0
11996,2025-05-26,1080,2029,East,2,207.81,0.0
12264,2025-05-26,1042,2041,South,3,12.66,0.05
12427,2025-05-26,1091,2007,West,2,104.35,0.15
12737,2025-05-26,1053,2022,East,8,200.73,0.0
10115,2025-05-27,1014,2011,North,9,1024.31,0.0
11269,2025-05-27,1066,2009,West,4,18.59,0.0
11290,2025-05-27,1012,2019,West,8,109.77,0.0
11392,2025-05-27,1079,2033,North,8,11.83,0.0
11736,2025-05-27,1013,2030,West,6,393.54,0.05
12157,2025-05-27,1088,2013,South,3,939.28,0.0
12546,2025-05-27,1014,2010,South,9,38.16,0.0
12570,2025-05-27,1040,2043,East,9,12.91,0.0
10317,2025-05-28,1063,2044,East,3,10.96,0.1
10326,2025-05-28,1037,2015,West,5,614.21,0.05
10352,2025-05-28,1043,2016,West,3,346.07,0.1
10436,2025-05-28,1074,2038,North,5,22.61,0.0
11831,2025-05-28,1095,2021,South,4,1051.88,0.0
11957,2025-05-28,1014,2019,North,5,99.96,0.0
12178,2025-05-28,1026,2010,North,1,57.72,0.0
10165,2025-05-29,1014,2026,North,6,356.95,0.05
10664,2025-05-29,1089,2005,South,2,1959.62,0.1
11055,2025-05-29,1032,2014,East,1,830.79,0.0
11503,2025-05-29,1039,2014,West,8,355.38,0.05
12508,2025-05-29,1002,2015,West,2,1142.05,0.05
10528,2025-05-30,1049,2045,North,1,12.39,0.05
11784,2025-05-30,1063,2015,South,5,483.11,0.0
12151,2025-05-30,1008,2038,North,9,21.51,0.0
12180,2025-05-30,1071,2040,North,8,21.02,0.0
12227,2025-05-30,1098,2005,South,9,920.29,0.0
12585,2025-05-30,1074,2001,North,8,1110.03,0.1
12711,2025-05-30,1004,2028,South,1,130.61,0.0
10609,2025-05-31,1063,2020,East,9,445.56,0.05
10735,2025-05-31,1013,2022,West,7,1098.03,0.0
10810,2025-05-31,1087,2012,West,6,696.6,0.0
10866,2025-05-31,1073,2027,West,6,292.37,0.1
11002,2025-05-31,1049,2013,South,5,545.9,0.15
11235,2025-05-31,1015,2044,North,6,13.25,0.0
11402,2025-05-31,1019,2016,East,1,410.53,0.1
11973,2025-05-31,1042,2015,West,7,597.95,0.05
12128,2025-05-31,1018,2005,North,9,1056.57,0.0
12147,2025-05-31,1068,2037,East,2,12.52,0.0
10642,2025-06-01,1023,2004,East,2,1205.9,0.0
11515,2025-06-01,1022,2003,West,1,1726.75,0.1
11672,2025-06-01,1095,2011,West,1,524.07,0.1
11744,2025-06-01,1004,2039,South,3,4.76,0.0
11919,2025-06-01,1094,2006,South,3,102.12,0.0
12477,2025-06-01,1088,2044,North,7,4.9,0.1
10396,2025-06-02,1029,2002,South,7,968.28,0.05
10812,2025-06-02,1012,2043,South,4,8.43,0.1
11060,2025-06-02,1088,2015,North,7,386.06,0.15
11309,2025-06-02,1087,2002,South,2,1557.22,0.0
12010,2025-06-02,1015,2013,South,8,948.94,0.05
12203,2025-06-02,1070,2044,West,7,5.81,0.0
12216,2025-06-02,1086,2012,North,3,954.49,0.0
12554,2025-06-02,1065,2011,East,5,622.15,0.0
12598,2025-06-02,1089,2023,West,5,485.61,0.0
12111,2025-06-03,1039,2006,West,5,72.54,0.05
12193,2025-06-03,1096,2029,North,2,338.05,0.0
12510,2025-06-03,1022,2024,West,5,560.22,0.1
12690,2025-06-03,1021,2004,North,2,1394.87,0.0
10270,2025-06-04,1094,2012,East,4,842.43,0.0
10581,2025-06-04,1023,2009,North,7,16.41,0.0
10638,2025-06-04,1035,2020,South,7,167.3,0.1
10777,2025-06-04,1037,2015,South,5,301.71,0.1
11579,2025-06-04,1065,2031,North,1,39.72,0.05
11788,2025-06-04,1020,2042,West,2,14.6,0.0
12081,2025-06-04,1068,2014,North,1,517.18,0.0
10456,2025-06-05,1039,2020,West,8,203.5,0.0
10661,2025-06-05,1066,2038,North,9,10.5,0.05
10722,2025-06-05,1028,2017,West,7,285.42,0.0
11488,2025-06-05,1065,2037,North,6,22.43,0.0
10117,2025-06-06,1054,2018,West,6,426.42,0.15
10299,2025-06-06,1031,2007,East,7,104.4,0.0
10486,2025-06-06,1030,2003,South,6,1713.97,0.05
10570,2025-06-06,1007,2004,North,1,1958.93,0.15
10867,2025-06-06,1032,2010,North,3,148.66,0.15
11143,2025-06-06,1085,2015,South,8,883.09,0.05
11948,2025-06-06,1012,2042,West,7,5.46,0.0
11961,2025-06-06,1024,2014,East,4,1013.91,0.05
12120,2025-06-06,1025,2015,South,5,767.6,0.0
10972,2025-06-07,1073,2021,West,5,620.04,0.0
11473,2025-06-07,1024,2012,West,1,964.04,0.0
12198,2025-06-07,1096,2035,West,4,32.38,0.1
12642,2025-06-07,1085,2021,West,4,553.96,0.05
10105,2025-06-08,1015,2013,South,5,613.51,0.0
11222,2025-06-08,1038,2007,South,1,21.4,0.0
11332,2025-06-08,1094,2004,North,5,1652.82,0.0
11349,2025-06-08,1063,2007,East,5,119.35,0.05
11497,2025-06-08,1092,2007,North,3,103.25,0.0
12545,2025-06-08,1090,2009,East,9,103.01,0.0
12705,2025-06-08,1092,2025,East,2,500.62,0.05
10351,2025-06-09,1085,2004,East,6,1907.59,0.0
11132,2025-06-09,1084,2002,East,1,821.14,0.15
11440,2025-06-09,1039,2033,West,1,5.98,0.0
11470,2025-06-09,1006,2013,North,1,653.12,0.1
11524,2025-06-09,1018,2034,South,6,33.18,0.05
11679,2025-06-09,1057,2020,South,6,168.28,0.0
11822,2025-06-09,1056,2040,North,1,23.62,0.1
12144,2025-06-09,1065,2010,North,5,78.77,0.0
12360,2025-06-09,1017,2021,East,9,1164.14,0.15
12452,2025-06-09,1079,2036,West,3,22.66,0.0
10695,2025-06-10,1038,2015,East,8,325.12,0.0
10729,2025-06-10,1001,2023,East,2,1064.31,0.0
11000,2025-06-10,1083,2030,West,3,314.37,0.1
11076,2025-06-10,1090,2025,West,3,906.59,0.0
11510,2025-06-10,1005,2007,East,5,86.58,0.15
12116,2025-06-10,1031,2011,South,6,847.43,0.15
12280,2025-06-10,1041,2007,East,9,64.27,0.0
12461,2025-06-10,1013,2024,East,2,345.58,0.0
11258,2025-06-11,1059,2024,East,8,800.42,0.0
11982,2025-06-11,1009,2040,East,7,18.37,0.1
10462,2025-06-12,1055,2030,West,2,304.45,0.0
10779,2025-06-12,1049,2015,South,9,980.59,0.05
10827,2025-06-12,1024,2009,South,7,85.54,0.15
10966,2025-06-12,1055,2014,South,2,454.53,0.0
11557,2025-06-12,1012,2010,South,9,63.02,0.0
11629,2025-06-12,1038,2026,West,8,337.36,0.15
12130,2025-06-12,1076,2040,South,4,8.83,0.05
12376,2025-06-12,1098,2025,North,9,835.83,0.0
12665,2025-06-12,1048,2010,South,5,147.66,0.0
10223,2025-06-13,1086,2021,South,5,1032.58,0.0
11169,2025-06-13,1002,2034,North,4,13.14,0.05
11305,2025-06-13,1012,2005,West,7,1570.58,0.15
11533,2025-06-13,1081,2004,West,3,872.91,0.0
11778,2025-06-13,1086,2011,South,6,845.25,0.1
11913,2025-06-13,1014,2007,West,1,66.82,0.15
12108,2025-06-13,1069,2028,North,6,204.43,0.15
12366,2025-06-13,1033,2022,East,1,1179.93,0.15
12457,2025-06-13,1033,2011,East,7,685.71,0.1
10415,2025-06-14,1040,2031,East,6,20.35,0.1
10863,2025-06-14,1055,2037,West,3,6.21,0.1
11390,2025-06-14,1016,2023,East,5,1122.09,0.05
11443,2025-06-14,1014,2023,West,3,844.26,0.0
12095,2025-06-14,1031,2024,South,2,903.87,0.0
12171,2025-06-14,1055,2019,South,2,461.48,0.0
12232,2025-06-14,1075,2017,East,1,369.14,0.05
10185,2025-06-15,1023,2005,East,4,1584.86,0.1
10300,2025-06-15,1079,2024,East,9,400.23,0.0
10370,2025-06-15,1078,2021,West,4,914.15,0.0
11310,2025-06-15,1036,2038,South,4,6.89,0.0
11410,2025-06-15,1077,2045,West,6,10.97,0.05
12230,2025-06-15,1028,2003,West,6,843.06,0.0
12520,2025-06-15,1003,2032,West,8,13.38,0.0
10746,2025-06-16,1023,2034,East,1,16.22,0.1
10929,2025-06-16,1057,2013,West,7,1192.55,0.1
11134,2025-06-16,1039,2004,West,4,1167.35,0.0
11277,2025-06-16,1061,2033,West,6,13.88,0.0
11424,2025-06-16,1076,2016,North,2,335.48,0.0
12307,2025-06-16,1035,2013,West,7,667.09,0.15
12342,2025-06-16,1099,2036,West,9,11.25,0.0
12628,2025-06-16,1003,2012,North,7,681.8,0.05
11105,2025-06-17,1064,2011,South,5,332.51,0.0
11434,2025-06-17,1023,2026,West,7,332.12,0.0
11540,2025-06-17,1059,2018,South,8,419.2,0.05
11766,2025-06-17,1039,2006,South,1,108.19,0.0
12507,2025-06-17,1026,2014,North,2,665.19,0.0
12611,2025-06-17,1089,2013,East,6,1187.9,0.0
10481,2025-06-18,1087,2035,West,7,10.43,0.05
10736,2025-06-18,1077,2019,North,6,344.62,0.05
10931,2025-06-18,1017,2029,North,9,208.84,0.05
11275,2025-06-18,1100,2017,North,9,88.8,0.0
11333,2025-06-18,1051,2011,North,9,635.97,0.1
12593,2025-06-18,1070,2035,East,2,5.62,0.05
10349,2025-06-19,1022,2004,East,9,1565.98,0.05
10421,2025-06-19,1091,2013,North,6,860.36,0.0
10453,2025-06-19,1093,2017,South,5,299.75,0.1
10488,2025-06-19,1005,2022,South,1,381.2,0.1
10559,2025-06-19,1020,2028,North,2,180.91,0.0
10625,2025-06-19,1057,2007,North,4,139.75,0.05
10737,2025-06-19,1030,2010,West,9,95.77,0.0
10896,2025-06-19,1023,2028,West,5,491.73,0.05
11112,2025-06-19,1025,2040,South,9,19.79,0.0
11168,2025-06-19,1068,2029,East,5,504.46,0.1
11504,2025-06-19,1034,2013,East,3,763.52,0.0
11563,2025-06-19,1082,2036,South,1,4.74,0.0
11584,2025-06-19,1051,2024,South,4,226.57,0.1
11613,2025-06-19,1017,2041,South,1,5.21,0.0
12057,2025-06-19,1064,2022,West,6,1024.39,0.0
12112,2025-06-19,1064,2021,South,7,767.78,0.05
10772,2025-06-20,1093,2017,East,3,427.81,0.0
10921,2025-06-20,1012,2023,South,3,949.4,0.0
10986,2025-06-20,1032,2025,West,7,302.5,0.0
11113,2025-06-20,1099,2038,East,4,22.84,0.0
11355,2025-06-20,1035,2015,North,8,368.96,0.0
11891,2025-06-20,1052,2006,North,2,92.9,0.0
11908,2025-06-20,1014,2009,East,6,44.63,0.0
12288,2025-06-20,1003,2021,South,6,880.83,0.15
10590,2025-06-21,1028,2041,South,8,6.13,0.0
10671,2025-06-21,1058,2045,West,6,12.67,0.0
10733,2025-06-21,1024,2008,East,3,15.01,0.0
11139,2025-06-21,1058,2002,North,8,1169.81,0.05
11170,2025-06-21,1054,2021,North,8,237.66,0.0
11578,2025-06-21,1042,2016,West,3,224.08,0.0
11749,2025-06-21,1084,2029,North,7,550.55,0.1
11796,2025-06-21,1095,2013,East,9,1058.76,0.0
11819,2025-06-21,1091,2001,East,6,839.49,0.05
12083,2025-06-21,1029,2042,West,1,7.49,0.15
10592,2025-06-22,1048,2024,East,1,1093.44,0.1
10771,2025-06-22,1082,2034,East,7,34.39,0.0
10811,2025-06-22,1051,2028,South,3,180.03,0.05
10963,2025-06-22,1099,2017,West,6,113.98,0.1
11215,2025-06-22,1061,2044,West,1,2.46,0.1
11713,2025-06-22,1031,2013,South,3,1197.78,0.1
11715,2025-06-22,1029,2037,West,6,6.65,0.1
11761,2025-06-22,1058,2010,South,4,96.45,0.1
11832,2025-06-22,1062,2002,East,5,1161.38,0.15
12257,2025-06-22,1031,2004,North,7,1897.24,0.0
12413,2025-06-22,1090,2014,North,1,706.88,0.0
12474,2025-06-22,1093,2035,North,9,34.12,0.05
11010,2025-06-23,1056,2012,South,5,1078.46,0.0
11088,2025-06-23,1097,2007,East,4,19.85,0.15
11630,2025-06-23,1044,2009,East,1,18.15,0.05
12415,2025-06-23,1042,2026,South,3,299.24,0.1
12464,2025-06-23,1034,2045,South,3,6.43,0.0
12498,2025-06-23,1033,2012,East,5,1035.92,0.1
12782,2025-06-23,1048,2035,East,1,24.01,0.1
10643,2025-06-24,1095,2041,East,7,4.92,0.0
10781,2025-06-24,1064,2005,East,7,917.5,0.1
11452,2025-06-24,1010,2019,North,6,119.43,0.0
12062,2025-06-24,1036,2018,East,1,338.67,0.05
12066,2025-06-24,1025,2044,South,1,13.86,0.1
12249,2025-06-24,1088,2025,North,7,946.04,0.0
12318,2025-06-24,1053,2002,North,9,1282.41,0.05
12385,2025-06-24,1033,2028,East,4,127.03,0.1
12472,2025-06-24,1083,2037,South,5,3.08,0.05
10257,2025-06-25,1024,2044,South,6,9.14,0.0
10478,2025-06-25,1070,2042,South,5,14.49,0.05
11868,2025-06-25,1067,2015,West,5,716.04,0.0
12635,2025-06-25,1093,2033,West,5,5.81,0.0
10240,2025-06-26,1095,2025,South,2,919.99,0.05
10386,2025-06-26,1024,2024,East,6,561.41,0.0
11073,2025-06-26,1098,2008,West,4,50.12,0.0
11229,2025-06-26,1010,2036,South,1,3.53,0.1
12032,2025-06-26,1011,2033,West,7,5.96,0.0
12061,2025-06-26,1090,2019,West,2,315.11,0.1
12140,2025-06-26,1053,2026,West,4,281.37,0.0
12666,2025-06-26,1016,2002,West,5,1736.3,0.1
12797,2025-06-26,1034,2038,North,5,12.8,0.1
10309,2025-06-27,1051,2002,East,9,1305.07,0.15
10601,2025-06-27,1055,2015,East,3,475.61,0.0
10755,2025-06-27,1072,2024,West,5,405.49,0.05
10977,2025-06-27,1023,2008,North,9,42.69,0.0
11663,2025-06-27,1003,2008,South,5,123.92,0.1
11771,2025-06-27,1091,2015,East,4,1030.67,0.1
12007,2025-06-27,1051,2011,East,1,616.08,0.0
12788,2025-06-27,1035,2044,East,1,12.37,0.0
10170,2025-06-28,1054,2010,East,4,80.49,0.0
10329,2025-06-28,1079,2022,South,8,734.82,0.1
10407,2025-06-28,1004,2004,North,5,848.12,0.05
10997,2025-06-28,1071,2014,North,8,464.24,0.0
11116,2025-06-28,1072,2018,West,5,392.97,0.0
12536,2025-06-28,1100,2019,West,5,92.86,0.1
12647,2025-06-28,1091,2002,South,1,1733.74,0.0
10256,2025-06-29,1031,2024,South,5,1192.1,0.0
10472,2025-06-29,1019,2015,East,8,397.25,0.1
10944,2025-06-29,1039,2029,East,8,458.07,0.05
10989,2025-06-29,1079,2002,West,3,1915.0,0.05
11249,2025-06-29,1095,2006,West,2,120.75,0.05
11604,2025-06-29,1061,2001,East,5,1388.23,0.0
11806,2025-06-29,1066,2008,South,2,88.92,0.05
11980,2025-06-29,1051,2027,East,2,362.33,0.0
12154,2025-06-29,1012,2007,East,2,128.06,0.15
12240,2025-06-29,1033,2001,West,6,1007.61,0.0
10763,2025-06-30,1076,2034,West,9,23.02,0.0
11044,2025-06-30,1080,2009,South,8,44.68,0.0
11677,2025-06-30,1067,2012,South,3,446.48,0.1
12297,2025-06-30,1016,2004,West,6,1565.16,0.05
12578,2025-06-30,1062,2010,West,6,137.3,0.15
10689,2025-07-01,1084,2036,South,1,17.68,0.05
10905,2025-07-01,1055,2011,East,3,794.88,0.0
11136,2025-07-01,1053,2005,East,4,1336.23,0.1
11338,2025-07-01,1049,2029,South,9,437.03,0.1
11680,2025-07-01,1079,2017,South,3,400.47,0.0
12212,2025-07-01,1037,2008,South,3,51.07,0.0
12236,2025-07-01,1089,2011,South,9,484.16,0.0
12607,2025-07-01,1074,2006,East,8,33.15,0.15
10322,2025-07-02,1047,2042,West,8,14.1,0.0
11465,2025-07-02,1089,2012,West,4,1189.24,0.1
11474,2025-07-02,1056,2011,East,7,742.54,0.05
11551,2025-07-02,1085,2008,South,3,111.62,0.0
11685,2025-07-02,1056,2004,North,9,1184.34,0.0
11730,2025-07-02,1059,2009,West,5,80.13,0.15
12465,2025-07-02,1056,2017,West,1,188.45,0.0
12601,2025-07-02,1064,2011,East,9,724.78,0.0
10426,2025-07-03,1082,2012,West,1,526.3,0.05
10744,2025-07-03,1038,2039,West,9,11.07,0.0
10802,2025-07-03,1052,2010,North,9,77.57,0.05
10891,2025-07-03,1023,2037,North,8,13.0,0.05
10992,2025-07-03,1006,2020,West,9,282.5,0.15
11063,2025-07-03,1075,2011,North,5,891.29,0.15
11090,2025-07-03,1014,2045,South,3,12.52,0.15
11236,2025-07-03,1057,2020,West,9,333.82,0.1
11925,2025-07-03,1089,2003,South,5,1551.99,0.0
10463,2025-07-04,1054,2025,South,5,877.67,0.0
10549,2025-07-04,1042,2013,South,4,594.15,0.1
10750,2025-07-04,1041,2035,West,9,14.19,0.0
10776,2025-07-04,1058,2034,East,5,13.77,0.15
10800,2025-07-04,1080,2042,South,3,8.12,0.15
11316,2025-07-04,1029,2016,South,8,376.58,0.0
12067,2025-07-04,1078,2022,South,5,361.89,0.15
12645,2025-07-04,1058,2014,South,8,727.64,0.15
12781,2025-07-04,1012,2040,North,1,21.48,0.05
11087,2025-07-05,1017,2012,East,9,856.59,0.15
11200,2025-07-05,1024,2014,West,3,741.48,0.1
11311,2025-07-05,1055,2004,North,8,1099.52,0.05
11378,2025-07-05,1027,2027,South,6,218.57,0.05
11618,2025-07-05,1079,2023,West,3,225.38,0.05
12117,2025-07-05,1047,2005,North,5,1084.62,0.15
12277,2025-07-05,1047,2029,South,5,417.0,0.0
10292,2025-07-06,1002,2008,North,7,71.67,0.0
10749,2025-07-06,1098,2044,North,7,3.2,0.05
11035,2025-07-06,1020,2012,South,3,964.03,0.05
11359,2025-07-06,1045,2004,South,5,1878.95,0.15
11501,2025-07-06,1028,2020,North,1,227.02,0.1
11795,2025-07-06,1004,2005,West,1,1416.57,0.0
12038,2025-07-06,1056,2031,West,6,36.1,0.0
12328,2025-07-06,1074,2006,West,1,74.3,0.0
12504,2025-07-06,1078,2014,East,5,920.75,0.15
12615,2025-07-06,1057,2026,South,9,379.0,0.05
12660,2025-07-06,1024,2013,East,1,1095.33,0.0
10348,2025-07-07,1093,2011,North,7,463.31,0.15
11082,2025-07-07,1051,2028,South,5,187.97,0.05
11462,2025-07-07,1040,2011,North,2,392.18,0.1
11981,2025-07-07,1015,2045,South,2,10.6,0.1
12434,2025-07-07,1042,2017,West,4,320.39,0.05
12543,2025-07-07,1002,2038,East,4,16.9,0.1
12576,2025-07-07,1034,2005,West,1,1943.04,0.0
10562,2025-07-08,1046,2026,South,6,286.56,0.0
11107,2025-07-08,1069,2015,East,7,844.08,0.15
11174,2025-07-08,1071,2038,West,6,14.47,0.05
12021,2025-07-08,1060,2017,East,5,210.52,0.1
12514,2025-07-08,1038,2013,North,8,930.13,0.05
10356,2025-07-09,1066,2027,South,6,209.47,0.15
10412,2025-07-09,1097,2009,South,8,38.51,0.1
10747,2025-07-09,1059,2013,East,2,407.49,0.05
10789,2025-07-09,1099,2042,West,9,14.32,0.05
11175,2025-07-09,1096,2026,North,7,146.88,0.0
12098,2025-07-09,1070,2002,South,2,1248.23,0.0
12305,2025-07-09,1050,2006,West,9,33.67,0.05
12476,2025-07-09,1049,2017,South,2,182.75,0.15
11027,2025-07-10,1083,2041,West,1,14.8,0.1
11720,2025-07-10,1039,2006,North,9,40.35,0.0
11872,2025-07-10,1030,2029,South,7,326.47,0.0
12574,2025-07-10,1055,2021,West,1,235.59,0.0
10312,2025-07-11,1090,2023,West,3,885.61,0.0
10588,2025-07-11,1038,2009,East,7,53.91,0.0
11676,2025-07-11,1051,2014,East,7,1089.43,0.05
12160,2025-07-11,1098,2009,East,5,63.34,0.1
12425,2025-07-11,1097,2028,West,9,350.43,0.1
12129,2025-07-12,1036,2018,East,5,102.88,0.0
12492,2025-07-12,1027,2024,West,5,1101.68,0.0
12772,2025-07-12,1088,2019,South,7,358.65,0.0
10844,2025-07-13,1009,2001,West,2,946.27,0.1
11068,2025-07-13,1001,2029,North,6,237.74,0.0
11167,2025-07-13,1087,2018,South,2,400.12,0.1
11336,2025-07-13,1075,2039,West,8,5.67,0.05
12387,2025-07-13,1076,2014,South,2,352.39,0.0
10237,2025-07-14,1005,2018,South,5,240.43,0.15
10527,2025-07-14,1077,2016,West,8,398.6,0.05
10872,2025-07-14,1082,2041,East,6,14.03,0.1
11133,2025-07-14,1091,2016,North,7,229.43,0.05
11576,2025-07-14,1084,2040,North,9,19.6,0.0
11651,2025-07-14,1014,2036,North,4,21.47,0.0
12002,2025-07-14,1023,2010,West,4,109.06,0.0
12609,2025-07-14,1063,2014,North,3,801.06,0.0
10364,2025-07-15,1032,2029,North,8,526.29,0.1
10629,2025-07-15,1052,2021,South,3,551.68,0.1
10881,2025-07-15,1033,2007,East,1,94.91,0.1
11922,2025-07-15,1043,2015,West,4,983.7,0.0
11954,2025-07-15,1022,2013,East,7,949.27,0.05
12242,2025-07-15,1086,2001,South,3,1964.31,0.0
12437,2025-07-15,1001,2019,South,2,102.99,0.05
12730,2025-07-15,1045,2043,South,3,4.8,0.1
10754,2025-07-16,1100,2007,East,5,18.66,0.0
10825,2025-07-16,1028,2013,West,1,1129.78,0.1
11404,2025-07-16,1054,2018,West,3,115.39,0.0
12299,2025-07-16,1050,2026,West,4,552.08,0.0
10327,2025-07-17,1096,2001,South,5,1627.32,0.0
10531,2025-07-17,1080,2008,South,4,135.67,0.15
10546,2025-07-17,1091,2031,East,9,31.03,0.0
11898,2025-07-17,1007,2022,West,5,859.58,0.0
12093,2025-07-17,1039,2015,South,8,391.9,0.1
12135,2025-07-17,1021,2014,North,7,1063.48,0.15
12287,2025-07-17,1017,2004,East,9,1271.81,0.0
12744,2025-07-17,1096,2039,South,2,11.36,0.15
10408,2025-07-18,1005,2001,East,9,1237.32,0.05
10903,2025-07-18,1022,2018,West,9,240.24,0.0
11250,2025-07-18,1024,2024,West,6,236.99,0.0
11314,2025-07-18,1079,2021,East,1,634.27,0.0
11656,2025-07-18,1074,2013,North,4,819.02,0.15
11884,2025-07-18,1035,2028,North,1,334.24,0.1
12163,2025-07-18,1072,2013,North,2,602.19,0.1
12251,2025-07-18,1032,2010,West,9,48.77,0.0
10166,2025-07-19,1018,2017,South,9,473.82,0.0
10334,2025-07-19,1062,2009,South,4,49.14,0.15
10849,2025-07-19,1077,2037,West,5,20.88,0.1
11197,2025-07-19,1051,2009,South,5,130.69,0.0
11436,2025-07-19,1034,2045,South,9,2.38,0.1
11633,2025-07-19,1021,2016,West,6,470.77,0.1
11827,2025-07-19,1089,2001,West,9,1234.0,0.15
11857,2025-07-19,1044,2015,East,6,1143.31,0.0
12029,2025-07-19,1066,2014,North,3,742.15,0.0
12347,2025-07-19,1089,2015,East,5,590.35,0.05
12559,2025-07-19,1074,2028,North,2,580.03,0.0
12646,2025-07-19,1091,2029,West,8,554.7,0.0
10177,2025-07-20,1075,2023,East,9,966.53,0.0
10431,2025-07-20,1062,2015,East,3,324.27,0.05
10678,2025-07-20,1066,2029,East,8,541.02,0.0
11046,2025-07-20,1083,2013,North,5,759.33,0.05
11546,2025-07-20,1010,2017,North,4,287.85,0.0
12368,2025-07-20,1097,2033,West,2,39.93,0.0
12552,2025-07-20,1054,2024,East,4,537.0,0.0
10186,2025-07-21,1087,2010,South,8,140.59,0.1
10199,2025-07-21,1058,2037,West,9,3.44,0.0
10878,2025-07-21,1022,2001,West,9,1801.06,0.0
11851,2025-07-21,1038,2007,North,4,65.46,0.05
12223,2025-07-21,1014,2024,East,2,1004.41,0.0
12334,2025-07-21,1038,2038,East,9,6.74,0.0
12482,2025-07-21,1088,2021,South,7,1007.36,0.15
12589,2025-07-21,1019,2006,West,5,112.7,0.0
10514,2025-07-22,1025,2003,South,4,1761.93,0.0
10901,2025-07-22,1095,2040,East,3,5.28,0.15
11479,2025-07-22,1086,2028,East,5,327.05,0.05
11669,2025-07-22,1090,2002,North,5,1352.06,0.0
12497,2025-07-22,1021,2014,West,7,865.85,0.0
12732,2025-07-22,1047,2015,North,4,500.79,0.1
12741,2025-07-22,1096,2008,West,7,40.7,0.05
10110,2025-07-23,1058,2033,North,4,7.2,0.0
10236,2025-07-23,1013,2036,East,3,20.66,0.05
10620,2025-07-23,1036,2012,West,8,513.9,0.1
10731,2025-07-23,1089,2015,West,9,621.4,0.0
10899,2025-07-23,1029,2023,North,8,353.17,0.0
11017,2025-07-23,1073,2005,West,9,1328.97,0.05
11119,2025-07-23,1093,2002,North,3,1639.23,0.0
11624,2025-07-23,1042,2006,West,1,133.81,0.05
11729,2025-07-23,1064,2013,South,7,1095.46,0.0
11907,2025-07-23,1037,2002,South,2,1876.69,0.1
12019,2025-07-23,1035,2020,North,5,161.55,0.05
12760,2025-07-23,1010,2008,North,4,115.85,0.15
10487,2025-07-24,1031,2030,South,8,223.4,0.0
10996,2025-07-24,1003,2014,East,2,978.86,0.0
11023,2025-07-24,1044,2033,South,8,13.87,0.0
11451,2025-07-24,1093,2033,West,4,35.18,0.0
11555,2025-07-24,1007,2029,North,4,519.92,0.0
11985,2025-07-24,1045,2044,South,2,11.51,0.0
12651,2025-07-24,1022,2003,West,5,1084.37,0.0
10126,2025-07-25,1011,2020,North,4,410.59,0.0
10169,2025-07-25,1044,2038,South,1,21.29,0.15
10210,2025-07-25,1008,2023,North,7,968.84,0.1
10909,2025-07-25,1013,2019,East,6,425.17,0.1
11442,2025-07-25,1096,2042,South,1,12.32,0.0
11517,2025-07-25,1090,2015,North,6,716.65,0.1
11863,2025-07-25,1007,2014,South,5,658.9,0.0
11965,2025-07-25,1045,2021,West,9,607.05,0.0
10461,2025-07-26,1063,2011,West,3,585.61,0.0
10571,2025-07-26,1045,2024,East,9,812.58,0.15
10604,2025-07-26,1063,2031,East,3,32.82,0.0
10769,2025-07-26,1037,2007,East,8,97.78,0.05
10988,2025-07-26,1077,2005,South,7,1427.32,0.15
11109,2025-07-26,1079,2021,North,5,504.7,0.1
11160,2025-07-26,1004,2003,South,7,1755.5,0.0
11318,2025-07-26,1088,2037,North,7,14.04,0.15
11368,2025-07-26,1094,2009,South,3,141.66,0.05
11498,2025-07-26,1088,2044,West,8,7.3,0.0
11879,2025-07-26,1024,2013,South,6,383.24,0.05
11958,2025-07-26,1033,2013,South,7,637.69,0.0
12687,2025-07-26,1002,2009,North,3,60.31,0.1
10552,2025-07-27,1077,2010,East,3,145.89,0.0
11245,2025-07-27,1009,2029,North,5,367.49,0.0
12096,2025-07-27,1098,2002,South,9,951.23,0.1
12165,2025-07-27,1073,2032,West,5,26.26,0.0
10130,2025-07-28,1009,2015,South,3,524.16,0.0
10201,2025-07-28,1082,2011,East,8,872.68,0.1
11159,2025-07-28,1098,2005,West,3,1657.13,0.0
11241,2025-07-28,1057,2013,South,8,556.18,0.05
11660,2025-07-28,1037,2041,North,2,3.84,0.1
11976,2025-07-28,1098,2006,East,1,115.79,0.1
12082,2025-07-28,1046,2026,East,3,293.91,0.0
12161,2025-07-28,1009,2034,North,4,31.59,0.1
11419,2025-07-29,1001,2041,West,1,9.37,0.1
10255,2025-07-30,1069,2011,West,8,365.42,0.1
10392,2025-07-30,1046,2016,West,1,414.31,0.1
10535,2025-07-30,1034,2025,East,5,217.44,0.15
10573,2025-07-30,1073,2024,North,8,651.7,0.1
10646,2025-07-30,1007,2015,South,7,536.78,0.0
11014,2025-07-30,1027,2014,South,2,837.96,0.0
11437,2025-07-30,1057,2006,South,3,23.25,0.1
11664,2025-07-30,1083,2037,East,3,16.21,0.05
11721,2025-07-30,1094,2043,South,1,12.86,0.0
11916,2025-07-30,1005,2009,South,8,146.18,0.0
12423,2025-07-30,1042,2023,South,8,975.37,0.0
12515,2025-07-30,1011,2022,North,1,634.56,0.0
10553,2025-07-31,1050,2027,North,7,565.71,0.1
10839,2025-07-31,1040,2015,North,8,1015.19,0.0
11760,2025-07-31,1098,2011,East,7,691.17,0.05
12079,2025-07-31,1089,2002,West,7,1930.9,0.05
10144,2025-08-01,1029,2008,South,7,25.05,0.05
10231,2025-08-01,1051,2023,East,7,1127.81,0.0
10933,2025-08-01,1085,2001,East,7,1049.6,0.0
11042,2025-08-01,1047,2019,South,1,119.15,0.1
11097,2025-08-01,1035,2017,South,7,376.63,0.0
11296,2025-08-01,1069,2038,South,6,20.11,0.0
11446,2025-08-01,1054,2011,West,3,811.94,0.0
11974,2025-08-01,1073,2036,East,1,6.58,0.0
12745,2025-08-01,1080,2013,North,6,1131.93,0.05
10636,2025-08-02,1086,2030,North,6,142.74,0.05
10857,2025-08-02,1050,2008,East,4,97.64,0.0
11092,2025-08-02,1013,2007,North,6,43.3,0.15
11196,2025-08-02,1021,2009,North,6,20.32,0.1
12605,2025-08-02,1031,2005,West,2,1177.36,0.0
10355,2025-08-03,1048,2012,North,1,476.69,0.05
10484,2025-08-03,1021,2002,East,1,1342.04,0.1
10663,2025-08-03,1032,2003,South,4,1516.31,0.0
10673,2025-08-03,1057,2014,South,7,413.13,0.0
11005,2025-08-03,1061,2034,West,8,5.39,0.1
12244,2025-08-03,1038,2013,West,7,313.02,0.0
12612,2025-08-03,1043,2023,North,7,805.06,0.1
10387,2025-08-04,1072,2037,South,4,7.0,0.0
10647,2025-08-04,1095,2040,South,2,10.48,0.15
10679,2025-08-04,1026,2022,East,5,341.76,0.0
11020,2025-08-04,1073,2013,West,9,931.52,0.0
12003,2025-08-04,1025,2042,North,7,2.85,0.1
12616,2025-08-04,1009,2016,West,5,232.27,0.0
12767,2025-08-04,1058,2031,West,7,17.71,0.1
12785,2025-08-04,1092,2035,West,1,32.84,0.05
10502,2025-08-05,1071,2037,West,7,8.67,0.05
11096,2025-08-05,1023,2016,North,6,365.18,0.1
11991,2025-08-05,1071,2014,North,9,582.88,0.05
12222,2025-08-05,1085,2023,South,8,1094.64,0.0
12285,2025-08-05,1089,2006,West,7,68.05,0.0
10247,2025-08-06,1012,2003,West,7,1042.78,0.1
10282,2025-08-06,1063,2021,South,6,863.36,0.1
10846,2025-08-06,1100,2031,West,5,14.86,0.0
12063,2025-08-06,1089,2013,North,3,1048.64,0.0
12341,2025-08-06,1006,2019,West,3,191.62,0.0
10323,2025-08-07,1093,2014,South,7,801.7,0.1
10424,2025-08-07,1003,2032,South,8,29.46,0.0
10617,2025-08-07,1079,2043,North,7,8.16,0.0
10656,2025-08-07,1084,2018,North,6,167.05,0.0
11733,2025-08-07,1073,2026,North,5,396.96,0.0
12059,2025-08-07,1016,2011,West,2,1026.96,0.0
10433,2025-08-08,1064,2038,East,7,3.97,0.1
10864,2025-08-08,1038,2013,West,5,415.28,0.1
10982,2025-08-08,1087,2032,East,9,13.93,0.1
11045,2025-08-08,1014,2017,West,3,195.72,0.0
11083,2025-08-08,1025,2005,North,6,1607.83,0.15
11279,2025-08-08,1077,2031,South,3,9.57,0.0
11391,2025-08-08,1091,2019,North,6,257.88,0.1
11943,2025-08-08,1055,2002,South,3,899.5,0.05
12012,2025-08-08,1036,2030,East,3,333.61,0.0
12078,2025-08-08,1070,2032,North,2,23.79,0.0
12113,2025-08-08,1001,2021,East,6,300.91,0.15
12489,2025-08-08,1013,2006,West,9,42.66,0.1
10500,2025-08-09,1094,2004,East,9,1540.79,0.05
10577,2025-08-09,1010,2018,West,2,177.57,0.0
10687,2025-08-09,1060,2024,South,1,1191.82,0.0
10920,2025-08-09,1067,2038,North,1,13.05,0.0
11541,2025-08-09,1098,2004,East,3,1559.58,0.0
11661,2025-08-09,1071,2023,East,1,344.27,0.1
12326,2025-08-09,1034,2021,North,5,825.77,0.0
12626,2025-08-09,1022,2041,West,6,5.0,0.0
10101,2025-08-10,1002,2017,South,1,419.91,0.1
10321,2025-08-10,1100,2005,North,6,1372.08,0.0
10422,2025-08-10,1091,2034,East,3,14.12,0.0
10627,2025-08-10,1056,2008,West,9,128.49,0.15
11089,2025-08-10,1003,2001,South,5,1388.22,0.1
11775,2025-08-10,1019,2004,East,5,1495.79,0.05
11878,2025-08-10,1050,2037,South,3,6.76,0.05
12073,2025-08-10,1063,2027,West,1,360.48,0.1
12185,2025-08-10,1006,2022,North,3,915.73,0.0
12303,2025-08-10,1038,2042,East,2,6.18,0.0
12449,2025-08-10,1025,2016,East,4,338.79,0.05
10572,2025-08-11,1089,2023,West,4,277.86,0.0
11430,2025-08-11,1047,2003,North,4,1655.36,0.05
11456,2025-08-11,1013,2005,North,1,1051.09,0.0
12099,2025-08-11,1043,2026,West,9,128.85,0.15
12446,2025-08-11,1015,2021,North,5,308.03,0.1
12494,2025-08-11,1044,2027,West,4,143.59,0.0
10198,2025-08-12,1043,2007,North,4,79.85,0.1
10922,2025-08-12,1052,2012,West,2,451.25,0.15
11585,2025-08-12,1069,2021,East,9,813.75,0.0
12214,2025-08-12,1030,2006,West,8,52.59,0.05
12332,2025-08-12,1095,2031,North,2,17.63,0.15
12378,2025-08-12,1076,2010,West,8,148.79,0.0
12671,2025-08-12,1004,2009,North,8,134.49,0.0
10139,2025-08-13,1038,2001,North,9,1818.51,0.1
10400,2025-08-13,1056,2028,South,5,393.23,0.0
11347,2025-08-13,1005,2006,West,9,84.13,0.0
11623,2025-08-13,1011,2008,East,2,45.9,0.0
11786,2025-08-13,1048,2002,East,4,1408.27,0.0
12234,2025-08-13,1089,2028,North,3,385.26,0.15
12329,2025-08-13,1089,2039,South,1,24.87,0.0
12412,2025-08-13,1029,2021,West,5,531.55,0.15
12637,2025-08-13,1002,2011,South,1,475.61,0.05
12708,2025-08-13,1088,2040,West,7,4.6,0.0
12787,2025-08-13,1058,2016,North,2,410.11,0.0
10187,2025-08-14,1053,2034,North,2,32.22,0.05
10211,2025-08-14,1082,2024,South,6,308.65,0.1
10693,2025-08-14,1039,2020,East,1,369.07,0.0
10782,2025-08-14,1100,2002,North,8,1385.21,0.1
11522,2025-08-14,1098,2012,East,5,1000.75,0.15
12283,2025-08-14,1010,2009,North,3,115.76,0.0
12340,2025-08-14,1029,2028,North,8,521.66,0.0
12393,2025-08-14,1042,2024,East,2,919.9,0.05
12505,2025-08-14,1076,2011,East,4,338.62,0.0
12577,2025-08-14,1007,2044,South,1,12.17,0.15
10232,2025-08-15,1024,2016,North,8,496.22,0.1
10505,2025-08-15,1100,2016,North,4,409.76,0.0
10967,2025-08-15,1028,2039,West,7,20.14,0.0
10991,2025-08-15,1053,2004,East,8,1328.44,0.1
11324,2025-08-15,1058,2005,West,3,1800.55,0.0
11917,2025-08-15,1079,2013,West,3,601.48,0.05
12411,2025-08-15,1055,2015,South,8,785.94,0.0
12560,2025-08-15,1086,2039,North,9,23.71,0.0
10979,2025-08-16,1083,2041,East,6,9.44,0.0
11098,2025-08-16,1044,2017,West,4,381.25,0.0
11211,2025-08-16,1050,2005,East,7,1891.27,0.0
11592,2025-08-16,1021,2013,West,5,953.82,0.1
11708,2025-08-16,1021,2025,North,9,477.02,0.0
11882,2025-08-16,1022,2010,West,8,90.31,0.0
12345,2025-08-16,1051,2039,South,7,6.21,0.1
10297,2025-08-17,1008,2003,West,2,882.91,0.15
10887,2025-08-17,1061,2003,West,7,1563.41,0.0
11053,2025-08-17,1040,2003,East,8,1635.46,0.0
11362,2025-08-17,1007,2022,South,5,712.53,0.05
11939,2025-08-17,1002,2008,West,5,141.91,0.05
12189,2025-08-17,1018,2011,East,7,550.44,0.0
10512,2025-08-18,1097,2015,West,6,362.11,0.1
10594,2025-08-18,1049,2030,East,3,187.7,0.05
11354,2025-08-18,1055,2017,West,2,139.92,0.0
11738,2025-08-18,1034,2016,East,9,374.75,0.0
11848,2025-08-18,1024,2021,East,2,838.85,0.05
11953,2025-08-18,1020,2013,West,6,663.78,0.0
12004,2025-08-18,1079,2027,East,1,543.79,0.0
12077,2025-08-18,1044,2026,East,6,447.38,0.15
12517,2025-08-18,1043,2038,West,4,11.71,0.0
10241,2025-08-19,1047,2019,South,9,390.88,0.05
11704,2025-08-19,1001,2016,South,1,179.1,0.15
11814,2025-08-19,1001,2004,South,9,1507.53,0.15
11846,2025-08-19,1008,2008,West,8,77.55,0.05
10124,2025-08-20,1025,2022,East,4,278.19,0.05
10419,2025-08-20,1080,2041,West,9,12.55,0.0
10475,2025-08-20,1051,2013,East,7,735.75,0.1
10599,2025-08-20,1053,2041,North,9,11.41,0.0
10725,2025-08-20,1026,2003,South,4,1398.15,0.1
12190,2025-08-20,1028,2030,West,7,568.48,0.15
12245,2025-08-20,1033,2021,East,9,543.21,0.0
12534,2025-08-20,1065,2016,North,4,390.73,0.0
12689,2025-08-20,1075,2030,South,1,141.94,0.0
12696,2025-08-20,1043,2024,West,8,479.14,0.0
10372,2025-08-21,1077,2014,West,9,557.29,0.1
11039,2025-08-21,1062,2028,North,2,327.03,0.05
11086,2025-08-21,1043,2005,West,6,1057.38,0.0
11564,2025-08-21,1054,2014,North,8,1085.25,0.0
11993,2025-08-21,1093,2040,West,6,10.78,0.15
12310,2025-08-21,1043,2025,East,8,417.67,0.05
12774,2025-08-21,1061,2015,West,1,909.79,0.0
10388,2025-08-22,1088,2034,South,5,26.11,0.05
10910,2025-08-22,1043,2008,North,4,44.93,0.1
11441,2025-08-22,1079,2038,South,2,6.18,0.0
11521,2025-08-22,1063,2010,West,8,55.77,0.1
10390,2025-08-23,1018,2015,East,7,874.22,0.05
10544,2025-08-23,1067,2038,South,4,14.43,0.1
10586,2025-08-23,1095,2011,West,9,557.93,0.1
12049,2025-08-23,1087,2021,West,1,941.58,0.0
12320,2025-08-23,1031,2024,North,5,842.15,0.1
12511,2025-08-23,1019,2019,East,4,107.99,0.05
12758,2025-08-23,1017,2011,North,7,733.67,0.1
10591,2025-08-24,1004,2008,East,8,61.38,0.05
10876,2025-08-24,1018,2021,North,5,262.12,0.0
10923,2025-08-24,1079,2009,North,4,143.0,0.0
11147,2025-08-24,1040,2005,South,2,1139.74,0.1
12170,2025-08-24,1067,2016,West,8,313.51,0.0
12748,2025-08-24,1080,2022,West,2,1112.67,0.0
10113,2025-08-25,1028,2017,East,4,259.66,0.0
10226,2025-08-25,1007,2012,East,7,341.08,0.1
10855,2025-08-25,1094,2032,South,9,8.71,0.0
11447,2025-08-25,1011,2010,South,6,102.23,0.0
11531,2025-08-25,1024,2006,North,1,83.7,0.1
11647,2025-08-25,1057,2016,North,8,400.81,0.1
12363,2025-08-25,1096,2010,North,6,94.57,0.15
12575,2025-08-25,1029,2007,South,6,132.66,0.0
12614,2025-08-25,1013,2039,North,6,20.73,0.0
12670,2025-08-25,1087,2024,East,6,885.25,0.1
10290,2025-08-26,1032,2039,East,5,10.17,0.0
11155,2025-08-26,1005,2036,North,3,18.27,0.05
11645,2025-08-26,1076,2002,North,3,1347.81,0.15
10273,2025-08-27,1072,2008,West,3,85.36,0.05
10373,2025-08-27,1083,2007,North,5,65.76,0.0
10492,2025-08-27,1085,2018,East,3,174.38,0.1
10605,2025-08-27,1090,2019,South,3,140.39,0.0
10715,2025-08-27,1071,2018,West,2,103.92,0.1
10851,2025-08-27,1090,2033,North,5,34.18,0.05
10870,2025-08-27,1082,2027,North,9,520.64,0.0
11477,2025-08-27,1087,2021,East,7,1149.13,0.0
12071,2025-08-27,1019,2009,East,9,130.58,0.05
12424,2025-08-27,1049,2017,South,6,140.71,0.0
10246,2025-08-28,1099,2021,North,1,987.53,0.0
11484,2025-08-28,1053,2041,West,8,12.87,0.0
11528,2025-08-28,1040,2001,East,1,1689.83,0.1
11830,2025-08-28,1074,2001,South,1,1571.47,0.05
12775,2025-08-28,1041,2023,East,9,1193.42,0.0
10184,2025-08-29,1001,2021,South,6,759.83,0.05
10595,2025-08-29,1064,2018,West,3,233.73,0.0
12048,2025-08-29,1065,2026,West,1,205.19,0.0
10628,2025-08-30,1025,2012,North,5,511.41,0.0
10804,2025-08-30,1044,2011,South,3,898.83,0.0
10805,2025-08-30,1045,2001,West,7,823.22,0.1
11610,2025-08-30,1044,2010,West,3,98.32,0.0
12266,2025-08-30,1058,2035,South,4,14.22,0.0
10307,2025-08-31,1016,2005,East,2,897.05,0.05
10324,2025-08-31,1066,2020,South,3,280.32,0.05
10410,2025-08-31,1059,2008,East,6,69.42,0.0
10482,2025-08-31,1072,2039,East,8,21.24,0.05
11106,2025-08-31,1022,2022,North,8,1098.65,0.0
11126,2025-08-31,1077,2001,North,6,962.33,0.1
11358,2025-08-31,1012,2002,West,7,1902.61,0.0
11622,2025-08-31,1005,2012,South,1,1133.05,0.0
12115,2025-08-31,1033,2030,West,4,294.48,0.0
12641,2025-08-31,1039,2012,West,4,720.81,0.15
10156,2025-09-01,1041,2011,South,7,359.36,0.0
10350,2025-09-01,1013,2011,West,4,542.09,0.15
10894,2025-09-01,1071,2016,East,5,222.71,0.0
11094,2025-09-01,1026,2002,South,3,1294.95,0.0
11220,2025-09-01,1040,2026,South,5,567.8,0.0
11281,2025-09-01,1092,2041,South,6,4.5,0.05
11927,2025-09-01,1071,2041,East,1,7.03,0.0
11990,2025-09-01,1014,2010,West,6,56.15,0.1
12042,2025-09-01,1089,2037,North,2,18.45,0.0
10845,2025-09-02,1067,2030,South,7,155.95,0.15
10941,2025-09-02,1024,2008,West,4,19.75,0.0
12221,2025-09-02,1092,2017,East,8,181.22,0.0
12271,2025-09-02,1087,2045,North,6,13.27,0.0
10180,2025-09-03,1020,2001,South,6,1343.28,0.0
10294,2025-09-03,1095,2009,West,9,87.64,0.15
10485,2025-09-03,1049,2044,West,3,14.53,0.05
10709,2025-09-03,1047,2001,East,1,1521.81,0.05
10934,2025-09-03,1038,2015,West,4,1127.78,0.05
12001,2025-09-03,1054,2014,South,3,1032.1,0.0
10834,2025-09-04,1080,2018,West,7,210.94,0.0
10981,2025-09-04,1008,2022,West,3,1180.05,0.1
11013,2025-09-04,1006,2005,East,7,894.96,0.05
11401,2025-09-04,1030,2001,North,8,1461.14,0.0
11694,2025-09-04,1099,2013,South,2,875.1,0.1
11893,2025-09-04,1079,2008,East,3,18.53,0.0
12373,2025-09-04,1065,2035,East,9,25.5,0.0
10254,2025-09-05,1054,2044,South,6,14.66,0.0
10824,2025-09-05,1092,2014,West,8,635.75,0.05
11615,2025-09-05,1052,2011,South,9,666.4,0.0
11667,2025-09-05,1060,2041,North,6,8.01,0.05
11970,2025-09-05,1060,2001,West,9,1675.1,0.0
12669,2025-09-05,1007,2001,West,3,1892.41,0.0
10676,2025-09-06,1055,2022,East,4,315.89,0.0
10727,2025-09-06,1064,2004,South,6,1324.36,0.1
10832,2025-09-06,1072,2040,West,4,17.09,0.0
10993,2025-09-06,1089,2024,South,4,701.38,0.0
11385,2025-09-06,1067,2007,West,2,60.95,0.0
11580,2025-09-06,1024,2002,West,8,993.63,0.15
11709,2025-09-06,1056,2026,South,9,164.81,0.15
12381,2025-09-06,1006,2020,North,8,158.02,0.0
10303,2025-09-07,1072,2034,West,1,7.86,0.0
10584,2025-09-07,1094,2009,North,5,86.36,0.0
11054,2025-09-07,1096,2007,South,3,97.36,0.05
11062,2025-09-07,1001,2018,North,8,110.11,0.05
11382,2025-09-07,1077,2019,South,2,309.91,0.0
10108,2025-09-08,1030,2014,West,8,503.92,0.0
10286,2025-09-08,1057,2026,North,3,437.1,0.0
11406,2025-09-08,1065,2013,South,1,1193.17,0.0
11938,2025-09-08,1096,2001,East,8,1096.16,0.0
12139,2025-09-08,1057,2012,North,8,634.69,0.0
12680,2025-09-08,1014,2023,South,2,793.58,0.0
10138,2025-09-09,1050,2004,East,1,1397.96,0.0
10714,2025-09-09,1040,2008,East,5,106.6,0.1
11565,2025-09-09,1091,2028,North,9,445.83,0.05
11683,2025-09-09,1009,2015,West,4,644.93,0.0
12211,2025-09-09,1073,2042,West,4,12.45,0.0
10425,2025-09-10,1002,2025,East,7,433.58,0.0
10859,2025-09-10,1033,2043,East,2,12.98,0.15
11376,2025-09-10,1012,2005,East,6,1003.95,0.0
11932,2025-09-10,1073,2032,South,8,38.37,0.0
12418,2025-09-10,1024,2014,East,4,918.43,0.1
12608,2025-09-10,1027,2010,North,7,78.74,0.05
12686,2025-09-10,1097,2023,West,2,563.58,0.15
10607,2025-09-11,1005,2003,North,4,1614.49,0.0
11177,2025-09-11,1052,2037,West,6,18.25,0.0
11678,2025-09-11,1023,2014,North,5,1057.32,0.0
12331,2025-09-11,1097,2004,South,3,1741.76,0.05
12639,2025-09-11,1016,2013,East,7,410.04,0.1
12695,2025-09-11,1019,2015,South,5,976.22,0.1
11137,2025-09-12,1078,2040,North,4,8.28,0.0
11696,2025-09-12,1023,2029,East,1,141.78,0.1
11757,2025-09-12,1036,2024,East,7,302.64,0.0
11782,2025-09-12,1087,2002,West,3,1075.61,0.05
11930,2025-09-12,1001,2011,North,9,1178.33,0.05
12107,2025-09-12,1074,2002,South,2,1268.23,0.05
10414,2025-09-13,1026,2033,North,2,17.17,0.1
11306,2025-09-13,1048,2038,East,1,17.87,0.05
11346,2025-09-13,1043,2017,West,3,492.94,0.05
11429,2025-09-13,1093,2045,South,1,4.11,0.05
11639,2025-09-13,1034,2027,South,7,472.67,0.0
11785,2025-09-13,1061,2013,East,8,382.9,0.05
11900,2025-09-13,1070,2024,West,1,817.89,0.0
12420,2025-09-13,1003,2020,East,9,284.5,0.15
10974,2025-09-14,1052,2017,East,3,83.24,0.0
11247,2025-09-14,1079,2001,North,4,1611.99,0.1
11597,2025-09-14,1023,2040,East,8,21.91,0.05
12247,2025-09-14,1015,2002,South,5,1942.6,0.0
10154,2025-09-15,1064,2026,North,8,407.36,0.15
10239,2025-09-15,1004,2005,West,1,941.45,0.0
10447,2025-09-15,1001,2011,West,4,404.11,0.05
10853,2025-09-15,1037,2003,East,2,1015.32,0.05
10860,2025-09-15,1082,2015,West,5,594.88,0.15
11015,2025-09-15,1091,2036,South,9,20.77,0.1
11507,2025-09-15,1072,2035,North,7,33.57,0.0
11752,2025-09-15,1069,2012,East,6,499.99,0.05
12343,2025-09-15,1065,2007,North,2,112.8,0.05
12405,2025-09-15,1010,2019,North,8,420.42,0.1
12544,2025-09-15,1064,2007,East,2,48.99,0.15
12750,2025-09-15,1021,2010,East,5,109.96,0.1
10219,2025-09-16,1070,2013,South,1,486.77,0.05
10301,2025-09-16,1068,2005,South,4,968.95,0.15
10435,2025-09-16,1076,2021,East,3,616.09,0.0
11202,2025-09-16,1009,2010,East,9,102.16,0.0
11491,2025-09-16,1030,2009,North,8,140.01,0.1
12327,2025-09-16,1068,2037,North,9,15.93,0.05
12480,2025-09-16,1089,2044,West,6,14.97,0.05
12747,2025-09-16,1068,2012,North,7,468.59,0.0
11340,2025-09-17,1081,2039,East,8,13.79,0.0
11722,2025-09-17,1044,2004,North,5,1298.6,0.05
12014,2025-09-17,1044,2009,South,4,29.67,0.0
12289,2025-09-17,1024,2010,South,7,99.62,0.0
12675,2025-09-17,1065,2019,South,2,258.62,0.0
10132,2025-09-18,1068,2016,East,7,278.27,0.15
10477,2025-09-18,1036,2042,North,7,10.01,0.0
10561,2025-09-18,1074,2036,West,6,23.16,0.1
11287,2025-09-18,1016,2005,West,1,1199.97,0.0
11345,2025-09-18,1081,2003,East,8,1416.75,0.05
11514,2025-09-18,1034,2019,North,9,278.95,0.05
11714,2025-09-18,1080,2004,South,5,950.67,0.15
12008,2025-09-18,1084,2037,South,5,4.1,0.0
12404,2025-09-18,1011,2007,South,7,78.44,0.0
12483,2025-09-18,1044,2029,South,7,254.97,0.0
12565,2025-09-18,1099,2022,West,5,574.7,0.0
10490,2025-09-19,1031,2014,North,3,646.58,0.1
10818,2025-09-19,1038,2001,East,7,1540.86,0.0
11374,2025-09-19,1018,2045,West,5,4.19,0.15
11986,2025-09-19,1057,2019,North,7,466.41,0.0
12248,2025-09-19,1034,2003,West,9,1263.83,0.0
12255,2025-09-19,1069,2004,West,9,1982.77,0.1
12371,2025-09-19,1007,2002,East,7,1635.82,0.0
12606,2025-09-19,1092,2026,West,2,130.07,0.1
10913,2025-09-20,1054,2025,West,3,1136.5,0.0
11189,2025-09-20,1010,2045,East,9,8.35,0.0
11257,2025-09-20,1076,2039,South,5,11.58,0.05
11603,2025-09-20,1060,2015,West,7,657.6,0.0
12105,2025-09-20,1094,2006,South,9,105.88,0.05
12110,2025-09-20,1070,2002,North,3,1457.12,0.1
10915,2025-09-21,1037,2003,South,5,816.8,0.0
11926,2025-09-21,1077,2015,West,5,591.18,0.05
11936,2025-09-21,1083,2011,South,6,379.48,0.0
12196,2025-09-21,1076,2028,North,5,511.48,0.0
10197,2025-09-22,1055,2038,North,5,14.31,0.1
10302,2025-09-22,1083,2007,East,4,135.45,0.0
10343,2025-09-22,1089,2028,West,3,263.89,0.0
10589,2025-09-22,1082,2022,East,4,891.61,0.05
10757,2025-09-22,1072,2020,North,9,388.9,0.05
11181,2025-09-22,1024,2028,East,1,337.16,0.15
11427,2025-09-22,1003,2021,South,1,536.77,0.05
11952,2025-09-22,1010,2022,West,5,430.51,0.15
12188,2025-09-22,1034,2045,North,7,4.65,0.05
12302,2025-09-22,1026,2043,North,1,11.43,0.0
12679,2025-09-22,1024,2028,South,5,565.55,0.0
10341,2025-09-23,1064,2011,North,7,876.35,0.05
10371,2025-09-23,1090,2034,West,3,39.91,0.05
11753,2025-09-23,1098,2040,South,9,17.58,0.1
12403,2025-09-23,1012,2008,East,3,128.27,0.0
12458,2025-09-23,1034,2019,West,3,394.36,0.0
10530,2025-09-24,1054,2014,West,1,322.55,0.1
10862,2025-09-24,1023,2013,North,9,450.58,0.1
11367,2025-09-24,1010,2001,East,4,1602.38,0.15
12636,2025-09-24,1008,2002,West,8,1886.45,0.1
10266,2025-09-25,1082,2022,West,9,226.71,0.0
10409,2025-09-25,1034,2009,South,6,145.5,0.05
10606,2025-09-25,1044,2014,South,3,831.22,0.1
10828,2025-09-25,1057,2006,South,1,60.03,0.05
10953,2025-09-25,1027,2010,West,8,37.22,0.0
11955,2025-09-25,1081,2009,West,2,114.46,0.0
12491,2025-09-25,1001,2013,East,9,643.87,0.1
10163,2025-09-26,1031,2005,South,3,1028.65,0.0
10868,2025-09-26,1017,2022,West,7,418.36,0.0
10919,2025-09-26,1013,2035,South,3,23.7,0.0
11560,2025-09-26,1095,2024,North,2,579.82,0.15
11764,2025-09-26,1058,2028,East,4,592.13,0.1
11906,2025-09-26,1063,2039,South,4,6.83,0.15
12535,2025-09-26,1003,2039,East,5,21.68,0.0
12650,2025-09-26,1039,2038,West,6,18.71,0.0
10465,2025-09-27,1025,2028,East,4,108.88,0.1
11278,2025-09-27,1054,2026,West,2,151.55,0.0
11653,2025-09-27,1021,2022,South,3,1153.29,0.0
11858,2025-09-27,1011,2003,South,7,1149.27,0.0
12091,2025-09-27,1082,2007,West,1,64.41,0.15
12542,2025-09-27,1095,2015,South,7,763.3,0.1
10702,2025-09-28,1009,2011,West,4,1096.11,0.05
10826,2025-09-28,1087,2028,East,5,301.79,0.05
11151,2025-09-28,1058,2040,West,3,22.37,0.1
11691,2025-09-28,1072,2024,North,7,995.23,0.1
11717,2025-09-28,1044,2014,West,4,1086.9,0.15
12356,2025-09-28,1012,2011,West,9,815.42,0.1
12720,2025-09-28,1046,2004,West,2,1196.38,0.05
10133,2025-09-29,1023,2011,East,2,523.36,0.0
10357,2025-09-29,1039,2017,West,4,313.75,0.05
10541,2025-09-29,1085,2037,East,1,15.98,0.15
11292,2025-09-29,1066,2031,East,7,32.67,0.0
11472,2025-09-29,1100,2039,West,3,18.08,0.0
12191,2025-09-29,1094,2021,North,8,235.71,0.0
12209,2025-09-29,1056,2003,South,5,1696.45,0.0
12521,2025-09-29,1024,2021,South,9,419.2,0.0
12597,2025-09-29,1027,2017,North,8,339.88,0.0
10193,2025-09-30,1021,2027,West,4,532.02,0.1
10339,2025-09-30,1081,2033,North,8,29.39,0.0
10883,2025-09-30,1046,2002,West,6,1628.63,0.15
10975,2025-09-30,1063,2022,East,6,670.44,0.15
11375,2025-09-30,1098,2027,West,1,101.3,0.0
11595,2025-09-30,1078,2027,South,7,533.65,0.0
12752,2025-09-30,1092,2042,West,9,11.7,0.05
10990,2025-10-01,1024,2012,East,3,1197.83,0.0
11321,2025-10-01,1045,2023,North,4,728.71,0.0
11756,2025-10-01,1067,2012,West,2,643.4,0.0
11937,2025-10-01,1050,2018,East,2,397.72,0.0
12172,2025-10-01,1070,2005,West,7,1431.15,0.0
12392,2025-10-01,1037,2017,West,5,262.66,0.05
12800,2025-10-01,1023,2002,West,4,1098.1,0.0
10318,2025-10-02,1086,2001,South,9,1932.71,0.0
11216,2025-10-02,1070,2034,East,5,10.71,0.1
11381,2025-10-02,1010,2029,East,9,375.31,0.05
11834,2025-10-02,1066,2012,South,2,1152.78,0.05
12055,2025-10-02,1036,2009,East,1,27.96,0.1
12181,2025-10-02,1057,2012,East,1,959.1,0.0
12648,2025-10-02,1060,2012,West,2,1073.43,0.0
11701,2025-10-03,1073,2039,East,8,19.76,0.1
11962,2025-10-03,1023,2018,East,9,150.93,0.0
11979,2025-10-03,1021,2005,West,7,1698.78,0.15
12040,2025-10-03,1079,2016,West,7,373.88,0.1
12354,2025-10-03,1011,2010,East,4,131.54,0.0
12713,2025-10-03,1085,2008,West,9,47.36,0.05
10192,2025-10-04,1007,2038,South,2,5.27,0.05
10602,2025-10-04,1043,2009,West,2,137.9,0.05
10952,2025-10-04,1004,2021,North,7,448.71,0.1
11210,2025-10-04,1097,2030,South,9,482.52,0.0
12033,2025-10-04,1036,2017,East,8,136.4,0.1
12443,2025-10-04,1085,2013,West,3,1199.98,0.1
12697,2025-10-04,1056,2008,West,6,143.55,0.0
12707,2025-10-04,1028,2021,South,7,902.18,0.0
10281,2025-10-05,1097,2027,West,6,560.08,0.0
11157,2025-10-05,1032,2016,South,8,482.07,0.1
12260,2025-10-05,1026,2030,West,7,294.69,0.1
12319,2025-10-05,1066,2004,North,1,1007.15,0.1
12350,2025-10-05,1033,2004,West,1,968.38,0.15
12564,2025-10-05,1094,2001,East,4,1601.78,0.0
10542,2025-10-06,1078,2020,West,6,427.94,0.0
10726,2025-10-06,1046,2027,West,7,274.43,0.15
10885,2025-10-06,1076,2028,East,8,266.86,0.15
11021,2025-10-06,1031,2015,North,5,361.17,0.0
11037,2025-10-06,1028,2003,East,6,1888.9,0.15
11343,2025-10-06,1083,2025,South,6,700.11,0.0
11836,2025-10-06,1081,2005,North,9,1166.55,0.1
12134,2025-10-06,1081,2023,South,6,889.64,0.0
12199,2025-10-06,1077,2010,East,8,32.82,0.05
12698,2025-10-06,1023,2004,West,1,1624.31,0.0
10164,2025-10-07,1007,2028,South,7,404.0,0.05
10534,2025-10-07,1072,2003,East,3,1958.28,0.15
10873,2025-10-07,1046,2033,North,5,13.52,0.0
10888,2025-10-07,1080,2028,South,1,204.37,0.1
11323,2025-10-07,1072,2021,South,6,706.96,0.1
11571,2025-10-07,1094,2026,East,5,497.37,0.05
12619,2025-10-07,1070,2024,East,8,930.3,0.15
10140,2025-10-08,1037,2007,South,9,20.02,0.0
11471,2025-10-08,1026,2029,North,7,367.42,0.1
11609,2025-10-08,1023,2036,South,2,23.59,0.0
11896,2025-10-08,1095,2025,East,1,858.94,0.0
12724,2025-10-08,1080,2012,West,4,434.06,0.05
11064,2025-10-09,1050,2013,West,4,594.2,0.05
11095,2025-10-09,1064,2013,West,7,589.66,0.0
11122,2025-10-09,1083,2009,North,3,82.92,0.0
11127,2025-10-09,1045,2013,South,4,1108.31,0.0
11237,2025-10-09,1057,2023,East,6,637.21,0.05
11256,2025-10-09,1009,2020,East,3,108.68,0.15
11838,2025-10-09,1044,2002,South,5,1372.3,0.0
12028,2025-10-09,1098,2036,North,3,19.98,0.0
12620,2025-10-09,1061,2002,West,8,862.38,0.0
10513,2025-10-10,1048,2019,East,7,80.78,0.05
10543,2025-10-10,1048,2012,North,4,706.98,0.1
10563,2025-10-10,1017,2012,South,3,864.23,0.0
11307,2025-10-10,1029,2021,West,4,1146.93,0.0
11773,2025-10-10,1085,2003,East,8,1185.32,0.1
11905,2025-10-10,1088,2027,East,1,565.89,0.1
12200,2025-10-10,1065,2038,East,2,24.98,0.05
12618,2025-10-10,1018,2011,East,9,1065.13,0.05
10430,2025-10-11,1003,2030,West,2,311.63,0.15
10509,2025-10-11,1032,2026,South,7,204.77,0.15
10984,2025-10-11,1055,2007,East,4,48.18,0.1
10998,2025-10-11,1018,2019,North,9,357.42,0.0
11036,2025-10-11,1043,2015,East,9,653.42,0.0
12075,2025-10-11,1081,2017,North,4,147.84,0.0
12530,2025-10-11,1038,2015,South,9,609.08,0.1
10127,2025-10-12,1053,2015,East,8,466.43,0.0
11453,2025-10-12,1095,2012,West,7,591.37,0.0
11598,2025-10-12,1092,2031,West,7,37.99,0.0
11864,2025-10-12,1099,2004,North,3,1507.41,0.0
12579,2025-10-12,1058,2015,West,3,1156.92,0.15
10780,2025-10-13,1061,2045,West,1,4.98,0.0
10786,2025-10-13,1078,2031,East,4,34.96,0.0
10956,2025-10-13,1039,2032,East,9,37.71,0.05
11051,2025-10-13,1053,2044,West,2,11.93,0.05
11111,2025-10-13,1006,2026,East,3,599.14,0.0
11325,2025-10-13,1011,2016,West,4,288.61,0.0
11711,2025-10-13,1098,2034,West,3,22.11,0.0
11833,2025-10-13,1069,2035,East,4,10.17,0.05
12673,2025-10-13,1082,2012,North,6,407.5,0.0
10214,2025-10-14,1061,2027,North,6,153.73,0.15
10522,2025-10-14,1056,2038,South,5,16.68,0.05
10791,2025-10-14,1091,2021,North,5,999.01,0.0
10918,2025-10-14,1029,2022,East,2,676.76,0.05
11508,2025-10-14,1082,2012,West,3,1164.77,0.1
12176,2025-10-14,1008,2014,South,9,1185.76,0.0
10637,2025-10-15,1069,2036,North,9,15.97,0.1
11231,2025-10-15,1023,2022,East,2,221.74,0.0
11776,2025-10-15,1032,2020,North,1,85.83,0.1
11934,2025-10-15,1097,2003,South,4,1064.42,0.0
12155,2025-10-15,1094,2040,West,3,14.72,0.0
12344,2025-10-15,1097,2008,North,1,35.3,0.0
12377,2025-10-15,1065,2040,West,9,12.28,0.0
12738,2025-10-15,1055,2022,South,9,1122.37,0.1
10449,2025-10-16,1011,2015,South,6,781.29,0.0
10893,2025-10-16,1038,2002,South,6,1600.44,0.05
11486,2025-10-16,1028,2020,South,1,245.96,0.1
11487,2025-10-16,1088,2015,East,9,1156.67,0.15
11614,2025-10-16,1025,2014,South,7,433.66,0.0
11762,2025-10-16,1074,2036,West,7,7.99,0.15
11791,2025-10-16,1024,2036,South,7,18.18,0.05
12146,2025-10-16,1093,2010,South,5,49.59,0.15
12162,2025-10-16,1048,2010,North,6,76.5,0.0
12215,2025-10-16,1029,2030,North,1,165.94,0.05
12333,2025-10-16,1068,2014,South,3,770.21,0.0
12414,2025-10-16,1048,2039,North,7,4.84,0.0
12773,2025-10-16,1055,2043,South,8,12.21,0.0
11149,2025-10-17,1059,2004,West,3,1418.52,0.1
11745,2025-10-17,1065,2007,West,6,85.72,0.1
12184,2025-10-17,1093,2008,West,7,42.41,0.0
12799,2025-10-17,1054,2011,North,7,938.58,0.1
10190,2025-10-18,1036,2038,South,5,3.6,0.0
10724,2025-10-18,1094,2010,North,6,141.23,0.1
11146,2025-10-18,1078,2041,South,7,4.22,0.05
11199,2025-10-18,1099,2035,East,1,29.11,0.1
11438,2025-10-18,1057,2003,West,6,1107.95,0.05
11475,2025-10-18,1071,2008,West,6,57.1,0.15
12020,2025-10-18,1060,2015,West,8,430.91,0.0
12030,2025-10-18,1087,2042,North,9,14.49,0.0
12308,2025-10-18,1063,2023,East,4,639.08,0.1
10234,2025-10-19,1021,2004,North,9,896.06,0.0
10405,2025-10-19,1038,2026,East,4,319.66,0.05
10501,2025-10-19,1060,2027,North,2,567.86,0.05
10660,2025-10-19,1018,2025,West,3,1163.92,0.0
10799,2025-10-19,1015,2044,South,2,14.15,0.0
11009,2025-10-19,1045,2010,West,6,107.35,0.0
11420,2025-10-19,1034,2003,South,4,1805.29,0.0
11513,2025-10-19,1057,2038,North,5,4.16,0.1
11594,2025-10-19,1058,2009,East,7,57.09,0.15
11612,2025-10-19,1087,2027,West,3,579.38,0.0
11686,2025-10-19,1071,2009,East,2,130.62,0.0
12740,2025-10-19,1002,2008,North,4,93.55,0.05
10503,2025-10-20,1086,2009,South,8,28.84,0.0
10688,2025-10-20,1057,2007,East,8,21.75,0.1
10968,2025-10-20,1076,2024,North,8,662.49,0.0
11191,2025-10-20,1100,2013,West,8,748.62,0.0
11289,2025-10-20,1068,2005,West,6,1503.72,0.0
11399,2025-10-20,1074,2035,West,3,24.65,0.1
11880,2025-10-20,1026,2011,East,4,568.84,0.05
12218,2025-10-20,1091,2006,West,5,122.15,0.1
12417,2025-10-20,1087,2025,North,8,718.06,0.0
10340,2025-10-21,1055,2018,West,9,340.89,0.1
10529,2025-10-21,1048,2013,West,3,1158.84,0.0
10600,2025-10-21,1095,2038,West,4,3.74,0.15
10645,2025-10-21,1025,2031,South,3,12.43,0.05
10649,2025-10-21,1091,2002,South,7,965.49,0.0
10797,2025-10-21,1031,2014,South,3,988.41,0.0
10960,2025-10-21,1066,2002,South,5,1173.59,0.1
11154,2025-10-21,1082,2007,West,9,137.03,0.05
11320,2025-10-21,1098,2042,West,7,4.24,0.1
12562,2025-10-21,1067,2034,North,7,22.9,0.1
12677,2025-10-21,1034,2003,South,1,1209.57,0.1
12779,2025-10-21,1059,2023,West,8,1009.81,0.0
12794,2025-10-21,1036,2003,East,4,1510.08,0.1
10712,2025-10-22,1079,2036,South,5,21.9,0.05
10912,2025-10-22,1050,2041,North,7,7.93,0.0
11079,2025-10-22,1083,2027,East,1,314.01,0.0
11407,2025-10-22,1078,2003,North,1,1536.4,0.1
12122,2025-10-22,1093,2008,North,8,115.23,0.0
12169,2025-10-22,1095,2020,South,9,274.48,0.1
12233,2025-10-22,1046,2001,West,2,973.89,0.0
10448,2025-10-23,1004,2001,East,7,1775.29,0.0
11520,2025-10-23,1084,2010,West,2,56.83,0.0
11895,2025-10-23,1068,2038,West,3,8.2,0.05
11901,2025-10-23,1024,2015,West,6,924.97,0.0
12281,2025-10-23,1023,2031,South,9,16.25,0.1
10129,2025-10-24,1085,2025,West,2,303.27,0.0
10519,2025-10-24,1074,2008,North,8,21.77,0.05
10538,2025-10-24,1083,2012,North,2,632.64,0.05
10773,2025-10-24,1089,2006,South,5,47.38,0.15
11163,2025-10-24,1011,2003,West,4,1085.14,0.05
11422,2025-10-24,1052,2026,West,2,595.42,0.0
11467,2025-10-24,1088,2039,West,1,19.54,0.1
10103,2025-10-25,1009,2014,East,7,717.53,0.05
10683,2025-10-25,1058,2027,South,6,360.25,0.1
11500,2025-10-25,1038,2016,South,8,331.3,0.0
11608,2025-10-25,1082,2033,East,9,37.76,0.0
11703,2025-10-25,1074,2001,North,5,978.35,0.15
11735,2025-10-25,1050,2008,West,5,49.86,0.0
11909,2025-10-25,1094,2032,North,3,35.26,0.0
12060,2025-10-25,1054,2010,West,8,91.83,0.0
12419,2025-10-25,1064,2037,East,1,11.55,0.1
10548,2025-10-26,1093,2007,North,5,107.07,0.05
10578,2025-10-26,1053,2045,South,8,13.44,0.0
11572,2025-10-26,1083,2014,East,8,931.59,0.0
11859,2025-10-26,1009,2027,North,8,564.9,0.0
11997,2025-10-26,1047,2025,East,9,650.84,0.0
12022,2025-10-26,1031,2006,North,7,127.2,0.0
12143,2025-10-26,1086,2011,North,7,650.21,0.15
12382,2025-10-26,1071,2032,East,3,32.86,0.15
12672,2025-10-26,1091,2039,East,9,10.54,0.0
10648,2025-10-27,1053,2025,East,2,818.66,0.15
11192,2025-10-27,1035,2004,West,2,983.26,0.0
11264,2025-10-27,1040,2013,North,1,1017.02,0.05
12349,2025-10-27,1086,2039,South,2,5.04,0.05
12388,2025-10-27,1035,2003,East,7,1167.09,0.0
12531,2025-10-27,1029,2006,East,7,99.85,0.05
12683,2025-10-27,1077,2007,West,2,75.06,0.0
11634,2025-10-28,1058,2010,South,9,87.6,0.0
11657,2025-10-28,1085,2014,South,5,352.28,0.15
12330,2025-10-28,1035,2039,South,4,13.53,0.0
10151,2025-10-29,1021,2041,North,8,14.51,0.1
10155,2025-10-29,1047,2006,East,5,46.71,0.0
10884,2025-10-29,1066,2012,South,5,801.88,0.0
11329,2025-10-29,1071,2032,South,3,7.06,0.1
11655,2025-10-29,1092,2005,East,2,1604.95,0.0
12590,2025-10-29,1050,2029,North,3,551.96,0.15
10262,2025-10-30,1044,2017,East,5,104.34,0.0
10287,2025-10-30,1001,2029,West,6,423.59,0.0
10764,2025-10-30,1080,2026,South,3,500.61,0.05
11228,2025-10-30,1059,2012,North,1,362.06,0.0
11262,2025-10-30,1073,2039,East,6,18.85,0.05
11319,2025-10-30,1036,2014,South,4,790.92,0.0
11626,2025-10-30,1061,2025,South,6,686.34,0.05
11914,2025-10-30,1006,2045,East,3,14.31,0.0
12074,2025-10-30,1077,2038,South,5,18.26,0.0
12475,2025-10-30,1065,2022,West,3,547.74,0.0
12540,2025-10-30,1091,2034,North,4,17.87,0.15
12568,2025-10-30,1028,2025,West,5,716.98,0.15
10118,2025-10-31,1042,2007,East,2,23.67,0.1
10830,2025-10-31,1079,2028,East,2,306.36,0.05
11793,2025-10-31,1045,2003,West,1,876.04,0.05
11855,2025-10-31,1065,2004,North,4,819.33,0.0
12138,2025-10-31,1068,2018,West,8,355.68,0.0
10218,2025-11-01,1030,2023,North,8,933.24,0.05
10298,2025-11-01,1089,2007,North,3,76.34,0.05
10367,2025-11-01,1095,2012,North,6,872.41,0.0
10377,2025-11-01,1022,2028,South,9,197.12,0.0
10667,2025-11-01,1068,2008,South,2,145.04,0.0
11130,2025-11-01,1012,2001,North,4,1029.01,0.0
11209,2025-11-01,1009,2045,East,7,2.09,0.0
11223,2025-11-01,1006,2012,West,3,1167.78,0.1
11547,2025-11-01,1083,2040,East,2,14.55,0.0
11559,2025-11-01,1056,2015,North,5,1123.07,0.1
12296,2025-11-01,1030,2011,West,1,506.19,0.1
12561,2025-11-01,1007,2009,North,6,42.35,0.05
10212,2025-11-02,1030,2001,South,6,1078.44,0.05
11587,2025-11-02,1031,2004,North,4,1376.35,0.0
11724,2025-11-02,1021,2038,South,6,9.46,0.1
11875,2025-11-02,1061,2010,West,1,102.17,0.1
12068,2025-11-02,1053,2041,East,4,5.06,0.0
12250,2025-11-02,1090,2021,North,1,1122.51,0.0
12263,2025-11-02,1077,2025,North,7,611.39,0.0
12407,2025-11-02,1027,2030,North,8,482.1,0.0
12624,2025-11-02,1023,2001,East,9,1017.89,0.1
12783,2025-11-02,1010,2007,South,9,80.55,0.0
10728,2025-11-03,1060,2025,North,6,606.83,0.15
10752,2025-11-03,1033,2006,East,7,125.78,0.05
11313,2025-11-03,1100,2024,South,8,365.03,0.0
11862,2025-11-03,1059,2002,South,8,1870.23,0.1
12486,2025-11-03,1064,2038,East,7,4.84,0.0
10195,2025-11-04,1011,2015,North,7,683.68,0.05
11251,2025-11-04,1095,2013,East,6,1195.4,0.0
11411,2025-11-04,1012,2035,South,8,15.57,0.0
12125,2025-11-04,1072,2025,East,1,226.1,0.15
12314,2025-11-04,1092,2006,West,2,19.26,0.1
12471,2025-11-04,1057,2013,South,8,900.48,0.15
12485,2025-11-04,1055,2035,South,3,27.49,0.0
12513,2025-11-04,1076,2009,West,4,137.42,0.05
12726,2025-11-04,1019,2013,East,5,993.08,0.0
12749,2025-11-04,1085,2006,East,4,145.54,0.05
12762,2025-11-04,1027,2003,North,9,1377.26,0.0
10104,2025-11-05,1005,2031,East,8,16.49,0.1
10204,2025-11-05,1066,2001,East,9,891.35,0.05
10458,2025-11-05,1060,2006,West,8,84.13,0.0
10557,2025-11-05,1085,2012,East,9,457.69,0.0
10623,2025-11-05,1045,2011,North,8,369.24,0.05
11740,2025-11-05,1051,2038,West,2,8.52,0.05
11754,2025-11-05,1045,2017,South,4,113.8,0.0
12348,2025-11-05,1009,2014,North,3,1008.95,0.15
10119,2025-11-06,1067,2014,West,1,873.38,0.0
10354,2025-11-06,1068,2026,South,1,596.71,0.0
10742,2025-11-06,1042,2026,West,1,257.25,0.0
11774,2025-11-06,1029,2034,North,2,29.71,0.15
11849,2025-11-06,1097,2013,East,6,635.82,0.1
12292,2025-11-06,1003,2015,North,8,829.43,0.0
10167,2025-11-07,1096,2012,North,1,1079.92,0.1
10217,2025-11-07,1039,2013,West,7,1145.41,0.1
10948,2025-11-07,1085,2045,South,7,14.51,0.05
10961,2025-11-07,1061,2044,West,2,4.11,0.1
10995,2025-11-07,1036,2009,East,7,82.24,0.0
12054,2025-11-07,1068,2015,North,6,1158.51,0.15
12429,2025-11-07,1052,2005,West,1,1839.83,0.1
12466,2025-11-07,1100,2026,East,8,391.96,0.1
12602,2025-11-07,1064,2021,South,6,200.55,0.1
12656,2025-11-07,1085,2009,East,2,82.71,0.1
12658,2025-11-07,1007,2039,North,6,6.1,0.05
12704,2025-11-07,1044,2015,East,2,782.76,0.05
10183,2025-11-08,1077,2015,South,1,1146.57,0.0
10858,2025-11-08,1091,2014,North,7,457.17,0.0
11233,2025-11-08,1067,2009,East,4,39.94,0.0
11356,2025-11-08,1067,2025,North,1,358.7,0.0
11643,2025-11-08,1094,2009,North,7,108.8,0.0
12141,2025-11-08,1071,2009,South,5,41.72,0.0
12335,2025-11-08,1078,2039,West,9,24.94,0.05
12595,2025-11-08,1016,2010,East,5,136.67,0.0
10275,2025-11-09,1052,2009,North,3,61.05,0.1
10416,2025-11-09,1005,2043,East,9,14.04,0.05
10439,2025-11-09,1034,2028,East,9,405.65,0.0
10741,2025-11-09,1070,2005,North,4,1307.93,0.0
11552,2025-11-09,1067,2032,West,1,10.4,0.1
11652,2025-11-09,1025,2014,East,9,925.25,0.05
12085,2025-11-09,1011,2037,North,6,3.6,0.0
12206,2025-11-09,1052,2014,West,2,657.5,0.0
12571,2025-11-09,1046,2027,South,5,111.95,0.0
10550,2025-11-10,1008,2001,North,9,1924.12,0.0
10616,2025-11-10,1050,2022,North,5,320.77,0.05
11033,2025-11-10,1001,2020,West,4,125.81,0.15
11234,2025-11-10,1061,2007,South,8,102.49,0.15
11485,2025-11-10,1079,2007,North,8,23.14,0.05
12270,2025-11-10,1042,2034,South,9,39.05,0.1
12279,2025-11-10,1020,2028,North,6,487.75,0.0
12460,2025-11-10,1039,2023,West,1,1100.32,0.0
10558,2025-11-11,1001,2017,East,1,295.22,0.0
10843,2025-11-11,1028,2002,South,2,958.89,0.0
10856,2025-11-11,1025,2012,East,8,460.1,0.05
11077,2025-11-11,1078,2012,West,7,403.01,0.0
11553,2025-11-11,1044,2039,North,5,20.65,0.0
11561,2025-11-11,1074,2006,East,7,77.29,0.0
11586,2025-11-11,1021,2024,South,5,293.85,0.1
11989,2025-11-11,1076,2012,North,8,1150.35,0.0
10569,2025-11-12,1085,2004,South,1,1402.61,0.15
10854,2025-11-12,1027,2007,North,3,35.74,0.0
11706,2025-11-12,1030,2020,West,4,369.78,0.0
12306,2025-11-12,1084,2017,West,9,278.12,0.0
12433,2025-11-12,1002,2007,East,1,77.63,0.0
12484,2025-11-12,1029,2011,South,7,350.11,0.0
10208,2025-11-13,1035,2011,South,5,520.38,0.1
10238,2025-11-13,1069,2014,South,4,708.8,0.05
10243,2025-11-13,1092,2026,West,1,516.73,0.1
10269,2025-11-13,1003,2014,South,9,429.82,0.05
10398,2025-11-13,1004,2031,East,7,16.73,0.05
10677,2025-11-13,1047,2028,East,6,201.34,0.05
11115,2025-11-13,1093,2026,East,5,375.78,0.0
11156,2025-11-13,1070,2002,North,9,1091.03,0.0
11662,2025-11-13,1022,2003,North,9,1649.13,0.0
12254,2025-11-13,1025,2002,West,6,1817.24,0.05
12512,2025-11-13,1070,2018,South,5,397.66,0.05
12795,2025-11-13,1047,2043,South,2,9.97,0.05
10798,2025-11-14,1064,2026,North,2,547.8,0.15
11050,2025-11-14,1099,2015,North,8,1009.85,0.0
11272,2025-11-14,1010,2014,East,6,512.51,0.05
12226,2025-11-14,1041,2019,East,1,119.94,0.0
10316,2025-11-15,1007,2019,West,5,459.74,0.1
10721,2025-11-15,1069,2002,South,2,990.03,0.0
10831,2025-11-15,1019,2012,North,2,695.19,0.0
11101,2025-11-15,1002,2043,East,1,7.58,0.15
11987,2025-11-15,1087,2021,East,2,962.42,0.0
10107,2025-11-16,1060,2038,East,7,12.09,0.05
10332,2025-11-16,1070,2024,West,4,494.51,0.0
10454,2025-11-16,1033,2030,West,7,393.88,0.05
11412,2025-11-16,1045,2041,West,4,5.02,0.0
11416,2025-11-16,1015,2010,East,6,117.58,0.05
11445,2025-11-16,1087,2004,South,4,1325.19,0.0
11606,2025-11-16,1009,2029,West,2,381.68,0.05
12685,2025-11-16,1003,2009,North,7,79.02,0.0
10152,2025-11-17,1012,2005,East,1,1991.41,0.0
11161,2025-11-17,1079,2005,West,9,877.5,0.05
11183,2025-11-17,1069,2037,East,5,3.46,0.0
11259,2025-11-17,1007,2029,North,2,170.84,0.15
11690,2025-11-17,1077,2038,West,2,11.0,0.0
11718,2025-11-17,1088,2044,West,3,11.47,0.0
12123,2025-11-17,1077,2013,North,3,472.85,0.1
10464,2025-11-18,1006,2027,East,6,378.4,0.0
10494,2025-11-18,1093,2036,South,7,9.63,0.05
11084,2025-11-18,1017,2024,North,2,258.23,0.1
11450,2025-11-18,1083,2030,West,4,164.01,0.05
11518,2025-11-18,1005,2027,West,4,395.77,0.0
12623,2025-11-18,1076,2012,West,9,854.48,0.0
10438,2025-11-19,1016,2030,North,1,405.01,0.0
10613,2025-11-19,1031,2011,South,9,542.78,0.1
11432,2025-11-19,1081,2044,North,9,8.72,0.1
11480,2025-11-19,1016,2028,South,6,250.61,0.0
11705,2025-11-19,1017,2039,South,9,5.41,0.1
11759,2025-11-19,1066,2005,West,9,1531.86,0.0
11828,2025-11-19,1034,2017,North,8,180.4,0.15
12136,2025-11-19,1033,2033,East,8,12.93,0.0
12791,2025-11-19,1005,2032,East,7,22.27,0.0
10515,2025-11-20,1054,2040,South,4,18.1,0.0
10987,2025-11-20,1030,2010,West,4,127.56,0.0
11213,2025-11-20,1070,2017,South,2,369.35,0.0
11933,2025-11-20,1076,2025,East,3,507.58,0.15
12145,2025-11-20,1099,2019,South,3,488.58,0.15
12716,2025-11-20,1094,2013,South,4,490.77,0.05
12728,2025-11-20,1082,2032,East,6,12.1,0.0
10215,2025-11-21,1035,2018,North,1,367.51,0.1
10696,2025-11-21,1032,2013,North,7,422.76,0.0
10861,2025-11-21,1089,2044,North,8,6.47,0.1
10965,2025-11-21,1083,2008,South,2,94.22,0.05
11178,2025-11-21,1068,2037,North,7,12.97,0.05
11282,2025-11-21,1063,2002,West,8,1634.07,0.0
11617,2025-11-21,1037,2029,South,9,295.08,0.0
11621,2025-11-21,1066,2033,West,2,36.59,0.05
10128,2025-11-22,1021,2032,West,8,37.4,0.05
10391,2025-11-22,1048,2041,East,6,11.7,0.1
10954,2025-11-22,1015,2039,South,8,4.54,0.0
11698,2025-11-22,1073,2001,East,4,1768.29,0.1
10250,2025-11-23,1082,2036,West,5,20.22,0.05
10680,2025-11-23,1028,2011,South,2,369.14,0.15
10838,2025-11-23,1028,2011,North,8,796.7,0.1
10874,2025-11-23,1058,2014,West,2,604.09,0.0
11284,2025-11-23,1095,2040,South,4,3.68,0.0
11308,2025-11-23,1069,2001,South,9,1598.36,0.0
11525,2025-11-23,1053,2014,North,5,769.94,0.05
12408,2025-11-23,1052,2004,West,9,1680.52,0.1
12462,2025-11-23,1079,2033,North,9,12.89,0.0
10224,2025-11-24,1069,2024,South,4,203.54,0.15
10385,2025-11-24,1075,2040,West,1,4.75,0.0
10806,2025-11-24,1058,2034,West,4,39.78,0.05
10821,2025-11-24,1028,2008,East,6,15.65,0.0
10983,2025-11-24,1085,2015,East,7,515.36,0.05
11248,2025-11-24,1014,2021,South,7,731.65,0.05
11941,2025-11-24,1091,2006,West,8,36.36,0.05
12629,2025-11-24,1070,2018,East,1,138.12,0.0
12754,2025-11-24,1087,2040,South,8,9.65,0.05
10369,2025-11-25,1008,2015,North,3,454.17,0.0
10441,2025-11-25,1044,2023,West,1,571.35,0.0
11022,2025-11-25,1064,2043,West,8,14.87,0.0
11081,2025-11-25,1009,2025,North,9,500.61,0.05
11138,2025-11-25,1089,2013,North,7,305.86,0.0
11188,2025-11-25,1018,2023,East,5,1054.8,0.1
11225,2025-11-25,1079,2010,East,2,140.81,0.1
11300,2025-11-25,1022,2035,West,4,29.14,0.0
12175,2025-11-25,1071,2011,North,9,659.07,0.0
10382,2025-11-26,1090,2036,North,4,14.49,0.05
10384,2025-11-26,1066,2003,East,4,1463.38,0.0
10877,2025-11-26,1058,2016,South,6,364.48,0.0
11550,2025-11-26,1031,2015,West,3,660.02,0.15
11769,2025-11-26,1039,2031,West,9,13.08,0.1
11994,2025-11-26,1061,2008,East,8,100.49,0.05
12793,2025-11-26,1050,2014,North,8,691.86,0.1
10389,2025-11-27,1047,2013,South,2,451.37,0.0
10457,2025-11-27,1083,2012,South,8,902.66,0.15
10587,2025-11-27,1057,2011,East,9,666.41,0.0
10669,2025-11-27,1014,2035,West,4,20.05,0.0
10738,2025-11-27,1045,2025,South,2,809.11,0.0
11103,2025-11-27,1073,2025,West,4,1191.2,0.05
12097,2025-11-27,1012,2004,West,1,1168.25,0.05
12500,2025-11-27,1044,2005,West,1,1563.59,0.05
12627,2025-11-27,1083,2006,East,8,109.52,0.0
10206,2025-11-28,1096,2014,South,9,412.83,0.05
10296,2025-11-28,1049,2037,East,4,23.67,0.1
10580,2025-11-28,1042,2014,East,1,415.54,0.15
10582,2025-11-28,1060,2013,West,4,940.13,0.0
11357,2025-11-28,1075,2021,West,2,349.85,0.0
11535,2025-11-28,1067,2012,East,4,1005.33,0.1
12309,2025-11-28,1033,2025,South,4,303.75,0.05
12583,2025-11-28,1065,2027,South,4,217.92,0.0
11071,2025-11-29,1019,2007,West,6,127.42,0.0
11125,2025-11-29,1044,2006,North,6,127.19,0.05
11348,2025-11-29,1085,2021,North,1,1032.54,0.0
11591,2025-11-29,1034,2017,West,3,176.97,0.0
11684,2025-11-29,1060,2012,West,4,958.19,0.05
11825,2025-11-29,1047,2027,West,6,102.86,0.1
11860,2025-11-29,1059,2012,East,3,467.74,0.0
12041,2025-11-29,1011,2026,North,2,548.35,0.1
12362,2025-11-29,1031,2034,North,1,12.24,0.05
12538,2025-11-29,1076,2005,South,5,853.76,0.05
12588,2025-11-29,1058,2008,East,8,38.4,0.1
10259,2025-11-30,1086,2039,East,7,16.78,0.0
10555,2025-11-30,1050,2011,South,7,677.79,0.0
11276,2025-11-30,1087,2014,East,8,1112.7,0.05
11389,2025-11-30,1071,2018,North,6,129.85,0.0
11799,2025-11-30,1071,2008,North,4,54.9,0.0
11873,2025-11-30,1002,2001,North,8,822.16,0.0
12065,2025-11-30,1049,2034,North,8,34.52,0.0
11417,2025-12-01,1051,2013,North,6,904.27,0.0
11421,2025-12-01,1065,2040,East,9,16.37,0.0
11523,2025-12-01,1009,2027,North,2,441.93,0.0
11583,2025-12-01,1015,2024,South,8,957.09,0.0
11637,2025-12-01,1030,2015,West,9,489.53,0.0
11977,2025-12-01,1082,2011,North,3,820.8,0.05
12039,2025-12-01,1062,2022,North,1,515.93,0.05
12158,2025-12-01,1012,2001,North,9,1363.57,0.05
10283,2025-12-02,1075,2024,East,5,306.63,0.0
10526,2025-12-02,1081,2001,South,6,943.66,0.0
10792,2025-12-02,1096,2001,West,4,1294.09,0.0
11195,2025-12-02,1033,2013,East,4,1008.01,0.1
11369,2025-12-02,1080,2007,North,8,34.55,0.0
11748,2025-12-02,1086,2001,South,3,1866.74,0.05
12789,2025-12-02,1066,2012,East,8,1025.1,0.0
10172,2025-12-03,1075,2014,East,7,734.95,0.15
10311,2025-12-03,1098,2006,North,8,91.93,0.0
10495,2025-12-03,1033,2030,West,8,123.38,0.0
10547,2025-12-03,1094,2006,South,5,20.02,0.05
10748,2025-12-03,1049,2041,East,8,14.77,0.1
11041,2025-12-03,1077,2006,North,5,143.95,0.0
11206,2025-12-03,1095,2004,South,7,1918.77,0.0
12256,2025-12-03,1072,2014,North,7,631.16,0.0
12630,2025-12-03,1072,2002,East,8,1900.8,0.0
12765,2025-12-03,1019,2043,West,3,8.89,0.0
10253,2025-12-04,1013,2001,East,9,1642.84,0.0
10615,2025-12-04,1026,2013,East,5,592.39,0.0
10775,2025-12-04,1019,2015,South,8,550.21,0.0
11104,2025-12-04,1031,2010,North,8,54.2,0.0
11135,2025-12-04,1066,2012,West,6,491.29,0.05
11414,2025-12-04,1015,2015,West,7,881.15,0.0
11512,2025-12-04,1006,2017,West,5,288.57,0.1
12152,2025-12-04,1027,2022,South,5,477.69,0.15
12177,2025-12-04,1059,2018,South,7,338.22,0.1
12339,2025-12-04,1055,2038,North,2,24.93,0.0
12428,2025-12-04,1023,2015,East,2,354.13,0.0
10898,2025-12-05,1069,2037,South,3,3.0,0.15
11052,2025-12-05,1035,2005,West,9,1455.54,0.15
11295,2025-12-05,1012,2011,West,6,1139.86,0.0
12114,2025-12-05,1091,2013,South,6,599.09,0.0
12359,2025-12-05,1022,2037,North,2,11.47,0.0
12734,2025-12-05,1025,2017,North,2,386.06,0.0
10850,2025-12-06,1067,2002,North,3,1647.33,0.15
11056,2025-12-06,1075,2011,South,6,755.43,0.0
11221,2025-12-06,1053,2022,North,8,995.42,0.15
11339,2025-12-06,1057,2008,East,7,140.05,0.0
11388,2025-12-06,1035,2013,South,4,495.23,0.05
11482,2025-12-06,1037,2013,South,9,510.88,0.0
11573,2025-12-06,1090,2010,North,3,20.26,0.15
11971,2025-12-06,1020,2015,West,3,637.79,0.15
12751,2025-12-06,1003,2042,West,2,11.59,0.0
12776,2025-12-06,1063,2004,North,3,1601.62,0.0
10225,2025-12-07,1005,2024,East,1,1022.54,0.1
10681,2025-12-07,1055,2008,West,5,146.93,0.15
10969,2025-12-07,1001,2045,West,8,12.24,0.0
11342,2025-12-07,1012,2017,South,5,317.69,0.0
11353,2025-12-07,1072,2029,South,1,189.25,0.05
11380,2025-12-07,1058,2026,North,1,485.71,0.05
11556,2025-12-07,1096,2030,West,8,223.26,0.0
11804,2025-12-07,1045,2036,West,9,18.73,0.05
12026,2025-12-07,1051,2036,East,5,16.26,0.0
12167,2025-12-07,1002,2016,East,6,91.72,0.1
12241,2025-12-07,1026,2003,North,7,1552.48,0.15
12467,2025-12-07,1082,2028,West,5,594.23,0.1
10261,2025-12-08,1094,2026,West,2,275.57,0.05
10508,2025-12-08,1055,2006,South,1,75.88,0.0
10521,2025-12-08,1100,2022,West,1,787.52,0.0
10610,2025-12-08,1061,2011,East,7,373.84,0.15
11043,2025-12-08,1041,2044,West,9,7.57,0.0
11239,2025-12-08,1024,2015,South,6,901.59,0.0
11581,2025-12-08,1100,2027,North,6,157.32,0.1
11666,2025-12-08,1074,2025,East,4,1163.18,0.15
11767,2025-12-08,1071,2012,West,4,921.33,0.0
12086,2025-12-08,1054,2010,East,8,26.82,0.15
12278,2025-12-08,1073,2022,West,6,1020.57,0.05
12610,2025-12-08,1038,2016,West,4,82.64,0.0
10626,2025-12-09,1021,2039,South,7,4.91,0.0
10758,2025-12-09,1042,2006,South,4,31.2,0.0
11243,2025-12-09,1067,2029,East,7,584.32,0.05
12253,2025-12-09,1016,2022,East,8,744.82,0.0
12353,2025-12-09,1015,2034,South,6,35.75,0.05
12691,2025-12-09,1096,2029,South,5,316.29,0.0
10450,2025-12-10,1037,2008,West,1,57.18,0.0
11950,2025-12-10,1092,2002,East,7,1549.08,0.1
12755,2025-12-10,1055,2004,South,8,1607.84,0.1
10359,2025-12-11,1074,2035,South,3,39.08,0.0
10417,2025-12-11,1013,2013,South,4,989.18,0.1
10473,2025-12-11,1046,2008,North,3,45.02,0.0
10622,2025-12-11,1024,2019,North,7,214.49,0.1
10657,2025-12-11,1078,2028,West,2,598.11,0.1
11025,2025-12-11,1100,2028,West,2,105.26,0.0
11150,2025-12-11,1009,2013,South,1,1000.81,0.05
11398,2025-12-11,1002,2027,North,1,393.74,0.0
11600,2025-12-11,1063,2019,South,9,134.82,0.1
11790,2025-12-11,1056,2013,West,9,1106.09,0.0
12316,2025-12-11,1030,2023,West,5,897.98,0.0
10159,2025-12-12,1053,2011,West,7,1000.93,0.15
10203,2025-12-12,1059,2001,West,9,1064.46,0.0
10336,2025-12-12,1068,2024,East,7,1005.17,0.0
10704,2025-12-12,1001,2010,East,7,90.21,0.15
10794,2025-12-12,1073,2012,West,5,862.9,0.0
11124,2025-12-12,1056,2022,North,8,208.01,0.05
11811,2025-12-12,1087,2013,West,5,470.99,0.1
12447,2025-12-12,1039,2026,North,2,433.84,0.15
12600,2025-12-12,1036,2032,West,5,30.37,0.05
10924,2025-12-13,1063,2036,West,3,8.26,0.1
11780,2025-12-13,1044,2005,West,9,1388.52,0.05
12384,2025-12-13,1054,2021,East,7,535.87,0.0
12503,2025-12-13,1070,2026,East,6,366.4,0.0
12764,2025-12-13,1030,2030,North,3,359.8,0.15
10220,2025-12-14,1002,2030,East,3,319.95,0.1
10434,2025-12-14,1007,2013,South,1,317.82,0.05
10635,2025-12-14,1004,2027,West,9,569.94,0.0
11364,2025-12-14,1081,2003,East,7,1353.24,0.05
11509,2025-12-14,1081,2024,North,9,705.44,0.0
12400,2025-12-14,1016,2015,North,5,620.56,0.0
12490,2025-12-14,1081,2028,East,9,560.31,0.05
12526,2025-12-14,1053,2013,South,7,1090.81,0.0
12662,2025-12-14,1053,2001,West,3,1497.8,0.15
12684,2025-12-14,1100,2012,West,8,420.08,0.0
10216,2025-12-15,1043,2022,North,3,946.01,0.1
10222,2025-12-15,1099,2020,East,6,316.23,0.05
10258,2025-12-15,1029,2014,West,8,784.53,0.1
10284,2025-12-15,1085,2013,East,8,906.22,0.1
10652,2025-12-15,1024,2023,North,5,908.2,0.0
10895,2025-12-15,1066,2007,East,4,58.69,0.0
11212,2025-12-15,1092,2021,East,8,655.42,0.0
12293,2025-12-15,1023,2023,North,8,250.36,0.05
12352,2025-12-15,1039,2022,West,2,453.66,0.0
12495,2025-12-15,1064,2005,West,1,867.05,0.15
12509,2025-12-15,1034,2030,East,1,380.95,0.0
12700,2025-12-15,1075,2017,South,1,194.28,0.15
10109,2025-12-16,1042,2020,South,1,113.12,0.0
10228,2025-12-16,1002,2018,West,5,344.23,0.1
10264,2025-12-16,1075,2038,West,3,5.02,0.15
10429,2025-12-16,1008,2026,West,7,439.6,0.05
10653,2025-12-16,1086,2006,East,8,124.36,0.0
10665,2025-12-16,1058,2031,North,1,20.03,0.0
10820,2025-12-16,1094,2038,West,2,7.07,0.0
11208,2025-12-16,1019,2015,East,1,739.6,0.05
11285,2025-12-16,1094,2006,East,6,66.13,0.05
11734,2025-12-16,1071,2008,South,7,105.45,0.0
11746,2025-12-16,1058,2029,North,2,114.98,0.0
11840,2025-12-16,1096,2003,West,9,1577.25,0.1
12551,2025-12-16,1097,2003,West,1,1307.44,0.0
12631,2025-12-16,1100,2007,North,3,37.47,0.0
10189,2025-12-17,1039,2031,South,3,37.85,0.1
10333,2025-12-17,1029,2045,West,3,6.31,0.0
10939,2025-12-17,1095,2039,North,5,12.99,0.1
11187,2025-12-17,1050,2009,West,1,24.52,0.0
11393,2025-12-17,1067,2023,South,3,717.99,0.0
11489,2025-12-17,1013,2028,North,1,105.45,0.0
12246,2025-12-17,1026,2014,East,1,1116.77,0.0
12321,2025-12-17,1075,2032,South,6,22.75,0.15
12416,2025-12-17,1001,2040,North,1,9.29,0.0
12682,2025-12-17,1071,2027,East,1,180.76,0.0
10380,2025-12-18,1006,2020,West,5,441.95,0.15
10467,2025-12-18,1024,2011,West,7,423.7,0.1
10964,2025-12-18,1036,2044,North,7,10.89,0.0
11593,2025-12-18,1087,2025,South,5,1036.41,0.0
12261,2025-12-18,1065,2016,East,5,331.82,0.0
10146,2025-12-19,1018,2014,South,8,733.49,0.1
10840,2025-12-19,1077,2031,North,8,38.93,0.0
11117,2025-12-19,1077,2002,East,8,1609.4,0.05
11408,2025-12-19,1088,2002,West,4,1122.89,0.1
11781,2025-12-19,1067,2022,East,1,241.9,0.15
11853,2025-12-19,1046,2029,North,4,208.48,0.0
11856,2025-12-19,1089,2001,West,4,1541.2,0.0
12444,2025-12-19,1039,2002,East,2,1563.12,0.1
12522,2025-12-19,1040,2030,South,3,324.52,0.15
12580,2025-12-19,1087,2001,North,8,1970.45,0.05
12603,2025-12-19,1051,2013,North,4,507.22,0.0
10161,2025-12-20,1030,2014,South,2,840.74,0.05
10451,2025-12-20,1060,2026,North,3,317.09,0.0
10491,2025-12-20,1046,2027,West,9,533.07,0.0
10639,2025-12-20,1018,2004,East,5,1231.27,0.0
11144,2025-12-20,1012,2012,North,9,647.76,0.0
11148,2025-12-20,1042,2009,East,4,114.77,0.05
11204,2025-12-20,1016,2035,North,8,35.6,0.05
11959,2025-12-20,1050,2001,South,5,1326.42,0.0
12031,2025-12-20,1023,2010,South,3,99.83,0.0
12148,2025-12-20,1031,2025,South,2,828.51,0.05
12225,2025-12-20,1037,2013,South,3,479.64,0.1
12324,2025-12-20,1041,2009,North,2,48.35,0.0
12337,2025-12-20,1039,2028,West,8,163.24,0.05
12432,2025-12-20,1083,2002,North,8,980.16,0.05
10106,2025-12-21,1099,2014,North,9,723.74,0.05
10978,2025-12-21,1031,2038,South,3,4.67,0.0
11006,2025-12-21,1069,2045,North,7,8.11,0.1
10337,2025-12-22,1009,2001,North,7,1747.3,0.05
10540,2025-12-22,1034,2013,East,7,908.81,0.05
10706,2025-12-22,1058,2030,West,4,427.74,0.0
12126,2025-12-22,1002,2025,South,9,891.31,0.1
12219,2025-12-22,1092,2001,West,5,1119.31,0.1
12757,2025-12-22,1062,2017,North,4,241.14,0.0
10265,2025-12-23,1042,2041,East,9,7.65,0.1
10935,2025-12-23,1067,2033,East,6,8.04,0.1
11102,2025-12-23,1062,2024,South,2,708.83,0.05
11352,2025-12-23,1081,2011,West,5,1172.93,0.0
12168,2025-12-23,1014,2017,South,8,87.98,0.1
12399,2025-12-23,1055,2037,East,8,24.45,0.1
12469,2025-12-23,1058,2005,West,9,904.24,0.0
12721,2025-12-23,1065,2011,West,4,1037.89,0.0
12736,2025-12-23,1072,2036,East,7,24.16,0.05
10147,2025-12-24,1066,2030,East,2,216.86,0.05
10413,2025-12-24,1033,2016,North,7,245.01,0.15
10511,2025-12-24,1039,2007,North,2,125.07,0.0
11003,2025-12-24,1019,2021,North,8,687.32,0.0
11302,2025-12-24,1006,2024,South,7,739.0,0.15
11468,2025-12-24,1092,2004,East,5,1314.76,0.0
11534,2025-12-24,1100,2039,North,3,11.93,0.15
11947,2025-12-24,1061,2025,East,1,669.62,0.1
11968,2025-12-24,1097,2009,East,7,61.9,0.05
12052,2025-12-24,1043,2009,East,5,99.66,0.0
12231,2025-12-24,1093,2006,North,7,43.28,0.15
12394,2025-12-24,1077,2025,West,7,1152.48,0.05
12496,2025-12-24,1059,2017,West,8,253.68,0.0
12769,2025-12-24,1026,2005,West,9,1173.41,0.1
11457,2025-12-25,1011,2025,North,1,246.35,0.0
11983,2025-12-25,1060,2004,North,5,1266.35,0.0
12100,2025-12-25,1049,2005,South,5,1242.74,0.05
12174,2025-12-25,1037,2025,West,1,498.91,0.0
12370,2025-12-25,1084,2033,North,4,19.96,0.0
10141,2025-12-26,1055,2014,West,8,467.24,0.05
11588,2025-12-26,1062,2010,North,2,137.84,0.1
11870,2025-12-26,1020,2029,South,2,487.83,0.0
12016,2025-12-26,1053,2015,South,2,1034.74,0.1
12450,2025-12-26,1094,2020,West,8,488.77,0.0
12676,2025-12-26,1084,2007,South,7,123.47,0.15
10700,2025-12-27,1006,2037,East,4,7.49,0.15
11152,2025-12-27,1008,2030,North,1,267.49,0.0
11787,2025-12-27,1074,2036,South,4,3.23,0.1
12541,2025-12-27,1097,2024,West,7,651.44,0.1
12572,2025-12-27,1033,2022,East,8,293.07,0.15
12659,2025-12-27,1053,2027,West,1,416.7,0.05
10418,2025-12-28,1013,2010,East,2,92.64,0.1
11568,2025-12-28,1041,2016,North,8,457.29,0.1
11628,2025-12-28,1039,2021,South,9,774.37,0.05
12784,2025-12-28,1035,2020,East,7,102.61,0.0
11232,2025-12-29,1062,2013,North,1,474.5,0.0
12087,2025-12-29,1074,2012,South,4,518.89,0.0
12756,2025-12-29,1094,2031,North,5,6.77,0.0
10271,2025-12-30,1072,2017,East,6,325.15,0.0
10790,2025-12-30,1067,2045,East,9,8.8,0.05
10914,2025-12-30,1084,2022,West,5,335.95,0.05
11460,2025-12-30,1090,2006,South,2,78.34,0.05
10207,2025-12-31,1037,2015,West,4,376.19,0.1
10277,2025-12-31,1004,2012,East,5,866.08,0.0
10753,2025-12-31,1022,2010,North,8,102.08,0.0
10793,2025-12-31,1059,2037,East,4,20.84,0.0
11108,2025-12-31,1008,2043,West,2,4.76,0.0
11496,2025-12-31,1080,2001,East,4,1951.57,0.0
11570,2025-12-31,1020,2012,North,4,394.89,0.0
11710,2025-12-31,1016,2005,South,5,1030.34,0.0
12694,2025-12-31,1083,2001,South,2,1724.14,0.0
